Tipo de inmueble,Dirección,Precio,Habitaciones,m2
Piso,Calle Octavio Cuartero,350000,5,195
Piso,Medicina,206000,2,74
Chalet,Hermanos Falcó - Sepulcro Bolera,350000,4,131
Piso,Fátima,120000,4,125
Ático,Avenida Jose Prat,365000,3,170
Piso,Calle Rosario,260000,4,136
Chalet,Barrios periféricos - Pedanías,620000,4,137
Piso,El Pilar,120000,3,90
Piso,Franciscanos,130000,3,84
Piso,Franciscanos,118000,3,111
Piso,Los Llanos,185000,2,74
Piso,Paseo Circunvalación 74,140000,2,15
Piso,Calle Nuestra Señora de la Victoria,139000,1,43
Piso,Avenida de España 20,330000,4,210
Piso,Calle Batalla del Salado 9,233000,3,45
Piso,Medicina,169900,3,90
Piso,Fátima,197000,4,149
Chalet,Medicina,360000,4,30
Piso,Villacerrada - Centro,230000,5,184
Piso,Hospital,95000,3,111
Piso,Calle Tesifonte Gallego,255000,5,189
Piso,Franciscanos,165000,4,140
Piso,Calle Churruca,79000,2,65
Chalet,La Roda,110000,4,157
Piso,San Antonio Abad - Polígono San Antón,198000,2,69
Chalet,Avenida Castilla la Mancha 9,182000,5,189
Ático,Carretas - Huerta de Marzo,210000,4,2
Piso,Calle Mayor 45,398000,4,124
Piso,Calle Mayor 45,395000,4,127
Piso,Calle Mayor 45,394000,4,132
Ático,Calle Francisco Pizarro 27 - 29,175000,2,60
Piso,Calle Francisco Pizarro 27 - 29,196000,3,97
Piso,Calle Francisco Pizarro 27 - 29,172000,2,66
Piso,Franciscanos,175000,4,121
Piso,Franciscanos,98000,3,98
Piso,Parque sur,190000,3,50
Piso,San Antonio Abad - Polígono San Antón,210000,4,150
Duplex,Puerta de Valencia,300000,3,35
Piso,Calle Rosario,115000,3,95
Piso,Franciscanos,140000,4,152
Piso,La Roda,89500,3,108
Piso,Villacerrada - Centro,149000,3,98
Ático,La Roda,119000,3,82
Piso,La Roda,100000,3,17
Piso,Franciscanos,179000,4,149
Piso,Hospital,69000,2,68
Piso,Fátima,85000,3,80
Chalet,Cañicas - Canal de María Cristina ,340000,3,170
Piso,Cañicas - Canal de María Cristina ,220000,4,144
Piso,Villacerrada - Centro,225000,4,8
Piso,Calle Corredera,140000,4,156
Chalet,Calle de Barrax,199000,9,459
Piso,Calle Virgen de Loreto,70000,2,68
Chalet,Calle Hermanos Quintero,55000,3,60
Piso,Calle Antonio Machado,106900,3,83
Piso,Hermanos Falcó - Sepulcro Bolera,197000,2,10
Piso,La Pajarita,142000,3,70
Piso,Calle Doctor García Reyes 8,195000,3,114
Chalet,Riopar,125000,4,171
Piso,Franciscanos,199000,3,12
Piso,Calle el Ángel,28000,1,40
Chalet,Los Llanos,582000,6,680
Chalet,Chinchilla de Monte-Aragón,230000,4,32
Piso,Villacerrada - Centro,159000,4,125
Piso,Villarrobledo,99000,3,81
Ático,Fátima,225000,4,142
Piso,San Antonio Abad - Polígono San Antón,255000,4,155
Piso,SOCOVOS 2,89000,4,110
Chalet,Balazote,89000,3,165
Duplex,El Pilar,199000,2,67
Chalet,Calle E,180000,3,1.517
Casa Rural,Vía,560000,5,130
Piso,Avenida de Ilustración s/n,293000,3,90
Duplex,Avenida de Ilustración s/n,332000,4,141
Piso,Calle Larga,99000,2,62
Piso,Avenida de Ilustración s/n,288000,3,118
Piso,Carretera de Jaén,168000,3,87
Piso,Plaza Periodista Antonio Andújar,205000,3,115
Piso,Calle Calderón de la Barca,195000,2,70
Chalet,Urbanización pinares del jucar,1555000,8,321
Piso,Vereda de Jaén,185000,3,108
Ático,Calle Bolivia 13,200000,3,99
Ático,atardecer,149000,2,20
Piso,Calle Bolivia 13,190000,4,158
Piso,Calle Bolivia 13,180000,3,89
Casa Rural,Pozo Cañada,70000,3,105
Piso,Fátima,75000,3,88
Piso,Fátima,195000,4,98
Chalet,Hoya-Gonzalo,49900,3,101
Chalet,Plaza Caudillo 8,39900,4,259
Piso,Calle Fátima,106900,3,83
Piso,Calle Pedro Coca,119000,2,79
Chalet,Yeste s/n,10500000,21,9.847
Piso,Calle Rosario,220000,4,133
Piso,La Roda,69000,3,103
Piso,Calle Rosario,212000,4,133
Piso,La Roda,75000,3,82
Piso,La Roda,60000,4,144
Piso,Villacerrada - Centro,360000,3,110
Piso,Carretas - Huerta de Marzo,250000,4,114
Ático,Paseo Circunvalación,195000,1,69
Ático,Carretas - Huerta de Marzo,220000,3,118
Piso,Calle Martínez Villena,650000,4,125
Casa Rural,Calle Cuatro Vientos,55000,4,149
Piso,Calle París,260000,4,141
Chalet,Gardenia,535000,9,2600
Piso,concepcion 4,370000,3,116
Piso,Calle Industria 17,200000,3,111
Piso,San Antonio Abad - Polígono San Antón,108000,4,110
Chalet,Camino del Alto de los Chorlitos,265000,4,3.000
Piso,Carretas - Huerta de Marzo,350000,6,232
Piso,Carretas - Huerta de Marzo,395000,5,174
Piso,Industria,140000,2,84
Piso,Barrios periféricos - Pedanías,85000,3,90
Duplex,Carretas - Huerta de Marzo,364900,5,173
Chalet,Calle José Olivares,32500,4,127
Piso,Avenida de España,189000,4,145
Piso,La Pajarita,150000,3,94
Chalet,Calle LARGA 16,98000,3,105
Piso,Carretera de Jaén,145000,3,98
Chalet,Calle LARGA 16,98000,3,104
Piso,Carretera de Jaén,145000,3,98
Ático,Calle Maria de Zayas,292000,4,159
Piso,Calle Ramón Casas,74000,3,113
Piso,Calle Cid,195000,3,117
Piso,Feria,93000,4,95
Piso,San Pablo,169500,3,49
Piso,Villacerrada - Centro,260000,3,105
Piso,Feria,165000,5,130
Piso,El Pilar,247000,3,25
Piso,Carretas - Huerta de Marzo,265000,3,97
Piso,La Pajarita,142000,3,96
Piso,Franciscanos,147000,3,114
Piso,Carretas - Huerta de Marzo,190000,3,113
Chalet,Navas de Jorquera,85000,3,142
Piso,Villarrobledo,89000,3,98
Piso,Feria,205000,3,95
Piso,La Pajarita,142000,3,113
Chalet,Calle Cantón,300000,8,309
Casa Rural,Alatoz,45000,3,115
Piso,Avenida de España,228000,5,170
Piso,Calle la Roda,155000,3,90
Piso,Plaza Periodista Antonio Andújar,175000,3,88
Ático,Carretas - Huerta de Marzo,220000,3,58
Piso,Fátima,230000,3,109
Chalet,Medicina,360000,5,161
Piso,Franciscanos,125000,4,125
Piso,Fátima,168000,4,158
Piso,San Antonio Abad - Polígono San Antón,87000,4,133
Chalet,Barrios periféricos - Pedanías,200000,4,128
Piso,Industria,165000,4,129
Piso,Carretas - Huerta de Marzo,220000,4,135
Piso,Franciscanos,260000,4,35
Piso,Calle del Carmen,305000,3,118
Casa Rural,Hellín,70000,5,190
Casa Rural,Villalgordo del Jucar,975000,15,45
Chalet,Barrios periféricos - Pedanías,355000,4,3000
Piso,San Antonio Abad - Polígono San Antón,145000,3,30
Piso,Feria,225000,4,158
Piso,Villacerrada - Centro,295000,5,178
Piso,San Antonio Abad - Polígono San Antón,87000,4,149
Piso,Industria,325000,3,93
Piso,El Pilar,129000,2,70
Piso,Hospital,113000,4,139
Piso,Feria,225000,4,145
Piso,Fátima,168000,4,132
Piso,Villacerrada - Centro,290000,6,176
Casa Rural,Barrios periféricos - Pedanías,98000,2,308
Piso,Industria,165000,4,142
Piso,Paseo Príncipe Asturias,78800,3,109
Chalet,Barrios periféricos - Pedanías,180000,4,50
Piso,Calle Pablo Medina,170000,5,173
Piso,Calle San Juan de la Cruz,87500,3,109
Piso,Calle Doctor Ferrán,98000,3,103
Piso,Barrio San Pablo 3,120000,3,85
Chalet,Fátima,249000,4,155
Piso,La Roda,87000,4,126
Piso,La Roda,94000,3,90
Chalet,La Roda,85000,9,210
Piso,La Roda,79900,4,122
Piso,La Roda,65000,3,124
Chalet,La Roda,85000,3,113
Chalet,La Roda,85000,3,105
Chalet,La Roda,230000,5,70
Chalet,La Roda,69000,3,86
Piso,Villacerrada - Centro,182000,4,155
Piso,Franciscanos,249000,2,120
Piso,Fátima,125000,5,199
Piso,La Pajarita,142000,3,88
Chalet,Pedro Lamata - San Pedro Mortero,225000,5,172
Piso,Hospital,113000,4,7
Piso,Franciscanos,150000,4,144
Piso,Villacerrada - Centro,490000,5,160
Piso,Carretas - Huerta de Marzo,200000,3,84
Piso,Pedro Lamata - San Pedro Mortero,159000,2,75
Chalet,Barrios periféricos - Pedanías,280000,4,1000
Piso,Medicina,206000,2,50
Chalet,Barrios periféricos - Pedanías,215000,3,2200
Piso,El Pilar,118000,4,124
Piso,San Pablo,168000,4,154
Chalet,Barrios periféricos - Pedanías,280000,4,1000
Chalet,Barrios periféricos - Pedanías,215000,3,2200
Piso,El Pilar,118000,4,125
Ático,Cañicas - Canal de María Cristina ,292000,4,146
Piso,El Pilar,220000,4,137
Piso,Medicina,206000,2,50
Piso,Calle Arquitecto Vandelvira 25,149000,3,117
Chalet,Calle Mayor,120000,4,142
Casa Rural,Yeste,65000,4,154
Chalet,Plaza SANTA CATALINA 18,75000,5,176
Piso,Carretas - Huerta de Marzo,195000,3,101
Chalet,Casas de Juan Nuñez,114900,4,147
Chalet,Villalgordo del Jucar,360000,5,188
Piso,Barrios periféricos - Pedanías,120000,3,600
Chalet,La Roda,87000,2,30
Chalet,Calle Cm-3203 45,395000,6,1990
Piso,Chinchilla de Monte-Aragón,120000,3,113
Piso,Calle Doctor Collado Piña 33,295000,3,89
Piso,Calle de San Agustín 1,282000,3,154
Piso,Franciscanos,120000,4,120
Piso,VITORERO,35000,3,112
Piso,La Roda,105000,3,120
Piso,Calle Alcalde Conangla 3,183000,3,80
Chalet,La Roda,95000,6,235
Piso,Calle José Isbert 2,138000,4,142
Chalet,Vereda de Jaén 127,420000,4,220
Piso,Santa Teresa,130000,3,86
Chalet,Nerpio,149000,4,156
Ático,La Roda,115000,4,139
Piso,Industria,138000,3,87
Piso,Fátima,140000,3,92
Piso,Calle Villatoya 32,40500,3,88
Piso,Calle León XIII,45000,2,40
Piso,Fátima,105000,1,53
Piso,Hospital,190000,4,126
Piso,Calle Trovadores,240000,4,134
Piso,Calle Dionisio Guardiola,140000,3,102
Piso,San Juan de la Cruz 1,87500,3,98
Piso,Carretas - Huerta de Marzo,220000,3,114
Piso,Fátima,115000,3,114
Piso,Fátima,115000,3,85
Piso,Parque sur,95000,3,75
Piso,Carretas - Huerta de Marzo,220000,3,95
Chalet,Barrax,260000,3,400
Piso,El Pilar,85000,3,119
Chalet,ejidos 31,89000,4,126
Piso,Santa Teresa,190000,3,120
Piso,Hospital,190000,4,125
Piso,San Antonio Abad - Polígono San Antón,146000,3,90
Piso,Calle Lérida 11,198000,3,50
Ático,Feria,285000,3,72
Piso,La Roda,94000,3,100
Ático,La Roda,115000,4,131
Piso,Carretas - Huerta de Marzo,140000,4,128
Casa Rural,Hellín,45000,3,88
Chalet,La Roda,80000,3,95
Piso,Hospital,168000,2,79
Piso,San Antonio Abad - Polígono San Antón,135000,4,90
Piso,Franciscanos,195000,3,80
Piso,Carretas - Huerta de Marzo,220000,3,97
Piso,Hospital,185000,4,127
Piso,Los Llanos,185000,2,74
Ático,Pedro Lamata - San Pedro Mortero,155000,2,70
Piso,Carretas - Huerta de Marzo,160000,1,53
Piso,Pedro Lamata - San Pedro Mortero,109000,2,73
Piso,Franciscanos,125000,3,104
Piso,Franciscanos,170000,2,74
Piso,Carretas - Huerta de Marzo,160000,2,66
Piso,Franciscanos,120000,4,134
Piso,Plaza Miguel Ángel Blanco 11,155000,4,156
Piso,Fátima,130000,3,106
Piso,Calle Torero Manuel Jiménez Díaz Chicuelo II 8,330000,3,105
Piso,Parque sur,300000,4,134
Piso,Fátima,100000,4,160
Chalet,Cañicas - Canal de María Cristina ,320000,4,120
Piso,Hermanos Falcó - Sepulcro Bolera,195000,3,81
Chalet,Los Llanos,385000,5,185
Piso,Calle santiago rusiñol 59,198000,2,63
Chalet,La Roda,85000,4,40
Piso,Avenida de los Reyes Católicos,89000,3,84
Piso,Fátima,125000,5,185
Piso,Hermanos Falcó - Sepulcro Bolera,93000,3,98
Chalet,Urb Pinares del Júcar 8 Km,280000,4,10.000
Piso,Fátima,165000,4,12
Piso,Calle Octavio Cuartero 13,145000,3,150
Piso,Calle alcalde conangla 56,140000,3,107
Piso,Chinchilla de Monte-Aragón,25000,2,80
Piso,Hermanos Grimm 6,240000,3,94
Piso,Hermanos Falcó - Sepulcro Bolera,59900,3,80
Chalet,Carretera de Jaén 5,390000,7,277
Piso,La Roda,65000,3,93
Chalet,Camino de morata 13 c,350000,4,123
Piso,La Roda,49000,4,129
Piso,Calle Calderón de la Barca 38,190000,2,80
Chalet,La Roda,115000,4,123
Piso,Calle Pedro Orrente 6,90000,3,81
Chalet,Calle Santa Ana 30,300000,4,128
Piso,Carretas - Huerta de Marzo,169000,2,70
Ático,Medicina,399000,3,87
Chalet,San Pablo,99000,2,76
Piso,Franciscanos,120000,3,104
Piso,San Pablo,98000,3,15
Piso,Industria,120000,3,106
Piso,El Pilar,118000,4,153
Piso,Fátima,77000,3,85
Piso,Parque sur,230000,4,126
Piso,Feria,100000,4,142
Piso,Villacerrada - Centro,205000,3,101
Piso,Feria,150000,3,96
Piso,Medicina,168000,2,73
Piso,Fátima,120000,3,115
Casa Rural,Casas de Lazaro,90000,4,122
Chalet,Tarazona de la Mancha,40000,3,105
Piso,Feria,280000,4,136
Piso,Feria,165000,3,110
Piso,Feria,160000,4,136
Piso,La Pajarita,105000,3,91
Piso,Parque sur,185000,3,94
Piso,Franciscanos,150000,2,80
Piso,Feria,125000,4,135
Piso,Parque sur,185000,3,108
Piso,La Pajarita,105000,3,113
Piso,Los Llanos,250000,4,127
Ático,Calle Fernán Pérez de Oliva 31,214000,3,16
Piso,Calle Cáceres 2,110000,4,128
Chalet,Urbanización Riachuelos II 70,225000,3,170
Piso,Carretas - Huerta de Marzo,220000,3,104
Piso,Feria,170000,4,156
Chalet,Calle las Matemáticas 28,399000,4,146
Piso,Villacerrada - Centro,200000,5,197
Piso,Los Llanos,205000,3,88
Piso,Carretas - Huerta de Marzo,169000,2,67
Casa Rural,San isidro 1,15000,0,29
Piso,Carretera de Jaén 84 PISOS 4º A Y B,300000,6,190
Piso,Calle Orégano 31,176000,3,108
Piso,Avenida de España 10,295000,4,133
Piso,Calle Batalla del Salado 9,390000,3,80
Piso,Calle Fátima 14,140000,5,181
Piso,Calle Virgen de Cortes 4,144000,2,74
Chalet,Riachuelos I 30,200000,3,85
Piso,Calle Seminario 7,55000,2,74
Ático,Calle Nueva 28,364000,4,123
Piso,Calle García Mas 13,99000,3,90
Piso,Villarrobledo,41100,2,66
Piso,Hospital perpetuo 17,53000,2,63
Piso,La Pajarita,180000,2,79
Chalet,Industria,550000,4,147
Piso,Hospital,39000,2,60
Piso,Parque sur,235000,3,83
Piso,Calle Tesifonte Gallego 25,370000,5,231
Piso,Calle Baños,165000,5,12
Piso,Calle Santiago Rusiñol 1,140000,1,77
Piso,Calle Octavio Cuartero,155000,3,112
Piso,Calle Baños,220000,5,153
Piso,Parque sur,435000,5,187
Piso,Calle Doctor Fleming 35,182000,4,190
Piso,Calle Octavio Cuartero,158000,4,130
Piso,Feria,115000,4,130
Piso,Fátima,230000,3,109
Piso,San Antonio Abad - Polígono San Antón,269000,4,103
Piso,Plaza Periodista Antonio Andújar,210000,3,101
Duplex,Carretas - Huerta de Marzo,247000,5,183
Piso,Avenida de España,270000,4,181
Ático,Carretas - Huerta de Marzo,275000,5,194
Piso,Calle Mayor,305000,4,155
Casa Rural,Pozuelo,130000,5,431
Casa Rural,Villarrobledo,300000,4,144
Piso,Villacerrada - Centro,175000,3,120
Piso,Industria,315000,3,89
Piso,Franciscanos,157000,3,98
Piso,Calle Cruz,235000,3,140
Piso,San Pablo,143000,4,156
Piso,San Antonio Abad - Polígono San Antón,250000,4,153
Piso,Calle Carmen Ibáñez 3,146000,3,109
Piso,Villacerrada - Centro,299000,3,115
Duplex,La Pajarita,230000,2,100
Chalet,Medicina,350000,4,170
Chalet,Cañicas - Canal de María Cristina ,365000,5,191
Piso,Carretas - Huerta de Marzo,135000,3,113
Piso,Calle la Roda,130000,4,128
Piso,Carretas - Huerta de Marzo,220000,4,134
Chalet,Calle el Dean Martínez,200000,5,753
Piso,Pasaje de la Posada,275000,3,115
Piso,Franciscanos,320000,4,139
Piso,Calle Caldereros 8,165000,2,84
Piso,Calle Cura,298000,5,170
Piso,San Pablo,168000,4,115
Piso,Hospital,310000,3,84
Piso,Villacerrada - Centro,205000,3,92
Piso,Carretas - Huerta de Marzo,175000,3,6
Chalet,La Roda,85000,4,137
Piso,La Roda,195000,3,105
Chalet,Franciscanos,698000,4,16
Piso,Industria,198000,4,60
Chalet,Hermanos Falcó - Sepulcro Bolera,950000,5,178
Ático,Calle Mayor 45,424000,4,98
Piso,Parque sur,190000,3,100
Piso,Hospital,219000,4,148
Piso,Calle Marqués de Villores,175000,4,137
Ático,Carretas - Huerta de Marzo,220000,3,85
Ático,Calle Francisco Pizarro 27 - 29,179000,2,62
Piso,Calle Francisco Pizarro 27 - 29,220000,3,100
Piso,Calle Arcángel San Gabriel,310000,4,147
Ático,Calle Pérez Galdós,250000,1,54
Piso,Los Llanos,220000,2,67
Piso,Cañicas - Canal de María Cristina ,275000,3,97
Chalet,Pasaje Acacias,319000,4,150
Piso,Avenida Juan Carlos I,99900,3,131
Piso,Carretera de Jaén,147000,2,72
Piso,Calle de las Eras,109000,3,90
Piso,Calle Santa Bárbara,120000,3,96
Piso,Calle Joaquín Quijada,125000,5,165
Piso,Plaza la Mancha,175000,3,87
Piso,Calle la Zafra,77000,3,90
Piso,Villacerrada - Centro,380000,4,151
Piso,Hermanos Falcó - Sepulcro Bolera,167000,2,71
Piso,El Pilar,195000,4,149
Ático,Pio Baroja,142420,3,102
Piso,Avenida Poeta Mariano Tomás,75000,3,114
Chalet,Calle Miguel Hernández,240000,5,600
Piso,Caudete,126000,4,128
Piso,Cañicas - Canal de María Cristina ,230000,3,104
Piso,Calle Doctor Ferrán,130000,3,117
Duplex,La Roda,135000,3,100
Chalet,Franciscanos,125000,3,100
Piso,Avenida Valencia,51000,3,93
Chalet,Los Llanos,389000,5,174
Ático,Villacerrada - Centro,365000,5,33
Chalet,Cañicas - Canal de María Cristina ,990000,6,209
Piso,San Antonio Abad - Polígono San Antón,180000,2,65
Piso,Parque sur,180000,2,70
Piso,Barrios periféricos - Pedanías,130000,3,88
Chalet,Calle Empedrada 1,300000,6,204
Chalet,Mendizabal,118000,5,169
Chalet,Calle las Viñas 1,199000,6,220
Piso,La Roda,80000,3,120
Chalet,La Gineta,280000,4,25.00
Piso,Calle Cornejo 100,190000,3,88
Chalet,Avenida de la Mancha 18,69000,4,150
Duplex,San Pablo,162000,2,87
Piso,Calle García Lorca,63000,3,90
Piso,Calle Octavio Cuartero,158000,4,138
Piso,La Pajarita,139000,3,108
Piso,La Roda,87000,3,101
Piso,Vereda de Jaén,129000,3,107
Piso,Caudete,67900,4,90
Chalet,Franciscanos,165000,3,85
Piso,La Pajarita,105000,2,64
Chalet,Villacerrada - Centro,175000,3,1500
Piso,Industria,169000,2,65
Casa Rural,Camino de la Columna,350000,4,54000
Piso,Plaza Luis Buñuel,39000,4,158
Piso,Calle Miguel Hernández,59900,4,90
Chalet,Calle Gabriel Piqueras s/n,150000,4,160
Piso,La Pajarita,142000,3,75
Piso,Calle Cornejo,210000,3,110
Piso,Parque sur,225000,3,103
Chalet,Calle Blancanieves,375000,4,152
Piso,Carretas - Huerta de Marzo,195000,3,87
Piso,urbanizacion LOS PRADOS,280000,4,202
Chalet,Tobarra,149000,4,188
Piso,El Pilar,120000,2,66
Chalet,Vereda de Jaén,335000,7,2750
Piso,Calle Ávila,210000,4,100
Piso,Calle Pintor Zuloaga,210000,4,135
Chalet,La Roda,73000,3,119
Chalet,La Roda,165000,5,174
Piso,Avenida Ramón Menéndez Pidal,180000,4,153
Piso,Calle Torres Quevedo,210000,3,48
Piso,Calle Municipio de Molinicos,230000,3,88
Piso,Calle Carcelén,190000,1,60
Piso,Calle San Sebastián,190000,2,110
Piso,Calle Tejares,330000,2,79
Piso,Avenida Ramón y Cajal,195000,4,140
Piso,Calle Virgen de los desamparados,115000,4,123
Piso,Aparicio,48600,4,122
Piso,Fátima,285000,3,108
Chalet,Villarrobledo,30000,4,135
Piso,Pontevedra,110000,3,112
Piso,Calle Jose Estrañi 20,230000,3,110
Piso,Franciscanos,145000,2,60
Chalet,Higueruela,42500,5,187
Chalet,Calle cruz,125000,5,174
Chalet,Bonete,49000,5,217
Piso,Feria,158000,4,150
Piso,Cañicas - Canal de María Cristina ,230000,3,104
Piso,Hospital,365000,3,190
Casa Rural,Chinchilla de Monte-Aragón,2700000,3,2000
Chalet,Higueruela,32500,6,225
Piso,Montealegre del Castillo,50000,4,140
Chalet,Calle Virrey Morcillo 59,40000,6,215
Duplex,Almansa,370000,5,40
Piso,Madrigueras,120000,3,114
Chalet,La Roda,60000,3,190
Chalet,Calle José Ramón Díez de Revenga,114500,4,190
Piso,Feria,207000,3,115
Piso,Calle Baños,99900,4,88
Piso,Industria,175000,2,11
Piso,Carretas - Huerta de Marzo,370000,4,155
Piso,Calle el Cura,285000,5,171
Chalet,Calle Don Pascual 8,90000,4,131
Chalet,Hellín,452000,5,700
Piso,Calle Joaquín Quijada,120000,3,115
Piso,La Roda,100000,3,55
Piso,Pedro Lamata - San Pedro Mortero,130000,3,87
Chalet,Corral-Rubio,70000,2,75
Chalet,Hellín,260000,7,300
Chalet,Corral-Rubio,70000,5,330
Casa Rural,Caudete,188000,7,288
Piso,Calle Francisco Pizarro,130000,5,170
Piso,Calle Cristóbal Pérez Pastor,110000,3,90
Chalet,Avenida Rosalind Franklin,340000,6,245
Chalet,Calle Cervantes 4,58700,4,152
Piso,Calle Padre Romano,120000,3,103
Piso,Travesía Ramón y Cajal,34000,3,88
Piso,Calle Iris 23,107000,3,108
Piso,Pasaje Hermandad,129000,2,72
Piso,Calle Goleta,70000,4,148
Chalet,CM-3201,36000,3,80
Piso,Calle Manzanos,159000,2,73
Chalet,CM-3201,36000,3,120
Chalet,Calle de La Habana,389000,6,229
Piso,Calle Manzanos,159000,2,64
Chalet,Calle Cartagena,23000,2,74
Piso,Calle Herradores,215000,3,120
Piso,Calle Higuericas,49000,4,151
Piso,Calle Jesús Nazareno,169000,2,75
Piso,Calle Buenavista 13,55000,3,101
Piso,Calle Hellín 23,295000,6,5
Piso,El Pilar,125000,2,62
Piso,Calle Alcalde Conangla,156000,3,81
Ático,Calle Jose Estrañi 20,255000,3,150
Piso,La Pajarita,136000,4,109
Piso,Calle Jose Estrañi 20,210000,3,113
Piso,Calle Jose Estrañi 20,185000,3,85
Piso,Carretas - Huerta de Marzo,280000,3,85
Piso,Calle Nuestra Señora de Cubas,46000,3,93
Piso,Industria,155000,3,97
Piso,Carretas - Huerta de Marzo,215000,2,63
Piso,Calle Octavio Cuartero,350000,3,114
Piso,Calle Poniente,123000,3,98
Chalet,Carretera de Jaén,390000,7,130
Piso,Calle Reus,115000,3,103
Piso,Calle de Muñoz Seca,199000,5,120
Chalet,Mingobazo,595000,4,1.020
Chalet,Calle Manzanos,180700,4,120
Piso,Calle Ríos Rosas,125000,4,123
Piso,Paseo DE LA CIRCUNVALACION,135000,3,100
Piso,Calle Caldereros,220000,3,95
Duplex,Calle León,230000,2,67
Piso,Franciscanos,140000,4,115
Casa Rural,Almansa,32000,1,11.000
Piso,Calle Trovadores,240000,4,134
Piso,Calle Sancho Panza,315000,3,111
Casa Rural,Calle de San Miguel,70000,7,294
Chalet,Higueruela,49500,3,113
Piso,Calle Juan Pablo II,100000,3,35
Piso,Medicina,169000,2,13.00
Chalet,Bonete,14500,2,109
Piso,Avenida Isabel la Católica 1,310000,5,177
Chalet,Calle Tercia 65,125000,4,70
Piso,Montealegre del Castillo,50000,2,59
Piso,Avenida Ayora s/n,109000,3,94
Piso,Calle Juan Pablo II,100000,3,35
Chalet,Higueruela,49500,3,103
Chalet,Bonete,14500,2,109
Piso,Nuestra señora de la victoria 5,142000,3,114
Chalet,Mahora,77000,7,400
Chalet,Barrios periféricos - Pedanías,425000,4,159
Piso,Feria,108000,3,110
Piso,Franciscanos,132000,3,113
Piso,Calle León,199000,4,120
Chalet,La Gineta,167500,3,103
Casa Rural,Robledo,118000,4,120
Chalet,Villarrobledo,135000,4,134
Piso,Villacerrada - Centro,280000,4,120
Casa Rural,Munera,110000,4,128
Piso,Almansa,38000,3,84
Chalet,Tobarra,65000,4,156
Piso,Parque sur,160000,3,102
Piso,Santa Teresa,335000,4,220
Chalet,Santa Teresa,340000,5,188
Piso,Franciscanos,224000,4,125
Piso,Villacerrada - Centro,99500,4,25
Chalet,Madrigueras,180000,4,125
Piso,Calle Teodoro Camino,290000,5,181
Piso,Santa Teresa,225000,3,96
Piso,Santa Teresa,185000,3,108
Chalet,urbanizacion la esperanza s/n,86000,2,67
Chalet,Calle la Huerta,149000,4,247
Piso,Calle Tinte 10,370000,3,122
Piso,lozano,160000,3,118
Piso,Caudete,75000,3,109
Piso,Avenida de Ilustración s/n,298000,3,87
Piso,Avenida de Ilustración s/n,303000,3,87
Piso,Hellín,96000,4,120
Piso,Hellín,157260,3,108
Chalet,Avenida Rosalind Franklin,625000,4,126
Chalet,Calle Juan Ramón Jiménez s/n,74500,3,87
Casa Rural,Hellín,115000,2,79
Piso,Calle Lope de Vega,75000,3,88
Piso,Franciscanos,165000,3,116
Chalet,Puerta de la Villa 32,48400,4,134
Piso,Calle de la Caba,315000,5,150
Piso,Avenida de España,189000,4,129
Piso,Yeste,89000,7,280
Chalet,Elche de la Sierra,340000,3,670
Ático,Calle Santa Quiteria 6,246000,2,80
Piso,Calle Santa Quiteria 6,301000,3,119
Chalet,Hellín,368000,9,400
Piso,Avenida de la Mancha,250000,4,110
Chalet,Calle Diseminados 261,43000,1,00
Chalet,Calle Cantarranas 33,49500,3,20
Chalet,Santa Teresa,350000,4,152
Piso,Carretas - Huerta de Marzo,220000,3,89
Piso,Pozohondo,100000,4,135
Chalet,Barrios periféricos - Pedanías,410000,5,250
Piso,Fátima,125000,3,115
Casa Rural,Paraje de las Tablas 13,89000,7,362
Piso,Los Llanos,223000,3,97
Piso,Calle de la Carrasca 21,166000,4,120
Casa Rural,Masegoso,59000,6,200
Casa Rural,Montealegre del Castillo,150000,5,300
Piso,Carretas - Huerta de Marzo,150000,3,28
Piso,Carretas - Huerta de Marzo,158000,3,94
Piso,Calle Arquitecto Julio Carrilero 47,161000,1,46
Chalet,Calle Diseminados 1543,160000,6,1717
Duplex,Villacerrada - Centro,500000,5,15
Piso,Feria,160000,4,130
Chalet,Los catalmerejos s/n,44000,2,67
Piso,Franciscanos,155000,4,128
Piso,Fátima,155000,4,152
Piso,Los Llanos,250000,4,160
Chalet,pinares del jucar 2,630000,5,166
Piso,Fátima,230000,3,93
Piso,Carretas - Huerta de Marzo,267000,4,160
Piso,San Antonio Abad - Polígono San Antón,148000,4,125
Piso,Medicina,340000,4,69
Chalet,Calle Juan Collado 33,43000,3,85
Chalet,Calle Diseminados 1691,79000,5,145
Duplex,Villacerrada - Centro,500000,5,15
Piso,Fátima,155000,4,141
Piso,San Antonio Abad - Polígono San Antón,148000,4,139
Piso,Carretas - Huerta de Marzo,267000,4,159
Piso,Medicina,340000,4,69
Piso,Franciscanos,350000,4,154
Chalet,Cañicas - Canal de María Cristina ,335000,3,115
Chalet,Calle Collado Tercera,46000,2,100
Piso,Franciscanos,155000,4,158
Piso,Fátima,230000,3,117
Piso,Calle Infanta Elena 2,69000,2,93
Chalet,Calle Río,36000,1,51
Ático,Calle Calatrava,190000,2,30
Piso,San Antonio Abad - Polígono San Antón,212500,3,119
Ático,Calle Sancho Panza,270000,2,48
Chalet,Pozo Cañada,139500,3,15
Piso,RAMON Y CAJAL,170000,4,124
Piso,Calle San Cristóbal,44417,3,95
Ático,corredera,165000,3,50
Chalet,La Roda,145000,8,262
Chalet,La Roda,105000,3,89
Piso,Calle Collado Piña 100,227000,3,114
Piso,Calle Collado Piña 100,212000,3,81
Chalet,Calle la Mancha,135000,3,52
Piso,Avenida JOSE PRAT,176000,2,89
Piso,Calle Collado Piña 100,205000,3,117
Piso,La Roda,99900,3,89
Piso,Calle Collado Piña 100,197000,3,101
Ático,Calle Collado Piña 100,227000,3,119
Piso,La Roda,129000,4,157
Chalet,Vereda de Santa Ana,153000,3,3475
Piso,Calle Collado Piña 100,212000,3,82
Piso,Calle Pedro Coca,165000,2,70
Chalet,La Roda,198000,3,99
Piso,Paseo Pedro Simón Abril,195000,4,139
Piso,Feria,200000,4,148
Chalet,Cucharro 1,90000,4,486
Piso,La Roda,55000,4,149
Ático,Calle calle Francisco Gaspar Huelves c/v calle zumaque c/v calle Orégano s/n,410000,4,50
Piso,La Roda,63000,5,199
Piso,La Roda,115000,3,25
Piso,Calle calle Francisco Gaspar Huelves c/v calle zumaque c/v calle Orégano s/n,258000,4,50
Piso,Villacerrada - Centro,225000,4,148
Piso,La Roda,138000,4,132
Chalet,Fuensanta,59000,4,136
Piso,Villacerrada - Centro,260000,3,98
Chalet,Calle Patronato Francisco Franco 25,50000,4,194
Piso,La Roda,93000,3,96
Piso,Calle calle Francisco Gaspar Huelves c/v calle zumaque c/v calle Orégano s/n,295000,4,50
Chalet,La Roda,198000,6,209
Chalet,La Roda,60000,3,70
Piso,Calle calle Francisco Gaspar Huelves c/v calle zumaque c/v calle Orégano s/n,318000,5,50
Piso,Calle calle Francisco Gaspar Huelves c/v calle zumaque c/v calle Orégano s/n,253000,4,50
Chalet,La Roda,200000,3,118
Piso,La Roda,65000,3,104
Chalet,La Roda,63000,3,235
Piso,La Roda,80000,4,146
Chalet,Minaya,90000,3,238
Piso,La Roda,79500,2,67
Chalet,Calle B el Sondeo,143000,4,129
Piso,Calle Martínez Ibáñez,185000,2,72
Chalet,Pedro Lamata - San Pedro Mortero,230000,4,120
Chalet,La Roda,170000,6,500
Piso,Calle calle Francisco Gaspar Huelves c/v calle zumaque c/v calle Orégano s/n,328000,5,50
Chalet,La Roda,210000,5,170
Piso,Los Llanos,250000,4,4
Chalet,Minaya,83000,6,35
Chalet,La Roda,72000,3,89
Piso,La Roda,70000,4,147
Ático,Calle calle Francisco Gaspar Huelves c/v calle zumaque c/v calle Orégano s/n,355000,4,50
Chalet,La Roda,160000,4,158
Piso,La Roda,70000,4,131
Piso,Villacerrada - Centro,210000,3,105
Chalet,La Roda,110000,5,398
Casa Rural,Calle SAN PEDRO 28,36500,5,156
Piso,La Roda,65000,4,147
Chalet,La Roda,220000,3,86
Chalet,Barrax,69000,3,119
Chalet,La Roda,45000,3,114
Chalet,La Roda,220000,6,228
Chalet,La Roda,210000,5,175
Piso,Los Llanos,250000,4,4
Piso,La Roda,75000,3,111
Chalet,La Roda,63000,3,235
Chalet,La Roda,120000,3,100
Piso,Calle calle Francisco Gaspar Huelves c/v calle zumaque c/v calle Orégano s/n,282000,4,50
Piso,La Roda,70000,4,135
Piso,La Roda,93000,3,104
Chalet,La Roda,85000,3,214
Piso,Calle calle Francisco Gaspar Huelves c/v calle zumaque c/v calle Orégano s/n,263000,4,50
Piso,Calle calle Francisco Gaspar Huelves c/v calle zumaque c/v calle Orégano s/n,328000,5,50
Chalet,La Roda,72000,3,94
Chalet,La Roda,385000,5,15
Piso,San Pablo,152000,3,87
Piso,Feria,200000,4,140
Piso,Industria,165000,4,140
Piso,Calle San Agustín,42000,3,98
Piso,Almansa,65000,3,110
Piso,Franciscanos,199000,3,96
Piso,Franciscanos,220000,4,142
Piso,Villacerrada - Centro,470000,4,129
Chalet,Peñas de San Pedro,85000,5,191
Piso,Almansa,70000,4,142
Piso,Carretas - Huerta de Marzo,260000,3,125
Piso,Calle General Dávila,34000,3,117
Piso,Villacerrada - Centro,295000,5,175
Chalet,Barrios periféricos - Pedanías,360000,4,160
Piso,Calle Yeste,180000,2,67
Piso,Santa Teresa,185000,3,90
Piso,Parque sur,385000,5,215
Piso,Fátima,220000,3,110
Chalet,Carretera Vllahermosa 16,52500,2,105
Piso,San Antonio Abad - Polígono San Antón,146000,4,150
Chalet,Plaza Bachiller Carrasco 14,55000,1,81
Piso,Franciscanos,280000,3,80
Chalet,Avenida de Menéndez Pelayo,105000,3,107
Piso,La Roda,138000,4,128
Piso,Franciscanos,125000,4,120
Piso,San Antonio Abad - Polígono San Antón,212500,3,14
Piso,Parque sur,365000,5,193
Chalet,San Juan De Dios,112000,3,15
Piso,Hospital,198400,4,134
Piso,San Antonio Abad - Polígono San Antón,212500,3,14
Piso,Parque sur,210000,4,127
Chalet,Calle Casares 1 -2,42000,2,60
Piso,Franciscanos,220000,4,132
Piso,Fátima,140000,3,94
Piso,Hospital,370000,5,250
Ático,Pasaje Firmas,220000,3,74
Piso,La Pajarita,235000,4,150
Chalet,Calle Guatemala,330000,5,185
Piso,Calle Orense,118000,3,90
Piso,Villacerrada - Centro,175000,4,151
Piso,La Pajarita,150000,3,103
Piso,Parque sur,365000,5,193
Piso,San Antonio Abad - Polígono San Antón,345000,4,105
Piso,Calle Pino,148000,3,87
Chalet,cervantes,165000,3,102
Piso,Carretas - Huerta de Marzo,175000,4,128
Chalet,Calle Alta Iglesia 9,65000,4,173
Piso,Fátima,250000,3,108
Piso,Fátima,275000,3,107
Piso,Calle Agustina de Aragón,66000,4,146
Piso,Calle Pino,138000,2,75
Chalet,Mahora,114000,3,119
Chalet,Calle los Altos,43000,3,108
Duplex,ALMERIA,240000,5,160
Chalet,Barrios periféricos - Pedanías,195000,4,295.00
Piso,Industria,323000,3,130
Ático,Fátima,299000,3,106
Piso,Calle Carlos III,92000,2,71
Piso,Calle José Isbert,158000,3,112
Chalet,Calle HORNO s/n,130000,4,154
Piso,BLASCO IBAÑEZ,169000,4,147
Chalet,Calle San José,60420,4,146
Chalet,urbanización las perdices,165000,3,1000
Piso,Fátima,250000,3,87
Chalet,AB-823,280000,5,10.000
Piso,Calle Luis Rosales,120000,4,90
Piso,Villacerrada - Centro,155000,4,127
Piso,Calle Fernán Pérez de Oliva,115000,1,58
Ático,Fátima,299000,3,92
Piso,Calle Carlos III,92000,2,61
Piso,Parque sur,385000,5,182
Estudio,Calle Caldereros,135000,0,41
Chalet,Mahora,114000,3,117
Chalet,Calle San José,60420,4,125
Piso,Villacerrada - Centro,155000,4,155
Ático,Carretas - Huerta de Marzo,270000,3,102
Piso,Calle Buen Suceso,48800,4,112.0
Chalet,Calle Maestro Francisco Serrano 30,60000,5,220
Casa Rural,Plaza la Amistad 1,215000,5,162
Piso,Calle Antonio Gotor 2,259000,4,140
Chalet,Calle Don Quijote de la Mancha,66000,4,142
Casa Rural,Plaza VIRGEN DE LAS NIEVES,85000,4,143
Casa Rural,Calle los Giles 2,107000,3,350
Chalet,Vereda de Jaén 75,350000,5,2750
Chalet,Calle Maestro Moisés Davia 32,239000,4,123
Chalet,Calle Hilanderas 11,350000,3,90
Chalet,Calle Molineta,13500,1,245
Ático,Calle Agustina de Aragón 1,208000,2,77
Piso,Avenida Ayora s/n,114000,3,93
Piso,Calle Baños 24,215000,5,145
Casa Rural,SANTA CRUZ,100000,4,152
Chalet,Calle BATÁN 32,20000,7,283
Piso,Fuentealbilla,140000,4,146
Chalet,Calle Nueva,45000,4,186
Piso,Avenida de los Reyes Católicos 29,67000,3,98
Casa Rural,Calle Hoyo del Moro 29,125000,3,137
Chalet,Calle MAYOR 13,57000,3,84
Duplex,Calle León 18,230000,2,69
Piso,Calle de la Caba 3,307000,5,180
Casa Rural,Estación de Agramon 3,20000,6,218
Chalet,Calle Cristóbal Pérez Pastor 48,314000,5,290
Chalet,Santa Teresa,340000,4,144
Piso,Calle Circunvalación,149000,2,72
Duplex,La Pajarita,230000,2,69
Piso,La Roda,58000,2,61
Chalet,Ossa de Montiel,299000,3,599
Chalet,Franciscanos,600000,4,50
Piso,Villarrobledo,116000,3,88
Chalet,Carretera de Jaén 10,175000,3,1500
Chalet,Calle Mayor 49,145000,3,113
Piso,Calle Matrona Luisa Rosado,165000,2,66
Ático,Calle la Zafra,86900,2,86
Chalet,Franciscanos,600000,4,50
Piso,Carretas - Huerta de Marzo,180000,3,12
Piso,Calle Arcángel San Gabriel,195000,4,160
Piso,La Pajarita,200000,4,140
Chalet,Avenida Menéndez Pelayo 23,105000,3,184
Chalet,La Gineta,150000,5,184
Piso,La Roda,58000,2,72
Piso,Franciscanos,110000,4,154
Casa Rural,Balsa de Ves,103000,4,360
Chalet,Barrios periféricos - Pedanías,275000,5,480
Piso,Franciscanos,195000,3,133
Piso,Industria,220000,4,102
Chalet,Hellín,86300,6,226
Piso,Franciscanos,95000,4,125
Piso,Fátima,125000,4,122
Chalet,Motilleja,150000,3,337
Piso,Carretas - Huerta de Marzo,215000,3,113
Piso,San Antonio Abad - Polígono San Antón,130000,4,94
Piso,Peñas de San Pedro,65000,4,150
Chalet,San Pedro,149000,4,80
Chalet,Mahora,125000,4,140
Chalet,Los Llanos,880000,9,10000
Piso,Fátima,169000,4,123
Piso,Carretas - Huerta de Marzo,309000,3,107
Ático,Carretas - Huerta de Marzo,275000,4,35
Chalet,Barrios periféricos - Pedanías,410000,8,325
Piso,Fátima,168000,4,132
Piso,Franciscanos,280000,3,109
Piso,Chinchilla de Monte-Aragón,90000,3,86
Piso,Feria,175000,3,90
Piso,Hospital,140000,3,96
Piso,Feria,199500,2,68
Chalet,Medicina,460000,4,259
Piso,Franciscanos,125000,4,131
Chalet,Barrios periféricos - Pedanías,155000,5,160
Chalet,Chinchilla de Monte-Aragón,235000,4,121
Piso,Fátima,168000,4,142
Piso,Franciscanos,125000,4,158
Piso,Franciscanos,120000,4,159
Chalet,Mahora,125000,4,142
Piso,Hermanos Falcó - Sepulcro Bolera,185000,2,69
Piso,San Pablo,140000,3,146
Chalet,Higueruela,107500,5,95
Casa Rural,Alborea,270000,4,420.000
Piso,Caudete,37300,4,114.0
Piso,Peñas de San Pedro,65000,4,150
Chalet,San Pedro,149000,4,80
Piso,Hospital,183000,5,173
Piso,Calle Pedro Coca,118000,3,118
Piso,Feria,179000,2,82
Chalet,La Gineta,135000,3,40
Piso,San Pablo,165000,3,97
Piso,La Gineta,130000,3,35
Piso,Fátima,169000,4,133
Ático,Carretas - Huerta de Marzo,244000,3,26
Chalet,Riopar,330000,5,50
Piso,San Antonio Abad - Polígono San Antón,130000,4,94
Piso,Fátima,125000,4,148
Piso,Franciscanos,280000,3,104
Chalet,Medicina,460000,4,259
Piso,Feria,315000,4,90
Chalet,Pedro Lamata - San Pedro Mortero,285000,4,122
Chalet,Barrios periféricos - Pedanías,140000,3,126
Casa Rural,Minaya,155000,4,570
Piso,Parque sur,385000,5,234
Piso,Industria,190000,3,83
Chalet,Hellín,285000,5,193
Piso,Calle angel,148000,3,99
Piso,Carretas - Huerta de Marzo,190000,3,119
Piso,San Pablo,175000,4,139
Piso,San Antonio Abad - Polígono San Antón,270000,4,149
Chalet,Carretera de Villarrobledo,100000,5,135
Piso,Fátima,175000,3,111
Piso,El Pilar,140000,4,156
Piso,Calle Estación,107000,4,135
Piso,Fátima,175000,3,88
Piso,Calle Hellín,69000,3,88
Chalet,Carretera de Villarrobledo,100000,5,135
Chalet,Calle CALVARIO 40,150000,4,142
Chalet,Plaza Carretas 31,95000,3,101
Piso,Hellín,120000,3,95
Ático,Calle Federico García Lorca,170000,3,98
Chalet,Cañicas - Canal de María Cristina ,375000,5,178
Ático,Calle Hernando de Perona,190000,4,159
Chalet,Carretera DE ALBACETE 57,125000,4,159
Piso,CONCEPCION 3,90000,3,111
Piso,Plaza del Altozano s/n,800000,6,212
Chalet,San Pablo,180000,6,222
Chalet,FUENTE 16,281000,5,114
Piso,Calle Doctor García Reyes,230000,3,118
Piso,Paseo Estación,69000,4,90
Chalet,Calle Ana Karenina,340000,4,123
Chalet,Calle Cavero,69000,4,151
Chalet,Cañicas - Canal de María Cristina ,380000,4,240
Chalet,Calle Hoyo del Moro s/n,48000,4,150
Chalet,TEVAR 46,100000,3,137
Piso,Avenida Ramón y Cajal,83000,2,74
Chalet,Calle Rosales,41000,3,87
Chalet,Calle Daniel Chulvi 6,55958,3,120
Chalet,Pozohondo,28000,4,140
Chalet,Calle San Isidro 22,55000,3,86
Chalet,Gomez Gil 8,149500,6,243
Chalet,Calle C. Calvario 8 02694 Higueruela Albacete,75000,6,280
Piso,Calle Baños 8,250000,3,90
Piso,Calle Sangradera s/n,112000,4,130
Chalet,Calle las Salinas s/n,85500,3,89
Piso,Calle Dionisio Guardiola,294000,3,101
Chalet,Caniego 22,150000,4,152
Chalet,Calle CASAS DE VES 27,130000,6,201
Chalet,Calle Buenavista 6,62000,2,83
Piso,Plaza Constitución s/n,54400,3,84
Piso,San Antonio Abad - Polígono San Antón,149500,3,7
Piso,Calle Pedro Coca,133500,2,64
Piso,Plaza San Juan de Dios 4,110000,3,100
Chalet,Rafael alberti 10,96000,3,119
Ático,Calle José Estrañi 20,210000,3,113
Casa Rural,Caudete,47000,2,70
Piso,Calle jamontes,75000,2,70
Piso,Plaza San Juan de Dios 4,110000,3,80
Piso,josé de carvaja,105000,4,95
Piso,Calle Pedro Coca,133500,2,73
Piso,Calle Flor s/n,60000,3,109
Chalet,Calle San Isidro 22,55000,3,101
Chalet,Calle C. Calvario 8 02694 Higueruela Albacete,75000,6,280
Chalet,Vía,265000,4,26000
Chalet,Gomez Gil 8,149500,6,223
Piso,Calle Dionisio Guardiola,294000,3,101
Piso,Calle Cura s/n,81900,3,91
Piso,OCTAVIO CUARTERO 11,399000,4,198
Chalet,Caniego 22,150000,4,126
Chalet,Calle Pilar 41,120000,3,140
Piso,Plaza Gabriel Lodares,320000,5,192
Piso,Carretas - Huerta de Marzo,195000,3,120
Piso,Los Llanos,185000,3,96
Piso,Villacerrada - Centro,249000,4,159
Piso,Calle Donantes de Sangre,130000,3,86
Chalet,Calle CASAS DE VES 41,69000,6,212
Piso,San Pablo,90000,4,141
Piso,Cañicas - Canal de María Cristina ,189500,3,92
Piso,San Pablo,182000,4,139
Piso,Hospital,295000,4,142
Chalet,Calle E,590000,4,1000
Chalet,Calle Bolos 42,69000,3,101
Piso,Calle Francisco Javier de Moya,165000,3,88
Piso,Carretas - Huerta de Marzo,128000,2,75
Piso,Calle Teodoro Camino,300000,5,163
Piso,Calle Herradores,215000,3,150
Chalet,Calle Doctor Eugenio Serna,415000,4,70
Ático,Calle octavio cuartero,225000,4,157
Piso,San Pablo,208000,2,74
Piso,Franciscanos,134000,3,89
Chalet,Pozohondo,125000,4,145
Piso,Avenida de España Albacete,385000,5,238
Piso,La Pajarita,142000,3,105
Chalet,Calle Canalejas 8,65000,3,188
Chalet,Calle Canalejas 8,65000,3,188
Chalet,Medicina,310000,5,170
Piso,Franciscanos,134000,3,102
Piso,Calle Donantes de Sangre,130000,3,86
Piso,San Pablo,90000,4,146
Piso,Parque sur,190000,2,63
Chalet,Calle E,590000,4,1000
Piso,Villacerrada - Centro,249000,4,151
Piso,Los Llanos,165000,2,76
Piso,Franciscanos,140000,4,134
Chalet,Orán 14,15000,2,182
Piso,Calle Daoiz,139500,3,84
Casa Rural,El Bonillo,70000,3,517
Piso,Chinchilla de Monte-Aragón,132000,3,91
Piso,Los Llanos,70000,1,44
Piso,Avenida los Toreros,98000,3,45
Chalet,Barrios periféricos - Pedanías,265000,4,24
Piso,Industria,174000,2,64
Chalet,La Gineta,169000,3,20
Piso,San Pablo,142000,2,60
Chalet,Ossa de Montiel,89000,6,232
Piso,Calle Tinte,330000,5,166
Chalet,Carretera Vizcable,450000,14,600
Piso,Franciscanos,160000,3,93
Piso,Franciscanos,169000,3,97
Piso,Carretas - Huerta de Marzo,220000,5,196
Duplex,Cañicas - Canal de María Cristina ,150000,3,15
Piso,Los Llanos,175000,2,75
Piso,Fátima,110000,3,102
Chalet,Letur,99000,3,82
Piso,Hospital,190000,3,104
Piso,Carretas - Huerta de Marzo,165000,4,158
Chalet,Calle Hermanos Pinzón,425000,4,295
Casa Rural,Bogarra,95000,5,190
Chalet,Santa Teresa,375000,5,174
Chalet,La Roda,85000,5,195
Piso,Cañicas - Canal de María Cristina ,280000,3,88
Chalet,Calle Columnas 7,120000,5,126
Piso,Parque sur,165000,3,114
Piso,Villacerrada - Centro,210000,3,107
Piso,Avenida los Toreros,98000,3,45
Chalet,Calle Columnas 7,120000,5,126
Chalet,La Roda,85000,5,171
Chalet,Cañicas - Canal de María Cristina ,375000,5,169
Estudio,Calle Francisco Javier de Moya,85000,0,33
Casa Rural,Virgen de Cortes s/n,3600000,3,480
Piso,Avenida Ayora s/n,121300,3,110
Piso,San Antonio Abad - Polígono San Antón,270000,4,133
Piso,Medicina,206000,2,62
Piso,Plaza la Constitución,61900,4,00
Piso,oro 15,260000,4,139
Piso,Avenida Doctor Gaspar Huelves s/n,210000,3,86
Duplex,Avenida Doctor Gaspar Huelves s/n,295000,6,249
Ático,Avenida Doctor Gaspar Huelves s/n,300000,3,110
Chalet,Calle los Pasos 1,32000,2,150
Duplex,Carretas - Huerta de Marzo,320000,4,15
Piso,Chinchilla de Monte-Aragón,68000,3,118
Chalet,Avenida de Méjico s/n,105100,3,93
Casa Rural,DAOIZ Y VELARDE,52000,2,72
Piso,San Antonio Abad - Polígono San Antón,200000,3,89
Piso,leon 22,260000,3,114
Piso,Avenida Ayora s/n,58000,2,79
Piso,Calle del Escorial s/n,45000,3,85
Piso,San Pablo,129000,3,90
Chalet,Calle Placeta s/n,86500,3,90
Chalet,Calle San Miguel 17,59000,2,75
Chalet,Calle Pelayo s/n,19200,3,119
Casa Rural,Calle los Partidores 1,180000,5,1.362
Chalet,Calle del Cementerio s/n,45100,3,115
Piso,Calle Blasco Ibáñez,210000,3,108
Chalet,Tobarra,53100,10,545
Chalet,Avenida Jose Prat s/n,310000,4,123
Piso,Calle Cencerrada s/n,100600,3,117
Piso,Calle Escorial 85,50000,2,5
Piso,Calle Cura s/n,78200,3,109
Piso,Calle Ferrero,69900,4,142
Chalet,Avenida Jose Prat s/n,320000,4,122
Piso,Villacerrada - Centro,170000,6,249
Chalet,Urbanización Pinares del Júcar,249900,2,15.000
Chalet,DISEMINADOS s/n,170000,5,380
Piso,Medicina,165000,2,65
Piso,Villacerrada - Centro,170000,6,218
Chalet,DISEMINADOS s/n,170000,5,380
Chalet,Urbanizacion Aguasol 1,250000,4,1600
Chalet,Calle San Miguel 17,59000,2,69
Piso,Calle Atleta Antonio Amorós,35000,3,118
Chalet,Tobarra,53100,10,607
Piso,La Roda,92000,4,132
Chalet,Cañicas - Canal de María Cristina ,375000,5,188
Piso,Calle Cura s/n,78200,3,96
Piso,Calle de San Agustín 10,240000,3,129
Chalet,Avenida Jose Prat s/n,325000,4,142
Casa Rural,Ayna,45000,2,65
Piso,Avenida Ayora s/n,109900,3,118
Chalet,Calle L s/n,103600,3,80
Chalet,La Roda,114000,4,143
Chalet,Calle Reina Sofía s/n,83500,3,84
Piso,Paseo Circunvalación,210000,3,95
Piso,Calle Fortunato Arias s/n,129200,3,103
Piso,Travesía Múnera s/n,40200,3,92
Piso,Calle Quevedo s/n,112600,4,128
Piso,Calle Joaquín Quijada,79900,4,24
Piso,Calle Juan XXIII,69000,4,33
Chalet,Calle Don Ramón Arcos Palomar s/n,137500,3,88
Piso,Calle Ríos Rosas s/n,128500,3,107
Chalet,Calle Don Alonso s/n,79600,3,95
Chalet,Calle San Luis s/n,128600,4,131
Piso,La Roda,170000,5,185
Piso,Avenida Juan Carlos I s/n,59000,3,110
Chalet,Paseo Cementerio s/n,78000,3,102
Piso,Calle Ramón de Campoamor,59000,4,155
Piso,Calle Fortunato Arias s/n,120400,3,118
Piso,Calle Octavio Cuartero s/n,93000,3,90
Piso,Travesía Hellín s/n,75900,3,100
Piso,Calle Raimundo Lulio,155000,3,145
Piso,Calle de Santa Clara,49000,4,160
Chalet,Calle Pedro Montoya s/n,85000,3,114
Chalet,Calle la Paz 14,39700,5,107
Piso,Calle Fortunato Arias s/n,129900,3,86
Ático,Paseo de Luis Golf,160000,4,250
Ático,Paseo de Luis Golf,160000,4,250
Chalet,Calle Frontón s/n,76400,2,63
Piso,Franciscanos,175000,3,100
Piso,La Roda,170000,5,188
Piso,Calle Fortunato Arias s/n,155600,3,106
Chalet,Mingogil,100000,3,95
Piso,La Roda,170000,4,135
Casa Rural,CARRASCA,23000,2,65
Chalet,Calle Peñicas,26900,4,126
Chalet,Piscina Cubierta,240000,4,111
Chalet,Calle Santa Ana s/n,136500,3,108
Piso,Calle Quevedo s/n,112600,4,153
Chalet,Calle Reina Sofía s/n,83500,3,113
Piso,Calle María Marín s/n,124500,3,94
Piso,Villacerrada - Centro,182000,3,85
Piso,Calle Aparicio s/n,50900,3,105
Piso,Calle del Cementerio,66000,3,80
Chalet,Calle Pablo Picasso s/n,84700,3,93
Duplex,Fátima,330000,4,74
Piso,Calle Concepción,35000,3,99
Chalet,Calle Joaquín Pardo s/n,74600,3,82
Piso,La Roda,80000,3,20
Chalet,Calle Antonio Machado s/n,89300,3,114
Piso,Calle Octavio Cuartero s/n,99000,3,109
Piso,Calle Honrubia s/n,51200,3,86
Chalet,Calle Maquinista s/n,115300,3,120
Piso,La Roda,60000,3,82
Casa Rural,Calle Llanos,205000,4,1600
Chalet,Calle Ángel s/n,71700,3,90
Piso,Villacerrada - Centro,240000,3,90
Piso,Calle Honrubia s/n,49100,3,94
Piso,Travesía Hellín s/n,75900,3,88
Chalet,Calle Federico García Lorca s/n,130700,3,98
Chalet,Calle Don Alonso s/n,79600,3,88
Piso,Calle Fortunato Arias s/n,120400,3,85
Piso,Calle Honrubia s/n,54100,3,87
Chalet,Calle la Paz 14,39700,5,107
Piso,Calle Jose Ruiz Y Ruiz s/n,45300,3,87
Piso,El Pilar,118000,4,130
Piso,Cañicas - Canal de María Cristina ,185000,2,85
Chalet,Piscina Cubierta,240000,4,111
Piso,Franciscanos,175000,3,100
Piso,Calle Ramón de Campoamor,59000,4,147
Piso,Calle ROSARIO,350000,4,128
Chalet,Paseo San Francisco s/n,110100,3,100
Piso,Calle Aparicio s/n,50900,3,80
Piso,Plaza DE SANTA ANA,150000,4,120
Chalet,Calle Joaquín Pardo s/n,74600,3,89
Piso,Calle Fortunato Arias s/n,129900,3,111
Piso,Calle Joaquín Quijada,79900,4,24
Piso,Calle María Marín s/n,124500,3,105
Chalet,San Pedro 42,79900,3,419
Piso,Calle Honrubia s/n,49300,3,115
Chalet,Calle L s/n,103600,3,81
Piso,Calle Raimundo Lulio,155000,3,145
Piso,Calle Ríos Rosas s/n,128500,3,111
Piso,Cañicas - Canal de María Cristina ,185000,2,85
Piso,Calle Honrubia s/n,53700,3,84
Piso,La Roda,80000,3,20
Piso,Travesía Múnera s/n,40200,3,109
Piso,Paseo Circunvalación,210000,3,103
Piso,Calle del Cementerio,66000,3,80
Chalet,Carretera Santa Ana,310000,3,1.168
Chalet,Mingogil,100000,3,95
Chalet,Calle Doctor Plácido González Duarte,325000,4,185
Chalet,Calle Reina Sofía s/n,83500,3,118
Chalet,Calle de la Paloma s/n,109000,3,120
Chalet,Barrios periféricos - Pedanías,108000,5,196
Piso,La Roda,93000,3,107
Chalet,Calle Pedro Montoya s/n,85000,3,82
Chalet,Calle Daniel Chulvi s/n,82000,3,87
Piso,Villacerrada - Centro,240000,3,90
Chalet,Calle la Estrella s/n,81300,3,105
Piso,Calle Honrubia s/n,49600,3,89
Piso,La Roda,170000,5,186
Piso,El Pilar,118000,4,149
Piso,Calle Rosario,40000,4,5
Piso,Calle Luna Nueva s/n,73400,3,101
Chalet,La Roda,114000,4,121
Chalet,Calle Federico García Lorca s/n,130700,3,83
Piso,Travesía Múnera s/n,40200,3,94
Piso,El Pilar,118000,4,148
Piso,Franciscanos,175000,3,100
Piso,Feria,190000,2,100
Piso,Calle Arquitecto Fernández,179900,4,140
Piso,Calle Marqués de Mantua s/n,183900,3,108
Piso,Avenida san miguel,83000,4,141
Piso,Carretera Jaen,210000,3,140
Duplex,Marzo,227000,5,187
Piso,Calle Gaona,370000,4,148
Piso,Franciscanos,140000,4,148
Chalet,ZONA COLEGIO ENTRE CULTURAS,134000,4,270
Piso,Calle la Roda,164900,3,90
Chalet,Calle San Antonio,48000,4,180
Chalet,Pozo-Lorente,130000,3,81
Chalet,PISCINA DE LA RIBERA,105000,4,90
Chalet,Villalgordo del Jucar,199000,5,178
Piso,Calle Pedro Coca,170000,2,10
Piso,San Agustín,410000,4,133
Ático,Calle Hermanos Quintero,220000,3,90
Piso,Calle Tejares,115000,3,77
Piso,Calle Baños,220000,5,180
Chalet,Plaza Primavera,660000,7,283
Estudio,Ramón y Cajal 24,35000,0,101
Piso,Calle Blasco Ibáñez,169000,4,152
Piso,Calle Antonio Cuevas Belmonte 2,88500,3,84
Piso,Plaza Gabriel Lodares,490000,5,190
Chalet,Plaza Rommel Fernández,176000,3,155
Piso,Calle Quevedo,134900,3,100
Piso,Villacerrada - Centro,270000,3,85
Piso,Villacerrada - Centro,240000,3,85
Piso,Paseo de Pedro Simón Abril,350000,4,145
Piso,Calle Marqués de Villores,220000,4,159
Piso,Calle Echegaray s/n,45000,3,84
Chalet,Aldea Potiche 11,10200,3,111
Piso,Cañicas - Canal de María Cristina ,188000,3,91
Piso,Hospital,195000,3,33
Chalet,URBANIZACION PINARES DEL JUCAR,530000,5,10.000
Piso,Plaza Gabriel Lodares,490000,5,196
Chalet,Calle Cristo de la Antigua s/n,26500,3,94
Piso,Plaza Gabriel Lodares,490000,5,196
Piso,Calle Miguel de Unamuno,105000,3,114
Chalet,Calle San Antonio,48000,4,180
Piso,Calle Pedro Coca,170000,2,10
Piso,Franciscanos,140000,4,152
Piso,Plaza San Juan de la Cruz,93000,3,90
Chalet,URBANIZACION PINARES DEL JUCAR,530000,5,10.000
Piso,Carretera Jaen,210000,3,140
Piso,San Agustín,410000,4,158
Chalet,Aldea Potiche 11,10200,3,84
Piso,Plaza Gabriel Lodares,490000,5,190
Piso,Paseo de Pedro Simón Abril,350000,4,145
Piso,Calle Albarderos,145000,2,78
Estudio,Ramón y Cajal 24,35000,0,101
Piso,Rabal,118000,3,100
Piso,periodista andujar,207000,3,102
Chalet,Plaza Primavera,660000,7,253
Piso,Villacerrada - Centro,270000,3,87
Chalet,Franciscanos,252000,3,84
Piso,Calle Blasco Ibáñez,169000,4,130
Chalet,Plaza Rommel Fernández,176000,3,155
Piso,Calle Tejares,115000,3,77
Piso,Calle la Roda,164900,3,90
Chalet,PISCINA DE LA RIBERA,105000,4,90
Chalet,Calle Cristo de la Antigua s/n,26500,3,108
Piso,Cañicas - Canal de María Cristina ,188000,3,89
Piso,Calle Arquitecto Fernández,179900,4,140
Chalet,Calle San Antón 1,79800,2,68
Piso,Hermanos Falcó - Sepulcro Bolera,200000,2,10
Piso,Calle Ibáñez Ibero,195000,3,85
Piso,Calle Antonio Cuevas Belmonte 2,88500,3,82
Chalet,Calle de Mendizábal 73,118000,3,109
Piso,Franciscanos,134000,4,130
Piso,Carretas - Huerta de Marzo,200000,4,128
Piso,Franciscanos,145000,2,77
Casa Rural,Camino las hollas 10,130000,4,149
Chalet,Santa Teresa,400000,4,300
Chalet,Aldea de Cueva Ahumada 8,140000,4,18
Piso,Carretas - Huerta de Marzo,550000,5,170
Piso,Franciscanos,140000,4,95
Casa Rural,Camino las hollas 10,130000,4,140
Chalet,Barrios periféricos - Pedanías,170000,3,89
Chalet,Santa Teresa,340000,4,135
Piso,Avenida Reyes Católicos 84,107000,3,15
Piso,San Pablo,93500,3,91
Piso,Calle PARQUE,89000,4,115
Piso,Feria,155000,4,120
Piso,El Pilar,145000,3,10
Piso,La Pajarita,142000,3,82
Chalet,Almansa,47500,6,302
Piso,Franciscanos,134000,4,130
Casa Rural,Lezuza,70000,3,244
Piso,San Pablo,93500,3,106
Chalet,Santa Teresa,400000,4,300
Piso,Franciscanos,220000,3,140
Piso,Franciscanos,220000,4,145
Piso,Franciscanos,280000,4,131
Piso,Franciscanos,125000,3,105
Piso,San Pablo,93500,3,86
Piso,DOCTOR BELTRAN MATEOS,185000,4,134
Piso,Franciscanos,98000,3,109
Piso,San Antonio Abad - Polígono San Antón,119000,3,80
Chalet,La Roda,45000,3,114
Piso,Carretas - Huerta de Marzo,550000,5,170
Piso,Carretas - Huerta de Marzo,200000,4,141
Duplex,El Pilar,135000,2,79
Piso,Avenida de Menéndez Pelayo 7,65000,3,88
Piso,La Roda,98000,3,112
Chalet,Cenizate,125000,4,138
Piso,El Pilar,118000,4,100
Piso,Carretas - Huerta de Marzo,215000,3,100
Piso,El Pilar,125000,4,90
Piso,Los Llanos,215000,2,71
Piso,Carretas - Huerta de Marzo,125000,3,12
Piso,Santa Teresa,210000,3,120
Piso,San Pablo,160000,2,25
Piso,Industria,160000,3,113
Casa Rural,San Pablo,185000,4,215
Piso,Hospital,210000,5,160
Chalet,Aldea de Cueva Ahumada 8,140000,4,18
Piso,Los Llanos,215000,2,66
Piso,San Antonio Abad - Polígono San Antón,119000,3,84
Piso,Franciscanos,145000,2,78
Chalet,La Roda,45000,3,114
Piso,Franciscanos,134000,4,130
Piso,El Pilar,145000,3,10
Piso,Carretas - Huerta de Marzo,200000,4,128
Piso,La Roda,127000,3,91
Piso,Industria,160000,3,117
Chalet,Aldea de Cueva Ahumada 8,140000,4,18
Piso,Franciscanos,280000,4,127
Piso,Franciscanos,220000,4,145
Piso,DOCTOR BELTRAN MATEOS,185000,4,134
Piso,Calle espoz y mina,125000,3,101
Chalet,Santa Teresa,340000,4,125
Casa Rural,Pozohondo,97000,3,234
Piso,Franciscanos,124000,4,146
Piso,Calle Nicolás belmonte 5,170000,2,65
Piso,Carretas - Huerta de Marzo,160000,1,40
Chalet,Nueva 64,45000,4,293
Piso,Calle Ríos Rosas,96000,4,134
Piso,Parque sur,210000,4,134
Piso,Industria,160000,3,107
Piso,La Pajarita,235000,4,40
Piso,Fátima,165000,4,120
Chalet,Barrios periféricos - Pedanías,300000,3,110
Piso,Calle Corredera,48000,4,141
Chalet,La Roda,180000,5,194
Casa Rural,Travesía de los plátanos 1,70000,3,97
Piso,Carretas - Huerta de Marzo,195000,3,85
Piso,Franciscanos,118000,3,101
Piso,Calle Nicolás belmonte 5,170000,2,63
Chalet,Calle Asturias 14,95000,5,19
Piso,Carretas - Huerta de Marzo,215000,3,104
Casa Rural,Plaza Mayor 40,25000,2,80
Piso,Hospital,189000,4,130
Duplex,Carretas - Huerta de Marzo,365000,4,157
Chalet,La Roda,95000,3,300
Piso,Carretas - Huerta de Marzo,190000,3,118
Piso,Cañicas - Canal de María Cristina ,182000,3,116
Piso,Parque sur,199000,5,166
Piso,Franciscanos,118000,3,116
Piso,Los Llanos,205000,2,78
Chalet,JUAN DE HERRERA,143000,4,10
Piso,Industria,165000,3,118
Chalet,Barrios periféricos - Pedanías,300000,3,82
Piso,Calle Nicolás belmonte 5,170000,2,74
Piso,Calle Corredera,48000,4,141
Ático,San Pablo,216000,2,110
Chalet,Barrios periféricos - Pedanías,212000,3,1.000
Chalet,Mahora,130000,5,240
Piso,Cañicas - Canal de María Cristina ,230000,3,80
Piso,Carretas - Huerta de Marzo,215000,3,84
Piso,Fátima,238000,4,123
Piso,Calle Nicolás belmonte 5,170000,2,77
Chalet,Calle Asturias 14,95000,5,19
Piso,Santa Teresa,189000,3,115
Piso,Fátima,87000,2,72
Piso,Calle Nicolás belmonte 5,170000,2,70
Piso,La Pajarita,160000,2,60
Piso,Parque sur,210000,4,134
Piso,Cañicas - Canal de María Cristina ,260000,3,57
Piso,CRISTOBAL LOZANO,255000,4,120
Chalet,Cañicas - Canal de María Cristina ,400000,5,300
Chalet,Calle los Pasos,32000,4,150
Piso,Carretas - Huerta de Marzo,195000,3,85
Chalet,La Roda,61000,1,40
Duplex,Carretas - Huerta de Marzo,365000,4,157
Piso,Carretas - Huerta de Marzo,130000,4,132
Piso,Fátima,165000,4,120
Piso,Calle Nicolás belmonte 5,180000,2,77
Piso,Franciscanos,124000,4,146
Chalet,Los Llanos,390000,6,40
Piso,Franciscanos,199000,3,12
Piso,Hospital,189000,4,142
Piso,San Antonio Abad - Polígono San Antón,180000,2,74
Piso,Industria,160000,3,94
Piso,Cañicas - Canal de María Cristina ,185000,2,62
Piso,Feria,199500,2,72
Piso,Franciscanos,150000,4,132
Piso,Pedro Lamata - San Pedro Mortero,175000,3,97
Piso,Villacerrada - Centro,300000,1,57
Casa Rural,Plaza Mayor 40,25000,2,80
Chalet,Calle Asturias 14,95000,5,19
Piso,Cañicas - Canal de María Cristina ,188000,2,60
Piso,Franciscanos,220000,3,145
Duplex,Pedro Lamata - San Pedro Mortero,185000,2,79
Piso,Calle Nicolás belmonte 5,170000,2,60
Chalet,Yeste,85000,2,60
Chalet,Barrios periféricos - Pedanías,195000,3,106
Piso,Calle Cronista Antonio Ruescas,127000,4,158
Chalet,La Roda,180000,5,171
Chalet,Calle los Pasos,32000,4,150
Piso,Cañicas - Canal de María Cristina ,185000,2,75
Piso,Franciscanos,320000,4,137
Piso,Calle Muelle,23275,4,128
Chalet,Barrios periféricos - Pedanías,300000,3,107
Chalet,Mahora,130000,5,240
Piso,Villacerrada - Centro,99500,4,121
Chalet,JUAN DE HERRERA,143000,4,10
Piso,Franciscanos,199000,3,12
Piso,Cañicas - Canal de María Cristina ,260000,3,57
Duplex,Barrios periféricos - Pedanías,185000,4,155
Piso,Carretas - Huerta de Marzo,195000,3,85
Piso,Franciscanos,124000,4,146
Chalet,La Roda,61000,1,59
Piso,Calle Nicolás belmonte 5,175000,2,66
Duplex,Carretas - Huerta de Marzo,365000,4,157
Piso,Feria,172000,3,96
Piso,Fátima,138000,2,10
Piso,Franciscanos,135000,2,80
Piso,Franciscanos,150000,3,110
Casa Rural,Travesía de los plátanos 1,70000,3,101
Chalet,Calle SAN JULIÁN 20,98000,2,70
Piso,Calle la Paz,125000,3,96
Piso,Franciscanos,225000,4,100
Piso,Industria,170000,4,50
Chalet,Balsa de Ves,53000,1,84
Chalet,parajes 1,68000,2,20
Chalet,Calle Real,23000,2,77
Casa Rural,Calle Canalejas 42,40000,4,144
Chalet,Rambla de la Mancha 96,59000,0,183
Piso,Villacerrada - Centro,155000,4,127
Chalet,parajes 1,68000,2,20
Piso,Oro,245000,4,132
Chalet,Calle Real,23000,2,76
Piso,Carretas - Huerta de Marzo,267000,4,124
Piso,Los Llanos,215000,2,90
Piso,Calle Arcángel San Gabriel 25,281300,3,103
Piso,Cañicas - Canal de María Cristina ,260000,3,95
Piso,Calle Melchor de Macanaz 50,150000,4,136
Chalet,Magallanes 3,65000,4,118
Piso,Calle la Paz,125000,3,83
Chalet,Avenida Villena,159950,3,992
Piso,Calle Ríos Rosas,153000,3,90
Piso,Franciscanos,225000,4,100
Chalet,Balsa de Ves,53000,1,84
Piso,Industria,170000,4,151
Chalet,Calle CAÑICAS,360000,4,127
Piso,Calle de Pérez Galdós,80000,3,103
Piso,Franciscanos,148000,2,69
Chalet,Calle SAN JULIÁN 20,98000,2,70
Chalet,Calle Amor de Dios,260000,4,1000
Piso,Carretas - Huerta de Marzo,159000,1,48
Chalet,Calle San Gregorio,19000,3,90
Casa Rural,Calle Norte s/n sn,98000,6,230
Piso,Barrio feria s/n,158000,4,149
Chalet,Calle Pintada,55000,3,181
Ático,Carretas - Huerta de Marzo,215000,3,109
Piso,La Roda,85000,3,89
Piso,Calle de la Nieve,49950,4,17.5
Piso,Calle la Roda,120000,3,113
Piso,Calle San Luis,243000,4,50
Piso,Calle Feria,164000,4,124
Chalet,Calle Miguel Martínez,150000,6,120
Chalet,Urbanizacion Casas Viejas,216000,3,101
Piso,Avenida de Villena,53000,4,107
Piso,Calle Turbula 14,65000,4,112
Chalet,Villalgordo del Jucar,114000,3,99
Piso,Casas-Ibañez,65000,4,148
Piso,Plaza SAINT MEDARD,145000,4,135
Chalet,Calle Pintada,55000,3,181
Piso,Franciscanos,255000,4,129
Piso,Carretas - Huerta de Marzo,159000,1,57
Ático,La Roda,58000,3,119
Piso,Hellín,96500,3,105
Piso,Franciscanos,67800,3,102
Chalet,Calle Ana Karenina 6,335000,3,170
Chalet,Barrios periféricos - Pedanías,260000,3,1.900
Piso,Calle San Luis,243000,4,50
Piso,Franciscanos,125000,4,137
Piso,Calle Turbula 14,65000,4,112
Piso,Casas-Ibañez,65000,4,151
Piso,Carretas - Huerta de Marzo,215000,3,100
Chalet,Urbanizacion Casas Viejas,216000,3,109
Chalet,Villalgordo del Jucar,114000,3,87
Piso,La Roda,80000,3,114
Piso,Avenida de Villena,53000,4,107
Chalet,Calle 15,220000,5,183
Duplex,Carretera de Jaén,225000,4,160
Piso,Calle Rosario,175000,4,140
Piso,Calle Feria,164000,4,147
Piso,La Roda,220000,5,16
Piso,Calle FEDERIO GARCIA LORCA,105000,4,151
Chalet,Calle la Zafra,169000,4,220
Piso,La Roda,85000,3,105
Piso,Parque sur,215000,4,159
Piso,Calle Marqués de Villores,175000,3,105
Piso,Hospital,195000,3,94
Chalet,Calle la Cañada,100000,4,133
Piso,Hospital,130000,4,60
Chalet,Carretera de Tobarra a Aljubé 14,165000,5,180
Chalet,La Roda,120000,3,400
Chalet,La Roda,60000,4,498
Piso,Calle Doctor Beltran Mateos,190000,4,155
Chalet,Calle San Gregorio,19000,3,89
Chalet,Calle Amor de Dios,260000,4,1000
Piso,Calle de la Nieve,49950,4,17.5
Piso,Calle Hermanos Jiménez,130000,3,106
Casa Rural,Aldea Solanilla 60,70000,5,165
Piso,Calle Rosario,175000,4,140
Piso,Calle Doctor Beltran Mateos,190000,4,148
Chalet,Villalgordo del Jucar,114000,3,92
Chalet,Urbanizacion Casas Viejas,216000,3,105
Piso,Calle San Luis,243000,4,50
Piso,La Roda,220000,5,16
Piso,Calle de la Nieve,49950,4,17.5
Piso,Hellín,96500,3,103
Chalet,La Roda,196000,6,210
Piso,Feria,265000,4,161
Piso,Calle Azorín 18,115000,3,120
Piso,Calle Francisco Fontecha,295000,4,175
Piso,Franciscanos,175000,3,101
Piso,Feria,180000,4,129
Chalet,Pétrola,120000,3,101
Chalet,San Pedro,133000,3,20
Piso,Franciscanos,199000,3,118
Piso,Hermanos Falcó - Sepulcro Bolera,200000,2,57
Chalet,La Roda,53000,3,204
Chalet,Barrios periféricos - Pedanías,223000,3,84
Duplex,La Pajarita,165000,2,69
Chalet,Arroyo del Rosario 19,52000,3,91
Piso,Industria,145000,2,71
Piso,La Roda,55000,4,123
Piso,Villacerrada - Centro,205000,4,140
Chalet,La Roda,60000,6,221
Piso,Feria,200000,4,140
Casa Rural,Lezuza,120000,3,86
Chalet,Robledo,100000,4,140
Piso,Industria,180000,3,105
Chalet,Alcaraz,130000,4,123
Chalet,Barrios periféricos - Pedanías,160000,3,116
Chalet,Barrios periféricos - Pedanías,130000,2,72
Chalet,Casas-Ibañez,133000,4,267
Duplex,La Pajarita,155000,2,80
Casa Rural,Barrax,7900000,12,427
Duplex,La Pajarita,195000,3,115
Piso,La Roda,108000,4,152
Piso,Carretas - Huerta de Marzo,133000,2,72
Chalet,Mahora,100000,8,220
Chalet,Los Llanos,390000,5,28
Piso,Industria,145000,2,73
Piso,Franciscanos,140000,3,87
Casa Rural,Lezuza,120000,3,89
Piso,La Roda,75000,4,150
Chalet,La Roda,250000,3,108
Piso,Industria,180000,3,113
Piso,Cañicas - Canal de María Cristina ,230000,3,104
Piso,La Roda,110000,4,155
Chalet,La Roda,119000,6,60
Chalet,Calle las Petunias,350000,4,15
Chalet,La Roda,230000,5,40
Casa Rural,Barrax,7900000,12,447
Chalet,Chinchilla de Monte-Aragón,125000,4,1.000
Chalet,Riopar,330000,5,50
Chalet,Barrios periféricos - Pedanías,130000,2,72
Chalet,La Roda,132000,3,100
Piso,Chinchilla de Monte-Aragón,90000,2,72
Piso,El Pilar,120000,2,70
Chalet,Barrios periféricos - Pedanías,160000,3,95
Duplex,La Pajarita,175000,3,102
Piso,La Pajarita,199000,3,92
Piso,Franciscanos,127000,4,120
Piso,Hermanos Falcó - Sepulcro Bolera,200000,2,57
Chalet,Los Llanos,475000,7,500
Chalet,Mahora,100000,8,220
Piso,Calle Francisco Fontecha,295000,4,175
Piso,La Roda,108000,4,149
Piso,Feria,180000,4,129
Duplex,La Pajarita,165000,2,68
Chalet,Fuensanta,155000,3,2.300
Piso,Barrios periféricos - Pedanías,135000,3,85
Piso,Carretas - Huerta de Marzo,180000,3,82
Piso,Carretas - Huerta de Marzo,240000,4,146
Chalet,La Roda,70000,4,282
Piso,Carretas - Huerta de Marzo,160000,1,56
Piso,La Pajarita,90000,3,104
Chalet,La Roda,95000,6,226
Piso,Feria,200000,4,135
Chalet,La Roda,200000,4,156
Piso,Calle ARAGON,79800,5,199
Chalet,La Roda,60000,3,116
Chalet,Alcaraz,130000,4,138
Piso,Carretas - Huerta de Marzo,133000,2,68
Piso,La Roda,75000,3,97
Chalet,La Roda,132000,3,100
Piso,Calle San José,50000,3,60
Chalet,La Roda,120000,4,133
Piso,La Roda,70000,4,140
Piso,El Pilar,165000,3,106
Chalet,Fátima,327000,4,254
Chalet,Fuensanta,300000,5,177
Ático,La Roda,86000,2,68
Duplex,Carretas - Huerta de Marzo,350000,5,210
Chalet,Barrios periféricos - Pedanías,390000,7,287
Chalet,Medicina,340000,6,207
Piso,Villacerrada - Centro,330000,5,25
Chalet,Barrios periféricos - Pedanías,660000,7,1400
Ático,Carretas - Huerta de Marzo,260000,3,87.56
Piso,La Roda,80000,4,144
Chalet,Fátima,449000,7,50
Chalet,Calle Alta 12,79000,2,64
Ático,Carretas - Huerta de Marzo,290000,4,120
Chalet,Fuensanta,50000,4,145
Chalet,Motilleja,800000,6,14000
Chalet,Barrios periféricos - Pedanías,139000,4,136
Piso,Cañicas - Canal de María Cristina ,246000,4,159
Chalet,El Pilar,299000,4,129
Piso,Franciscanos,141000,4,122
Piso,Hospital,240000,4,136
Chalet,San Antonio Abad - Polígono San Antón,325000,6,10.000
Piso,goleta 29,70000,4,125
Duplex,San Pablo,159000,2,79
Piso,Carretas - Huerta de Marzo,220000,4,136
Ático,Fátima,315000,3,86
Piso,San Pablo,218000,3,40
Piso,Carretas - Huerta de Marzo,178000,4,127
Chalet,Casas de Ves,100000,4,135
Piso,Pedro Lamata - San Pedro Mortero,255000,4,125
Casa Rural,Barrax,132000,5,165
Ático,La Roda,160000,3,119
Piso,Villacerrada - Centro,320000,5,199
Chalet,Barrios periféricos - Pedanías,330000,6,212
Chalet,Cañicas - Canal de María Cristina ,700000,6,300
Piso,Plaza Santiago Bernabéu 15,112000,3,114
Chalet,Fátima,335000,5,290
Chalet,Paseo Circunvalación 143,165000,3,86
Chalet,La Roda,200000,3,105
Chalet,Pedro Lamata - San Pedro Mortero,225000,5,186
Casa Rural,Fuensanta,69000,5,163
Chalet,Barrios periféricos - Pedanías,390000,7,277
Piso,Fátima,158000,4,120
Piso,Industria,163000,3,103
Chalet,Barrios periféricos - Pedanías,800000,4,2500
Piso,San Antonio Abad - Polígono San Antón,90000,4,20
Chalet,Terreno Diseminados,200000,3,88
Chalet,Pozo Cañada,150000,4,241
Chalet,Medicina,400000,5,350
Casa Rural,Calle Calvario 29,3000000,6,218
Chalet,Chinchilla de Monte-Aragón,255000,4,200
Chalet,Barrios periféricos - Pedanías,212000,3,980
Piso,Carretas - Huerta de Marzo,470000,5,20
Chalet,Andrés moya 1,250000,5,174
Piso,Franciscanos,130000,4,22
Chalet,Calle Alta 12,79000,2,73
Chalet,Avenida el Carrascal 26 I,199000,5,196
Chalet,Fuensanta,50000,4,120
Chalet,Barrios periféricos - Pedanías,250000,3,2.300
Piso,San Pablo,218000,3,40
Piso,La Roda,115000,3,115
Piso,Franciscanos,141000,4,122
Chalet,La Roda,110000,4,150
Chalet,El Pilar,299000,4,145
Chalet,Santa Teresa,350000,4,141
Chalet,Bogarra,160000,6,250
Piso,Villacerrada - Centro,260000,3,95
Piso,San Antonio Abad - Polígono San Antón,155000,3,89.95
Chalet,Barrios periféricos - Pedanías,425000,5,2300
Piso,Calle Virgen,103000,3,90
Piso,El Pilar,150000,3,90
Chalet,Pedro Lamata - San Pedro Mortero,225000,5,193
Piso,La Roda,80000,4,136
Piso,El Pilar,150000,3,90
Chalet,Casas de Ves,100000,4,124
Piso,virrey morcillo 40,60000,4,129
Piso,Franciscanos,130000,4,22
Piso,Yeste,80000,2,69
Piso,Feria,310000,4,143
Piso,San Antonio Abad - Polígono San Antón,155000,3,89.95
Chalet,Avenida el Carrascal 26 I,199000,5,161
Chalet,Madrigueras,235000,4,250
Chalet,La Roda,85000,10,443
Piso,La Pajarita,370000,4,150
Chalet,La Roda,200000,3,6000
Piso,Principe de Asturias s/n,55300,2,5
Chalet,Casas de Juan Nuñez,129000,5,290
Piso,Carretas - Huerta de Marzo,220000,4,121
Chalet,Fátima,335000,5,290
Casa Rural,Calle Chinchilla 42,72000,5,197
Piso,Villacerrada - Centro,250000,3,120
Chalet,Jorquera,200000,4,160
Piso,Industria,330000,4,143
Piso,Feria,250000,3,135
Chalet,Barrios periféricos - Pedanías,420000,5,200
Chalet,Motilleja,800000,6,14000
Piso,Franciscanos,285000,4,121
Chalet,Calle Hospital 14,120000,5,215
Ático,Carretas - Huerta de Marzo,260000,3,87.56
Chalet,Barrios periféricos - Pedanías,390000,7,290
Chalet,Villalgordo del Jucar,110000,3,112
Piso,La Roda,75000,3,101
Chalet,Andrés moya 1,250000,5,188
Piso,La Roda,100000,4,137
Duplex,Carretas - Huerta de Marzo,240000,5,174
Chalet,Cañicas - Canal de María Cristina ,410000,4,122
Chalet,La Roda,120000,4,149
Piso,Villacerrada - Centro,260000,3,95
Chalet,Bogarra,160000,6,250
Chalet,Terreno Diseminados,200000,3,88
Chalet,Medicina,340000,6,200
Piso,Villacerrada - Centro,190000,4,135
Chalet,Medicina,340000,6,203
Chalet,Motilleja,315000,4,11.00
Chalet,Calle Hospital 14,120000,5,215
Piso,Franciscanos,125000,4,149
Piso,San Antonio Abad - Polígono San Antón,250000,4,180
Piso,Franciscanos,249000,2,71
Piso,Carretas - Huerta de Marzo,204000,4,141
Piso,Franciscanos,285000,4,150
Chalet,Fátima,327000,4,254
Piso,Carretas - Huerta de Marzo,225000,2,67
Piso,El Pilar,150000,3,90
Piso,Villacerrada - Centro,330000,5,25
Chalet,Barrios periféricos - Pedanías,139000,4,150
Piso,Villacerrada - Centro,275500,3,88
Chalet,Calle manzanos 22,180700,3,109
Piso,Carretas - Huerta de Marzo,160000,3,106
Piso,La Roda,60000,3,116
Chalet,Santa Teresa,350000,4,123
Ático,La Roda,160000,3,95
Piso,Calle Baños,225000,4,140
Piso,San Antonio Abad - Polígono San Antón,212000,3,100
Piso,San Pablo,180000,2,70
Piso,San Antonio Abad - Polígono San Antón,90000,4,20
Piso,La Roda,70000,4,140
Chalet,Calle San Blas,21000,1,56
Chalet,Paseo Circunvalación 143,165000,3,101
Piso,Hellín,145000,3,115
Piso,Feria,310000,4,148
Piso,Villacerrada - Centro,320000,5,181
Chalet,Calle Daniel Chulvi,28500,4,124
Piso,Calle González Rubio,164000,3,94
Piso,Carretas - Huerta de Marzo,253000,4,153
Chalet,Barrios periféricos - Pedanías,660000,7,1400
Piso,La Roda,115000,3,118
Chalet,Barrios periféricos - Pedanías,430000,4,158
Chalet,Pozo Cañada,150000,4,241
Piso,Carretas - Huerta de Marzo,470000,5,20
Piso,virrey morcillo 40,60000,4,157
Piso,Hermanos Falcó - Sepulcro Bolera,315000,3,6
Piso,La Roda,115000,3,95
Piso,Villacerrada - Centro,330000,5,25
Chalet,Calle San Roque,52000,3,86
Chalet,Medicina,400000,5,350
Piso,Villacerrada - Centro,260000,3,95
Piso,Feria,120000,4,18
Chalet,Barrios periféricos - Pedanías,139000,4,136
Chalet,La Roda,120000,3,87
Chalet,El Pilar,299000,4,156
Piso,Carretas - Huerta de Marzo,170000,3,112
Piso,Carretas - Huerta de Marzo,470000,5,20
Piso,virrey morcillo 40,60000,4,160
Chalet,Fátima,327000,4,254
Piso,San Antonio Abad - Polígono San Antón,140000,3,12
Ático,Cañicas - Canal de María Cristina ,290000,4,159
Piso,Franciscanos,220000,3,143
Chalet,El Pilar,400000,5,278
Piso,Santa Teresa,350000,4,128
Piso,Plaza la Catedral,210000,3,103
Chalet,serradiel s/n,65000,3,10.000
Piso,Cañicas - Canal de María Cristina ,220000,4,125
Chalet,967790142,Feria,360000,594
Chalet,El Pilar,400000,5,250
Chalet,Barrios periféricos - Pedanías,112000,3,44
Piso,Fátima,243000,4,50
Piso,CORREOS 27,85000,3,100
Piso,Villacerrada - Centro,415000,4,160
Piso,Parque sur,220000,4,144
Piso,Calle de la Cruz 17,62000,4,157
Piso,Caudete 22,72675,3,96
Piso,Villacerrada - Centro,290000,5,193
Duplex,Cañicas - Canal de María Cristina ,150000,3,15
Piso,Feria,120000,3,105
Piso,Santa Teresa,90000,2,86
Chalet,Calle CODO 12,62000,2,79
Piso,Parque sur,450000,5,164
Chalet,Barrios periféricos - Pedanías,350000,3,81
Piso,Calle Tercia 30,50000,2,60
Piso,Feria,135000,3,90
Piso,Carretas - Huerta de Marzo,265000,3,81
