C. Autónoma,Provincia,Tipo de inmueble,Direccion,m2,Habitaciones,Precio
Aragón,Huesca,Piso,Avenida Regimiento de Galicia 15,62,2,160000
Aragón,Huesca,Piso,Avenida Zaragoza,98,3,129000
Aragón,Huesca,Duplex,Paseo de los Ayerbes 5,55,1,119000
Aragón,Huesca,Atico,infazones 14,69,2,200000
Aragón,Huesca,Atico,Carmen 22,88,2,315000
Aragón,Huesca,Duplex,Calle Baja 1,69,3,200000
Aragón,Huesca,Piso,Urbanizacion Santiago 24,62,2,120000
Aragón,Huesca,Duplex,Carretera Graus-Viella 1,12,2,110000
Aragón,Huesca,Atico,Calle Rio Gas s/n,126,4,300000
Aragón,Huesca,Chalet,Alto de Bescansa s/n,137,4,257000
Aragón,Huesca,Chalet,Calle nueva s/n,200,7,295000
Aragón,Huesca,Chalet,Calle santo grial s/n,100,3,178000
Aragón,Huesca,Chalet,Calle unica s/n,135,4,275000
Aragón,Huesca,Atico,Calle Mayor,102,3,570000
Aragón,Huesca,Piso,Calle Teruel,112,3,149000
Aragón,Huesca,Chalet,barcelona,155,4,520000
Aragón,Huesca,Chalet,Calle Tejeria,232,4,329000
Aragón,Huesca,Piso,MAYOR,95,4,190000
Aragón,Huesca,Chalet,Calle ESTIRAS,196,5,790000
Aragón,Huesca,Casa Rural,Calle baja,160,3,127000
Aragón,Huesca,Chalet,Calle de Fondabos,118,3,270000
Aragón,Huesca,Atico,av pirineos,82,3,335000
Aragón,Huesca,Atico,Calle de la Tejeria,103,4,259000
Aragón,Huesca,Chalet,Calle la fuente,62,3,185000
Aragón,Huesca,Piso,Calle Huesca,63,2,185000
Aragón,Huesca,Duplex,Plaza Mayor 32,74,2,250000
Aragón,Huesca,Piso,Avenida Huesca,74,2,233000
Aragón,Huesca,Casa Rural,Borau,300,6,399000
Aragón,Huesca,Atico,Calle San Sebastian Ag Formiga,96,3,350000
Aragón,Huesca,Piso,Carretera de Pamplona 14,52,1,57000
Aragón,Huesca,Chalet,Via 76,124,4,575000
Aragón,Huesca,Piso,Calle Pena Telera,7,3,158000
Aragón,Huesca,Chalet,Calle Baja 44,180,1,175000
Aragón,Huesca,Chalet,Calle de Fondabos,210,5,285000
Aragón,Huesca,Piso,Calle Domingo Miral,80,3,144500
Aragón,Huesca,Duplex,Calle Esterres 55,102,3,195000
Aragón,Huesca,Chalet,Calle Villacampa Pied 26,140,4,119000
Aragón,Huesca,Atico,Calle Luis Espada,79,2,65000
Aragón,Huesca,Chalet,Calle Pilar,168,5,106000
Aragón,Huesca,Duplex,Calle Unica 17,103,2,130000
Aragón,Huesca,Chalet,Plaza Mayor 1,2850,20,2500000
Aragón,Huesca,Duplex,La fuente,69,2,130000
Aragón,Huesca,Duplex,Calle Pedro Pac,140,3,124900
Aragón,Huesca,Chalet,Calle la Corona 1,596,5,420000
Aragón,Huesca,Piso,Calle Blas Bosqued 5,82,2,229000
Aragón,Huesca,Chalet,Diseminado Berdun y Alrededores 153,280,5,350000
Aragón,Huesca,Atico,Calle de Santiago 36,61,2,149000
Aragón,Huesca,Chalet,Plaza la 1,226,3,185000
Aragón,Huesca,Piso,Carretera Graus-Viella 9,51,2,65000
Aragón,Huesca,Chalet,Calle Barcelona 23,1100,6,875000
Aragón,Huesca,Piso,Calle de los Fueros de Jaca 8,86,3,135000
Aragón,Huesca,Piso,Calle Unica 13,53,1,135000
Aragón,Huesca,Chalet,Camino Monte Pano 17,5879,7,590000
Aragón,Huesca,Piso,Calle Mallos de Riglos 4,12,2,159000
Aragón,Huesca,Piso,Calle unica 12,60,2,105000
Aragón,Huesca,Piso,Plaza del pez 4,100,3,125000
Aragón,Huesca,Chalet,Calle Jaca s/n,1200,5,980000
Aragón,Huesca,Estudio,Calle Unica 4,42,0,119000
Aragón,Huesca,Chalet,Cartuja Monegros s/n,199,5,80000
Aragón,Huesca,Chalet,Calle Gil Berges 3,92,2,34000
Aragón,Huesca,Casa Rural,Calle unica,64,2,215000
Aragón,Huesca,Chalet,Calle Unica Borres 25,181,4,295000
Aragón,Huesca,Piso,Juan XXlll,72,3,145000
Aragón,Huesca,Piso,Calle Director Ferraz 38,141,4,270000
Aragón,Huesca,Chalet,Biescas,360,4,490000
Aragón,Huesca,Chalet,Plandero,60,4,300000
Aragón,Huesca,Chalet,Calle DEL LLANO 31,298,7,240000
Aragón,Huesca,Piso,Calle Sabuco,76,2,227000
Aragón,Huesca,Chalet,Paseo la cantera s/n,500,7,890000
Aragón,Huesca,Casa Rural,Calle unica s/n,350,0,100000
Aragón,Huesca,Piso,Calle Membrilleras 6,60,2,160000
Aragón,Huesca,Chalet,Calle occidente 31,60,5,260000
Aragón,Huesca,Atico,Avenida los Tilos 9,83,3,305000
Aragón,Huesca,Atico,Fernando el Catolico,49,1,139000
Aragón,Huesca,Piso,Calle Pena Telera,60,2,160000
Aragón,Huesca,Duplex,San Cristobal,133,3,215000
Aragón,Huesca,Chalet,Fuendechordana,171,4,320000
Aragón,Huesca,Piso,Calle Esperanza 7,105,3,210000
Aragón,Huesca,Duplex,Calle Infanta Dona Sancha,98,3,239000
Aragón,Huesca,Chalet,Calle Juan de Lanuza 2,452,6,875000
Aragón,Huesca,Duplex,Calle Infanta Dona Sancha,108,3,239000
Aragón,Huesca,Piso,Calle UNICA,56,1,135000
Aragón,Huesca,Duplex,Avenida de Francia,30,2,195000
Aragón,Huesca,Piso,Calle Autonomia de Aragon,74,3,184900
Aragón,Huesca,Piso,Camino De Santiago 12,80,2,199000
Aragón,Huesca,Chalet,CANTERA,480,8,700000
Aragón,Huesca,Duplex,Avenida de Francia,41,1,145000
Aragón,Huesca,Chalet,Camino Monte Pano,568,7,590000
Aragón,Huesca,Chalet,Chistorre,505,5,415000
Aragón,Huesca,Piso,Calle Autonomia de Aragon,125,4,200000
Aragón,Huesca,Chalet,ELS PLLANS D'ANSILS,500,4,950000
Aragón,Huesca,Chalet,Villanua,181,5,300000
Aragón,Huesca,Duplex,Calle Mayor 4,102,3,294000
Aragón,Huesca,Piso,Calle Domingo Samitier,93,3,76000
Aragón,Huesca,Chalet,Paseo de la Cantera s/n,12,7,890000
Aragón,Huesca,Duplex,CRTA COMARCAL 136,62,2,235000
Aragón,Huesca,Piso,Calle Camila Gracia 4,121,4,210000
Aragón,Huesca,Casa Rural,medio 2,228,6,185000
Aragón,Huesca,Piso,Calle de Valle de Oza 10,86,3,157000
Aragón,Huesca,Piso,Correos 10,96,6,330000
Aragón,Huesca,Chalet,Unica s/n,440,5,299000
Aragón,Huesca,Casa Rural,Calle San Esteban,185,5,300000
Aragón,Huesca,Piso,Calle San Mateo,45,1,89900
Aragón,Huesca,Casa Rural,Calle la Fuente 10,165,3,135000
Aragón,Huesca,Piso,Calle de Valle de Oza s/n,117,3,157000
Aragón,Huesca,Duplex,Calle San Cristobal Ag Badaguas 15,47,1,98000
Aragón,Huesca,Chalet,asuncion 15,264,2,225000
Aragón,Huesca,Piso,Calle Albareda,61,2,151000
Aragón,Huesca,Piso,Avenida de Francia 49,92,3,239000
Aragón,Huesca,Chalet,Baja 5,382,5,210000
Aragón,Huesca,Piso,Santa Ana 1,85,3,75000
Aragón,Huesca,Atico,Calle BATAN s/n,37,1,90000
Aragón,Huesca,Piso,Avenida Ordesa s/n,143,5,230000
Aragón,Huesca,Casa Rural,AFUERAS,220,1,89900
Aragón,Huesca,Chalet,Calle mayor s/n,187,4,260000
Aragón,Huesca,Chalet,san grimen s/n,208,4,260000
Aragón,Huesca,Casa Rural,Calle Rufas,113,3,56000
Aragón,Huesca,Casa Rural,Diseminado Afueras Ag Nocito,229,6,280000
Aragón,Huesca,Chalet,Avenida del Campo de Futbol,176,5,370000
Aragón,Huesca,Piso,Avenida DE LOS DEPORTES,156,4,129000
Aragón,Huesca,Chalet,Sarinena,123,4,65000
Aragón,Huesca,Duplex,Calle  de San Jorge 66,116,3,360000
Aragón,Huesca,Piso,Calle  de San Jorge 66,85,3,238000
Aragón,Huesca,Piso,Avenida DE LOS DEPORTES,154,4,129000
Aragón,Huesca,Piso,Avenida Regimiento de Galicia,57,2,160000
Aragón,Huesca,Chalet,herreria 1,243,6,80000
Aragón,Huesca,Piso,Santiago 11,89,3,130000
Aragón,Huesca,Atico,nacional 240 6,52,2,95000
Aragón,Huesca,Chalet,Calle de la Iglesia 4,115,3,110000
Aragón,Huesca,Chalet,Del Medio 3,316,6,88000
Aragón,Huesca,Chalet,Partida Gesera 14,544,6,180000
Aragón,Huesca,Chalet,Calle Mondarruego 12,172,3,309000
Aragón,Huesca,Duplex,la paul s/n,200,4,325000
Aragón,Huesca,Chalet,San Esteban 19,67,2,195000
Aragón,Huesca,Chalet,Arco del 4,176,4,150000
Aragón,Huesca,Duplex,Urbanizacion Espata R5 12,64,2,115000
Aragón,Huesca,Chalet,Galan Garcia 1,450,5,1200000
Aragón,Huesca,Duplex,Travesia de Jaca 13,53,2,109000
Aragón,Huesca,Chalet,Torre 10,228,4,125000
Aragón,Huesca,Chalet,Calle Carretera 18,85,4,125000
Aragón,Huesca,Duplex,Calle Unica 4 B,82,4,295000
Aragón,Huesca,Chalet,Calle Tortuosa 20,145,3,173000
Aragón,Huesca,Atico,Camino Pista de la Estacion 7,72,2,120000
Aragón,Huesca,Piso,Calle Varellas 12,15,3,155000
Aragón,Huesca,Piso,Calle de Valle de Oza 3,101,3,140000
Aragón,Huesca,Casa Rural,Travesia Francia 4,50,1,80000
Aragón,Huesca,Casa Rural,Calle San Miguel 33,96,3,105000
Aragón,Huesca,Casa Rural,centro s/n,228,5,248000
Aragón,Huesca,Duplex,Calle Unica 14,126,3,248000
Aragón,Huesca,Piso,Plaza Europa 2,48,1,99000
Aragón,Huesca,Chalet,Calle Unica 20,734,2,110000
Aragón,Huesca,Casa Rural,Travesia Francia 4,50,1,80000
Aragón,Huesca,Piso,Huesca 2,71,2,179000
Aragón,Huesca,Chalet,Calle unica s/n,955,5,4500000
Aragón,Huesca,Atico,Avenida de Huesca 3,92,3,350000
Aragón,Huesca,Casa Rural,Plaza la iglesia s/n,363,4,155000
Aragón,Huesca,Chalet,Calle unica s/n,1392,4,180000
Aragón,Huesca,Casa Rural,Calle limon 1,180,4,130000
Aragón,Huesca,Piso,pirineos,77,2,240000
Aragón,Huesca,Casa Rural,Calle san roque s/n,156,3,186000
Aragón,Huesca,Duplex,Plano de Churro 11,79,2,150000
Aragón,Huesca,Piso,Calle Poblacion 11,51,1,115000
Aragón,Huesca,Chalet,Calle unica s/n,955,5,4500000
Aragón,Huesca,Chalet,Calle Unica 19,186,3,209000
Aragón,Huesca,Casa Rural,Calle san roque s/n,156,3,186000
Aragón,Huesca,Chalet,Calle unica s/n,1392,4,180000
Aragón,Huesca,Chalet,Calle ulima s/n,60,2,120000
Aragón,Huesca,Casa Rural,Calle Joaquin Costa 8,788,11,93000
Aragón,Huesca,Casa Rural,torrijos 36,3069,3,280000
Aragón,Huesca,Piso,Avenida EJERCITO s/n,47,1,95000
Aragón,Huesca,Casa Rural,barrio bajo s/n,116,3,75000
Aragón,Huesca,Piso,Urbanizacion Burgo Rapitan 2,57,1,39900
Aragón,Huesca,Chalet,Calle Unica 16,50,0,110000
Aragón,Huesca,Piso,Urbanizacion Burgo Rapitan s/n,36,1,38000
Aragón,Huesca,Casa Rural,Calle mayor s/n,126,4,87000
Aragón,Huesca,Piso,Calle Coli Escalona Leonardo s/n,84,3,49000
Aragón,Huesca,Chalet,Calle carretera s/n,82,3,130000
Aragón,Huesca,Chalet,Calle barrio los chalets 26,510,6,490000
Aragón,Huesca,Chalet,CALLLE BARRIO BAJO CASA PABLO s/n,24,3,195000
Aragón,Huesca,Chalet,Calle Medio Cartirana s/n,180,5,189000
Aragón,Huesca,Casa Rural,Carretera jaca s/n,94,3,134000
Aragón,Huesca,Atico,N-330a 36,41,0,35000
Aragón,Huesca,Casa Rural,Calle mayor 17,94,3,45000
Aragón,Huesca,Casa Rural,Calle unica s/n,28,0,250000
Aragón,Huesca,Casa Rural,Calle Unica 37,145,4,200000
Aragón,Huesca,Piso,Calle Valle de Axpe 3,99,3,195000
Aragón,Huesca,Atico,Calle A 5,46,1,115000
Aragón,Huesca,Casa Rural,Calle los banos s/n,200,0,550000
Aragón,Huesca,Casa Rural,Carretera 1,42,0,125000
Aragón,Huesca,Casa Rural,Diseminado Partidas 50,416,5,795000
Aragón,Huesca,Casa Rural,Calle unica s/n,160,3,330000
Aragón,Huesca,Estudio,N-330a 36,27,0,47000
Aragón,Huesca,Casa Rural,Calle unica s/n,200,5,330000
Aragón,Huesca,Casa Rural,Calle San Ciprian s/n,160,5,150000
Aragón,Huesca,Piso,Calle Valle de Anso s/n,75,2,166000
Aragón,Huesca,Piso,Edificio Nevado,41,1,139000
Aragón,Huesca,Piso,ramon y cajal s/n,60,4,107000
Aragón,Huesca,Chalet,Barrio Nuevo,23,3,35000
Aragón,Huesca,Casa Rural,LA LUERA DE ACUMUER s/n,120,3,127000
Aragón,Huesca,Piso,Calle Membrilleras,14,2,187000
Aragón,Huesca,Chalet,Calle unica s/n,500,7,319000
Aragón,Huesca,Casa Rural,LA LUERA DE ACUMUER s/n,92,3,127000
Aragón,Huesca,Piso,ramon y cajal s/n,60,4,107000
Aragón,Huesca,Piso,Calle Membrilleras,14,2,187000
Aragón,Huesca,Casa Rural,Carretera AISA s/n,2000,2,95000
Aragón,Huesca,Piso,Alto Coso 55,138,4,220000
Aragón,Huesca,Casa Rural,Camino Banaries s/n,900,1,77000
Aragón,Huesca,Piso,Regimiento de Galicia 15,55,2,160000
Aragón,Huesca,Chalet,Carretera Puibolea,1300,10,420000
Aragón,Huesca,Atico,Calle Pedro Ruimonte 12,62,2,225000
Aragón,Huesca,Duplex,Calle Unica,73,2,102500
Aragón,Huesca,Piso,Urbanizacion Burgo Rapitan,46,1,45000
Aragón,Huesca,Chalet,Calle San Esteban 7,323,8,80000
Aragón,Huesca,Piso,Esterres,137,4,260000
Aragón,Huesca,Duplex,Pasaje Union Jaquesa,77,2,172000
Aragón,Huesca,Piso,Pasaje Burgos 7,133,4,310000
Aragón,Huesca,Chalet,Calle Arasan,50,3,50000
Aragón,Huesca,Piso,Avenida Yebra de Basa,209,6,279000
Aragón,Huesca,Casa Rural,Calle Carretera,125,4,250000
Aragón,Huesca,Chalet,Calle de la iglesia,801,5,415000
Aragón,Huesca,Piso,Calle Mayor,70,2,169000
Aragón,Huesca,Chalet,Calle Arrabal,309,3,175000
Aragón,Huesca,Piso,Calle Bellido,94,3,216000
Aragón,Huesca,Estudio,Edificio Piramide,35,0,110000
Aragón,Huesca,Chalet,Avenida Molsa 3,500,4,1000000
Aragón,Huesca,Casa Rural,el sol,58,3,88000
Aragón,Huesca,Chalet,Calle Mayor Martes,101,5,40000
Aragón,Huesca,Chalet,Calle Unica,259,3,330000
Aragón,Huesca,Casa Rural,Calle ORIENTE,160,4,120000
Aragón,Huesca,Piso,Calle Pico Marbore,100,4,360000
Aragón,Huesca,Chalet,Paseo de la Cantera Jaca,100,6,1500000
Aragón,Huesca,Piso,Calle Huesca,72,2,179000
Aragón,Huesca,Chalet,lavadero,400,5,450000
Aragón,Huesca,Piso,Calle San Sebastian Ag Formiga,63,2,249000
Aragón,Huesca,Duplex,Calle Santa Cruz,92,3,660000
Aragón,Huesca,Casa Rural,Calle mayor,250,5,198000
Aragón,Huesca,Casa Rural,aire,250,5,450000
Aragón,Huesca,Duplex,Urbanizacion Luga de Castiello,78,2,149000
Aragón,Huesca,Chalet,Urbanizacion Montana Azul,452,13,725410
Aragón,Huesca,Atico,Calle aguas limpias,54,2,182000
Aragón,Huesca,Duplex,Urbanizacion Luga de Castiello,68,2,149000
Aragón,Huesca,Casa Rural,Alto Unica,700,5,200000
Aragón,Huesca,Piso,Calle Pico Marbore,100,4,360000
Aragón,Huesca,Chalet,Urbanizacion Montana Azul,629,13,725410
Aragón,Huesca,Piso,Avenida de los Aranones,75,2,195000
Aragón,Huesca,Piso,Serrablo,94,3,110000
Aragón,Huesca,Casa Rural,San Juan 4,300,6,299000
Aragón,Huesca,Atico,Calle aguas limpias,54,2,182000
Aragón,Huesca,Chalet,Calle Mondarruego,172,3,309000
Aragón,Huesca,Casa Rural,Calle LEVANTE,180,5,248000
Aragón,Huesca,Casa Rural,Calle Unica de Sandinies,452,9,675000
Aragón,Huesca,Piso,Calle norte,81,3,220000
Aragón,Huesca,Chalet,Calle SAN ANTON,143,4,285000
Aragón,Huesca,Piso,Calle Huesca,116,3,185000
Aragón,Huesca,Casa Rural,Calle de la Fuente,466,10,90000
Aragón,Huesca,Casa Rural,Calle LA IGLESIA s/n,200,0,126000
Aragón,Huesca,Casa Rural,Camporrells,529,4,34500
Aragón,Huesca,Piso,Calle Ramiro I 27,71,2,209250
Aragón,Huesca,Chalet,Ainsa-Sobrarbe,80,4,319500
Aragón,Huesca,Chalet,Calle Juan XXIII,140,4,69900
Aragón,Huesca,Atico,CM A 5 s/n,116,3,274000
Aragón,Huesca,Piso,Avenida Yebra de Basa,62,2,108000
Aragón,Huesca,Piso,Marques de Uquijo,92,3,153000
Aragón,Huesca,Chalet,Calle Mayor 25,30,3,199000
Aragón,Huesca,Atico,Plaza de Ripa 4,68,2,250000
Aragón,Huesca,Estudio,Calle oriente s/n,34,0,45000
Aragón,Huesca,Piso,Calle Felipe V 2,12,1,97000
Aragón,Huesca,Chalet,Alto de Bescansa s/n,96,3,257000
Aragón,Huesca,Piso,Carretera Pte Escarrilla Ag Pueyo 1,85,3,224000
Aragón,Huesca,Chalet,Unica 1,500,7,319000
Aragón,Huesca,Duplex,Calle Esterres,97,3,189000
Aragón,Huesca,Piso,Fernando el Catolico 20,88,3,186000
Aragón,Huesca,Piso,Avenida de Francia 3,51,1,125000
Aragón,Huesca,Chalet,Calle Baja (Canias) 5,300,5,210000
Aragón,Huesca,Atico,San Roque 6,56,1,125000
Aragón,Huesca,Duplex,Calle el Ferial 6,78,2,155000
Aragón,Huesca,Piso,Plaza la Inmaculada,172,4,330000
Aragón,Huesca,Piso,Calle Coso 23,40,2,178000
Aragón,Huesca,Piso,Calle Los Pinos 6,66,2,82000
Aragón,Huesca,Piso,Carretera de Francia 3,72,2,128000
Aragón,Huesca,Piso,Plaza la Inmaculada,172,4,330000
Aragón,Huesca,Chalet,Calle Poniente 7,99,3,270000
Aragón,Huesca,Piso,aragon 41,102,3,120000
Aragón,Huesca,Chalet,SAN MIGUEL 1,68,2,196700
Aragón,Huesca,Piso,Avenida Yebra de Basa,62,2,99000
Aragón,Huesca,Casa Rural,Calle 7 de Febrero de 1883 12,456,10,199000
Aragón,Huesca,Casa Rural,Calle la Iglesia,60,4,180000
Aragón,Huesca,Casa Rural,San Chaime 8 a,204,0,29000
Aragón,Huesca,Chalet,Tamarite de Litera,81,3,65000
Aragón,Huesca,Chalet,cruz 65,99,3,595000
Aragón,Huesca,Duplex,Calle Joaquin Costa 6,92,3,228000
Aragón,Huesca,Duplex,Avenida de Francia 21,63,2,109900
Aragón,Huesca,Piso,Calle sierra de guara 20,50,2,112000
Aragón,Huesca,Chalet,Calle fuente 2,149,4,290000
Aragón,Huesca,Casa Rural,Calle Barrio Bajo 9,20,2,33000
Aragón,Huesca,Chalet,san grimen,134,3,250000
Aragón,Huesca,Piso,Calle unica,49,1,130000
Aragón,Huesca,Chalet,Plaza Ramon Cajal s/n,100,0,200000
Aragón,Huesca,Casa Rural,Calle Unica 46,40,0,70000
Aragón,Huesca,Piso,Avenida de Martinez de Velasco 35,106,3,165000
Aragón,Huesca,Piso,Avenida de los Pirineos,56,1,170000
Aragón,Huesca,Chalet,Calle Santo Grial,120,3,178000
Aragón,Huesca,Piso,Las Margas Golf-Latas,49,1,94900
Aragón,Huesca,Chalet,Panticosa,111,3,388000
Aragón,Huesca,Chalet,Calle Mayor,461,6,325000
Aragón,Huesca,Piso,Panticosa,60,2,199000
Aragón,Huesca,Casa Rural,Alcala de Gurrea,0,2,150000
Aragón,Huesca,Piso,Biescas,99,3,186000
Aragón,Huesca,Casa Rural,Calle pirineo s/n,180,0,159000
Aragón,Huesca,Piso,Paseo Constitucion  2,158,4,298000
Aragón,Huesca,Piso,Paseo Constitucion  2,149,4,299000
Aragón,Huesca,Duplex,La Paul,112,3,188000
Aragón,Huesca,Chalet,Boltana,70,4,582000
Aragón,Huesca,Estudio,Edificio Raca,42,0,78000
Aragón,Huesca,Piso,Avenida de Huesca,46,1,129000
Aragón,Huesca,Piso,Calle Poblacion,51,1,115000
Aragón,Huesca,Casa Rural,Calle Mayor,136,3,150000
Aragón,Huesca,Piso,La Espata,44,2,79000
Aragón,Huesca,Atico,Paseo Constitucion  2,73,2,240000
Aragón,Huesca,Chalet,Calle Mariano Sanchez Gaston,380,5,380000
Aragón,Huesca,Piso,Calle Escuelas Pias 5,69,2,200000
Aragón,Huesca,Piso,Avenida de Huesca,104,3,250000
Aragón,Huesca,Piso,Bellido,120,6,95000
Aragón,Huesca,Casa Rural,mayor,486,9,525000
Aragón,Huesca,Chalet,Calle Mariano Sanchez Gaston,380,5,380000
Aragón,Huesca,Piso,Calle Unica,36,1,130000
Aragón,Huesca,Chalet,Calle Chistorre,250,5,320000
Aragón,Huesca,Piso,Calle LA NOGUERA,170,3,244000
Aragón,Huesca,Piso,Urbanizacion Burgo Rapitan,36,1,40000
Aragón,Huesca,Atico,Avenida de Huesca 3 A,96,3,210000
Aragón,Huesca,Piso,Calle Autonomia de Aragon,118,3,184900
Aragón,Huesca,Chalet,Calle Baja,70,2,72000
Aragón,Huesca,Casa Rural,Plaza Mayor Ag Besians,42,1,98000
Aragón,Huesca,Casa Rural,Carretera Iglesia,169,5,58000
Aragón,Huesca,Piso,pirineos,49,1,170000
Aragón,Huesca,Atico,Avenida de Francia 36,25,0,54000
Aragón,Huesca,Duplex,Calle de los Estudios,92,3,215000
Aragón,Huesca,Chalet,Mayor 10,380,4,58000
Aragón,Huesca,Piso,General Villacampa 24,89,3,159000
Aragón,Huesca,Piso,Calle Porches de Galicia 2 -4,46,1,99500
Aragón,Huesca,Piso,Calle la Cruz 47,91,3,385000
Aragón,Huesca,Chalet,Travesia Mozarabes 2,227,6,550000
Aragón,Huesca,Piso,LLANO 12,79,2,228000
Aragón,Huesca,Piso,Calle Iglesia 30 A,74,2,225000
Aragón,Huesca,Chalet,Aren,173,5,325000
Aragón,Huesca,Chalet,Alto Barrio s/n,80,2,120000
Aragón,Huesca,Chalet,Navarra 13,243,6,80000
Aragón,Huesca,Piso,Camino DE SARAS 29,118,3,329900
Aragón,Huesca,Piso,Camino D 5,66,2,215000
Aragón,Huesca,Atico,Biescas,65,2,199000
Aragón,Huesca,Chalet,Ainsa-Sobrarbe,396,4,460000
Aragón,Huesca,Atico,barrio Casco Antiguo - Ciudadela,15,3,570000
Aragón,Huesca,Piso,Carretera Hoz 2,73,2,225000
Aragón,Huesca,Piso,Escarrilla,47,2,148000
Aragón,Huesca,Piso,Calle Ramiro el Monje Sabinanigo,92,3,55000
Aragón,Huesca,Casa Rural,Calle del viento,41,1,38000
Aragón,Huesca,Casa Rural,Valle de Lierp,456,10,330000
Aragón,Huesca,Estudio,burgo de rapitan,49,0,48000
Aragón,Huesca,Chalet,Calle MEDIO,43,1,189000
Aragón,Huesca,Chalet,sufrimiento aragones,230,5,325000
Aragón,Huesca,Estudio,burgo de rapitan,32,0,48000
Aragón,Huesca,Piso,Calle Rio Flumen 25,101,3,195000
Aragón,Huesca,Piso,Calle Carpanta Neril,69,2,109800
Aragón,Huesca,Casa Rural,Calle Pere Garcia de Benabarre,139,4,16500
Aragón,Huesca,Chalet,Calle del Hospital,23,0,360000
Aragón,Huesca,Casa Rural,Calle zaragoza,61,2,22000
Aragón,Huesca,Chalet,Calle La Laguna 2,900,5,850000
Aragón,Huesca,Piso,Plaza Santa Ana,134,4,68500
Aragón,Huesca,Piso,Calle el Llano,61,2,185000
Aragón,Huesca,Duplex,Calle Medio 12,78,2,149900
Aragón,Huesca,Casa Rural,Calle Mayor,90,1,200000
Aragón,Huesca,Chalet,Panticosa,62,2,300000
Aragón,Huesca,Estudio,Avenida de Huesca,25,0,118000
Aragón,Huesca,Chalet,Nueno,145,4,575000
Aragón,Huesca,Chalet,Zaidin,184,5,24000
Aragón,Huesca,Chalet,Afueras 2,10000,1,89900
Aragón,Huesca,Piso,Angel Samblancat,95,3,114500
Aragón,Huesca,Piso,Calle de Serrablo,110,3,136000
Aragón,Huesca,Chalet,Calle Baja 5,68,1,65000
Aragón,Huesca,Atico,Avenida de Pineta 27,69,2,110000
Aragón,Huesca,Piso,Calle Pena Montanesa 10,64,2,97000
Aragón,Huesca,Chalet,Calle Nuestra Senora de la Asuncion 2,374,3,445000
Aragón,Huesca,Piso,Calle Pena Montanesa 10,55,2,109000
Aragón,Huesca,Piso,Avenida de Pineta 21,45,1,76000
Aragón,Huesca,Piso,Avenida ordesa 42,108,4,110000
Aragón,Huesca,Chalet,Calle Ribagorza 17,84,2,155000
Aragón,Huesca,Piso,Calle de Algascar 2,91,2,135000
Aragón,Huesca,Chalet,Calle Baja,140,3,190000
Aragón,Huesca,Atico,Calle B,39,1,147000
Aragón,Huesca,Chalet,Calle Barrio Alto,122,3,125000
Aragón,Huesca,Chalet,Calle la Melusa 3,54,4,345000
Aragón,Huesca,Chalet,Calle Barcelona,1200,5,980000
Aragón,Huesca,Chalet,Calle San Orencio 2 -4,148,4,350000
Aragón,Huesca,Chalet,Calle Ribera de Guasa 1,9,4,310000
Aragón,Huesca,Chalet,Calle Unica 69 -15,226,3,185000
Aragón,Huesca,Piso,Plaza Caspe 3,139,5,200000
Aragón,Huesca,Piso,Calle Teruel,102,4,242000
Aragón,Huesca,Piso,Avenida los Danzantes de Huesca,70,3,192000
Aragón,Huesca,Piso,Calle de Serrablo 76,120,4,69900
Aragón,Huesca,Piso,Calle del Cleriguech 15,65,4,130000
Aragón,Huesca,Piso,Avenida de Huesca,94,3,220000
Aragón,Huesca,Piso,Pasaje Golondrinas,62,3,85000
Aragón,Huesca,Piso,Calle Zarandia 22,28,2,116000
Aragón,Huesca,Piso,Calle Tenerias,100,3,250000
Aragón,Huesca,Piso,Avenida de los Pirineos 8,143,4,166000
Aragón,Huesca,Duplex,Calle Unica,30,1,132000
Aragón,Huesca,Piso,Calle Fidel Seral,90,3,200000
Aragón,Huesca,Chalet,Calle San Roque,123,4,116000
Aragón,Huesca,Chalet,Calle Mayor,775,5,114500
Aragón,Huesca,Chalet,Calle Molino,292,5,69000
Aragón,Huesca,Piso,Camino de Santiago 2,66,2,105500
Aragón,Huesca,Piso,Calle Ramon y Cajal 3,96,3,65000
Aragón,Huesca,Piso,Barbastro,128,4,165000
Aragón,Huesca,Chalet,Monzon,65,2,62000
Aragón,Huesca,Piso,Avenida del Ejercito 28,64,2,80000
Aragón,Huesca,Chalet,Benabarre,2081,3,350000
Aragón,Huesca,Piso,Calle General Lasheras,122,4,85000
Aragón,Huesca,Piso,Monzon,89,3,115000
Aragón,Huesca,Casa Rural,mayor,135,4,49000
Aragón,Huesca,Piso,Calle Jaime I 40,80,2,115000
Aragón,Huesca,Atico,barrio Casco Antiguo - Ciudadela,15,3,570000
Aragón,Huesca,Piso,san bernardo 2,83,3,195000
Aragón,Huesca,Chalet,Binefar,508,5,420000
Aragón,Huesca,Casa Rural,sierpe 4,66,2,10000
Aragón,Huesca,Piso,Urbanizacion campanal 1,67,2,120000
Aragón,Huesca,Duplex,Calle de Santiago 39,73,2,240000
Aragón,Huesca,Chalet,teruel,135,4,90000
Aragón,Huesca,Chalet,Calle Herreria 1,25,0,46000
Aragón,Huesca,Chalet,poligono,300,3,124500
Aragón,Huesca,Piso,Calle Albareda,50,2,84000
Aragón,Huesca,Chalet,Calle Unica Samitier,396,4,459900
Aragón,Huesca,Piso,Calle Carretera,52,2,95000
Aragón,Huesca,Chalet,la asuncion,200,4,79500
Aragón,Huesca,Casa Rural,Calle Angel Samblancat,140,5,84500
Aragón,Huesca,Casa Rural,asuncion,410,4,89500
Aragón,Huesca,Duplex,urbanizacion de los arcos,67,2,152000
Aragón,Huesca,Casa Rural,del horno,15,5,75000
Aragón,Huesca,Duplex,pedro pac,147,3,124900
Aragón,Huesca,Piso,la rampa,75,2,124500
Aragón,Huesca,Piso,Plaza de Europa 5,58,1,107000
Aragón,Huesca,Casa Rural,santa ana,140,3,21500
Aragón,Huesca,Casa Rural,del horno,15,5,75000
Aragón,Huesca,Piso,la rampa,78,2,124500
Aragón,Huesca,Chalet,Plaza mayor,300,7,64500
Aragón,Huesca,Chalet,la torre,61,2,131000
Aragón,Huesca,Piso,Plaza de Europa 5,53,1,107000
Aragón,Huesca,Duplex,pedro pac,147,3,124900
Aragón,Huesca,Chalet,Calle B,140,3,114500
Aragón,Huesca,Casa Rural,Carretera Tarragona San Sebastian sietamo,151,4,336800
Aragón,Huesca,Piso,san vitorian,56,2,122500
Aragón,Huesca,Piso,Avenida serrablo,143,4,46000
Aragón,Huesca,Chalet,jarea,167,4,104500
Aragón,Huesca,Piso,Avenida ribagorza,72,2,91500
Aragón,Huesca,Chalet,la asuncion,200,4,79500
Aragón,Huesca,Chalet,Calle mayor,177,4,52000
Aragón,Huesca,Chalet,Calle nueva,240,1,70000
Aragón,Huesca,Casa Rural,Calle Escuelas,500,5,360000
Aragón,Huesca,Chalet,Calle Mayor,160,4,74900
Aragón,Huesca,Chalet,Calle san jose pignatelli,90,4,74500
Aragón,Huesca,Casa Rural,Iglesia,39,0,57000
Aragón,Huesca,Casa Rural,Calle muro,260,4,74500
Aragón,Huesca,Piso,Carretera pamplona,62,2,89500
Aragón,Huesca,Piso,Diseminado Berdun y Alrededores,113,3,131000
Aragón,Huesca,Chalet,Calle Mayor,250,7,75000
Aragón,Huesca,Piso,Calle Carretera,58,1,49900
Aragón,Huesca,Chalet,Calle Abajo,80,2,52500
Aragón,Huesca,Piso,Calle Ral,75,1,65000
Aragón,Huesca,Casa Rural,Calle Pena,360,1,155400
Aragón,Huesca,Piso,Calle del parque,103,3,120000
Aragón,Huesca,Chalet,Avenida Ramon Berenguer IV,150,4,295300
Aragón,Huesca,Piso,Calle Benito Coll,90,3,99000
Aragón,Huesca,Duplex,Avenida de los Aranones,52,2,116800
Aragón,Huesca,Chalet,Partida Afueras Jaca Industrial,100,3,275000
Aragón,Huesca,Atico,Carretera,65,2,79500
Aragón,Huesca,Casa Rural,Sobrarbe s/n,34000,5,360000
Aragón,Huesca,Chalet,Calle Entrada 9 -5,440,9,319999
Aragón,Huesca,Piso,Barbastro,101,3,139000
Aragón,Huesca,Chalet,ALTA,252,5,45000
Aragón,Huesca,Chalet,Borda Escampez 65,4000,3,375000
Aragón,Huesca,Piso,antonio machado,90,4,57500
Aragón,Huesca,Chalet,Barbastro,70,2,107000
Aragón,Huesca,Piso,antonio machado,90,4,57500
Aragón,Huesca,Piso,Avenida de Pineta 21,72,2,140000
Aragón,Huesca,Chalet,Calle Arrabal 12,7,2,162000
Aragón,Huesca,Duplex,Calle Calatayud 21,9,4,258798
Aragón,Huesca,Piso,Urbanizacion Picaruelas 3,70,2,125000
Aragón,Huesca,Piso,Plaza de Europa 1,52,1,91000
Aragón,Huesca,Piso,Calle pano mariano 110,79,2,118000
Aragón,Huesca,Piso,Calle Pena Montanesa 10,55,2,129000
Aragón,Huesca,Piso,Avenida Juan XXIII 19,85,2,129000
Aragón,Huesca,Chalet,Calle la Iglesia 13,180,6,99000
Aragón,Huesca,Piso,Calle San Victorian 25,58,2,145000
Aragón,Huesca,Piso,Simeon Pons 2,64,2,145000
Aragón,Huesca,Chalet,Colonia Molino Aceite 5,18200,2,275000
Aragón,Huesca,Atico,Calle Pena Montanesa 10,68,2,97000
Aragón,Huesca,Piso,major 2,40,1,120000
Aragón,Huesca,Chalet,Mayor 17,604,6,240000
Aragón,Huesca,Casa Rural,Calle del Arco 6 s/n,201,4,60000
Aragón,Huesca,Chalet,Calle Arrabal 7,200,3,137000
Aragón,Huesca,Piso,Barrio del hornero,51,1,80000
Aragón,Huesca,Piso,cofita,90,3,89500
Aragón,Huesca,Piso,Calle Membrilleras,75,2,187000
Aragón,Huesca,Piso,Paseo de los Ayerbes 4,50,1,97000
Aragón,Huesca,Duplex,Calle Unica,84,3,184278
Aragón,Huesca,Chalet,Plaza Mayor 22,504,5,690000
Aragón,Huesca,Chalet,Fonz,182,4,27000
Aragón,Huesca,Duplex,arenal 21,109,3,129000
Aragón,Huesca,Piso,Pasaje CRUZ SUR 7,129,4,247716
Aragón,Huesca,Chalet,Calle Mayor 6,65,1,75000
Aragón,Huesca,Piso,Pasaje Calatayud 21,152,4,250679
Aragón,Huesca,Chalet,Travesia del Pilar 25,211,6,90000
Aragón,Huesca,Piso,Avenida del ejercito,96,3,39500
Aragón,Huesca,Chalet,joaquin costa 14,360,4,250000
Aragón,Huesca,Piso,Calle Felipe V 2,45,1,97000
Aragón,Huesca,Piso,Calle de Serrablo 136,78,2,129000
Aragón,Huesca,Piso,Av del Ejercito 43,88,3,139000
Aragón,Huesca,Piso,Camino de Aurin 8,92,3,53000
Aragón,Huesca,Piso,C/Mayor 42 -44,90,4,190000
Aragón,Huesca,Chalet,Calle Chapitel 8,269,6,170000
Aragón,Huesca,Piso,Calle Unica 14,80,2,130000
Aragón,Huesca,Piso,Calle Unica 14,80,2,130000
Aragón,Huesca,Piso,Calle Dona Sancha 30 32,25,4,288687
Aragón,Huesca,Casa Rural,Calle Mayor 49,127,3,350000
Aragón,Huesca,Piso,Carretera Tuberia,46,2,282000
Aragón,Huesca,Piso,Avenida  Benito coll 25,77,2,140000
Aragón,Huesca,Piso,Calle F Agcerler 4,167,5,440000
Aragón,Huesca,Piso,Calle Escalar Ag Astun 13,69,2,89000
Aragón,Huesca,Chalet,Urbanizacion Linsoles 20,50,6,1049000
Aragón,Huesca,Chalet,Calle Mayor,180,3,45000
Aragón,Huesca,Piso,Calle Varellas,108,3,149000
Aragón,Huesca,Piso,Calle Pena Telera 1,55,1,85000
Aragón,Huesca,Chalet,Calle Unica,4000,5,720000
Aragón,Huesca,Duplex,Calle de la Universidad 11,94,3,220000
Aragón,Huesca,Casa Rural,Costera,320,6,399000
Aragón,Huesca,Duplex,974190136,492,102000,Calle Jacetania 8
Aragón,Huesca,Piso,Avenida Yebra de Basa,90,2,72000
Aragón,Huesca,Chalet,Calle mayor,161,5,59000
Aragón,Huesca,Atico,Carretera de Anciles 9,160,4,340000
Aragón,Huesca,Piso,Fernando el Catolico 35 B,80,2,155000
Aragón,Huesca,Chalet,Calle Redapar,136,4,238000
Aragón,Huesca,Piso,barranco,121,3,78500
Aragón,Huesca,Piso,Albareda 16 C,68,2,135000
Aragón,Huesca,Chalet,Calle unica,720,5,525000
Aragón,Huesca,Piso,Calle Pena Telera,63,2,145000
Aragón,Huesca,Chalet,Carretera Benasque s/n s/n,160,6,45000
Aragón,Huesca,Piso,Calle Albareda 26,112,3,142000
Aragón,Huesca,Chalet,nueva,101,3,62000
Aragón,Huesca,Casa Rural,san angel,298,7,74500
Aragón,Huesca,Piso,Avenida del pilar,116,3,61400
Aragón,Huesca,Chalet,Camino San Anton 6,40,6,590000
Aragón,Huesca,Chalet,Calle Fuendechordana,154,4,320000
Aragón,Huesca,Piso,Calle Alta 16,50,2,165000
Aragón,Huesca,Casa Rural,La Sotonera,158,4,69000
Aragón,Huesca,Piso,Calle Jose Sanz,106,3,112900
Aragón,Huesca,Chalet,Calle Campo Retor 12,153,3,218000
Aragón,Huesca,Piso,Calle Extramuros,65,2,52000
Aragón,Huesca,Duplex,barasona,124,3,141000
Aragón,Huesca,Duplex,Calle Jaca,25,3,106000
Aragón,Huesca,Piso,pintor,45,2,44500
Aragón,Huesca,Piso,Calle Lanuza,85,3,80000
Aragón,Huesca,Piso,Calle Conde Aranda,70,2,180000
Aragón,Huesca,Chalet,Calle AMARGURA 20,180,3,55000
Aragón,Huesca,Chalet,Calle la Torre,288,3,67500
Aragón,Huesca,Chalet,Calle unica,210,4,50000
Aragón,Huesca,Chalet,el llano 31,160,4,240000
Aragón,Huesca,Piso,Calle Padre Huesca,90,3,94500
Aragón,Huesca,Piso,Calle Lanuza,85,3,80000
Aragón,Huesca,Chalet,Calle la Fuente,200,6,90000
Aragón,Huesca,Chalet,Avenida de Ordesa  4,83,3,325000
Aragón,Huesca,Chalet,Calle de la Alegria 1,104,3,320000
Aragón,Huesca,Piso,Calle Camino del Pueyo  s/n,79,2,252000
Aragón,Huesca,Piso,Calle Camino del Pueyo  s/n,68,2,228000
Aragón,Huesca,Piso,Paseo Camino de Santiago 7,200,3,285000
Aragón,Huesca,Duplex,Calle Cruz 45,85,3,360000
Aragón,Huesca,Piso,Calle Camino del Pueyo  s/n,90,3,302500
Aragón,Huesca,Piso,Calle Camino del Pueyo  s/n,62,2,245500
Aragón,Huesca,Piso,Calle Cruz 45,64,2,320000
Aragón,Huesca,Duplex,Calle Cruz 45,100,3,350000
Aragón,Huesca,Piso,Travesia Suspiro 1,63,2,145000
Aragón,Huesca,Piso,Calle Cruz 45,75,2,300000
Aragón,Huesca,Piso,Paseo Camino de Santiago 7,200,3,260000
Aragón,Huesca,Chalet,Calle de la Alegria 1,104,3,350000
Aragón,Huesca,Piso,Calle Cruz 45,73,2,265000
Aragón,Huesca,Piso,Calle Camino del Pueyo  s/n,82,3,282500
Aragón,Huesca,Piso,Paseo Camino de Santiago 7,200,3,240000
Aragón,Huesca,Piso,Calle Sancho Ramirez 2,156,4,69900
Aragón,Huesca,Chalet,Calle Escuelas 10,22,5,66500
Aragón,Huesca,Piso,Calle Coso Alto 34,17,5,280000
Aragón,Huesca,Chalet,Calle el Castillo 2,29,4,114000
Aragón,Huesca,Piso,Calle de Serrablo 90,100,4,75145
Aragón,Huesca,Piso,Paseo Camino de Santiago 7,200,2,230000
Aragón,Huesca,Chalet,Calle San Jose 15,1300,3,250000
Aragón,Huesca,Chalet,Calle mayor,187,4,265000
Aragón,Huesca,Duplex,Calle Ramiro Primero 30,67,2,265000
Aragón,Huesca,Piso,Calle Ramiro Primero 30,72,3,330000
Aragón,Huesca,Chalet,Calle de la Alegria 1,104,4,412000
Aragón,Huesca,Piso,Paseo Ramon y Cajal 70,119,3,203000
Aragón,Huesca,Piso,Calle Camino del Pueyo  s/n,117,3,302500
Aragón,Huesca,Piso,Calle Cruz 45,80,2,300000
Aragón,Huesca,Duplex,Calle Ramiro Primero 30,100,3,314000
Aragón,Huesca,Piso,Paseo Camino de Santiago 7,200,3,240000
Aragón,Huesca,Piso,Calle Camino del Pueyo  s/n,66,2,252000
Aragón,Huesca,Piso,Calle Camino del Pueyo  s/n,107,3,302500
Aragón,Huesca,Chalet,Calle el Castillo 2,29,4,114000
Aragón,Huesca,Chalet,Calle de la Alegria 1,104,3,350000
Aragón,Huesca,Piso,Calle Dona Sancha 30 32,26,3,249353
Aragón,Huesca,Piso,Calle Camino del Pueyo  s/n,68,2,228000
Aragón,Huesca,Piso,Calle Ramiro Primero 30,115,3,323000
Aragón,Huesca,Piso,Calle Ramiro Primero 30,106,3,320000
Aragón,Huesca,Piso,Calle Mesnaderos,63,2,159900
Aragón,Huesca,Chalet,Calle Llano,253,7,240000
Aragón,Huesca,Piso,Calle Monasterio de Sigena,16,3,245000
Aragón,Huesca,Chalet,Calle Joaquin Costa 6,97,3,20000
Aragón,Huesca,Piso,Calle Esparza,124,4,19000
Aragón,Huesca,Chalet,Calle Arrabal 5,104,3,78000
Aragón,Huesca,Piso,Calle San Sebastian 16,41,1,78000
Aragón,Huesca,Chalet,Calle San Chines s/n,350,8,800000
Aragón,Huesca,Estudio,Calle Tierra de Biescas 4,87,0,108000
Aragón,Huesca,Piso,Calle Coli Escalona Leonardo 17,90,4,68000
Aragón,Huesca,Casa Rural,Calle la Merced 11,227,6,69000
Aragón,Huesca,Duplex,Calle la Fueva s/n,150,4,235000
Aragón,Huesca,Piso,Calle Mayor 3,64,2,220000
Aragón,Huesca,Piso,Valle de Oza,72,2,126000
Aragón,Huesca,Atico,Barrando Redique,63,2,135000
Aragón,Huesca,Duplex,Mayor s/n,80,3,145000
Aragón,Huesca,Chalet,Calle San Lorenzo 60,140,4,155000
Aragón,Huesca,Chalet,Ordesa 1,245,6,300000
Aragón,Huesca,Chalet,Camino Borrastre s/n,220,4,239000
Aragón,Huesca,Chalet,Calle Unica 31,6,3,139900
Aragón,Huesca,Piso,Sancho Ramiro,44,8,153000
Aragón,Huesca,Atico,Avenida Fuendeplata 10,41,1,98000
Aragón,Huesca,Chalet,Calle la Prebetor 2,157,3,295000
Aragón,Huesca,Chalet,Paseo de la Cantera 18,500,5,780000
Aragón,Huesca,Casa Rural,Calle Cruzada 5,153,4,40000
Aragón,Huesca,Piso,Calle Mayor 3,76,2,235000
Aragón,Huesca,Chalet,Monte Perdido 14,140,3,309000
Aragón,Huesca,Casa Rural,Calle Gasset 7,260,4,50000
Aragón,Huesca,Chalet,Latorrecilla s/n,200,8,590000
Aragón,Huesca,Piso,Calle Mayor 3,62,2,238000
Aragón,Huesca,Piso,Calle Mayor 3,61,2,242000
Aragón,Huesca,Piso,Calle Mayor 3,63,2,242000
Aragón,Huesca,Piso,Calle Coli Escalona Leonardo 17,90,4,59500
Aragón,Huesca,Chalet,CONSTITUCION 1,250,4,120000
Aragón,Huesca,Piso,Calle Luis Bunuel,65,2,80000
Aragón,Huesca,Casa Rural,Calle Cruzada 5,139,4,40000
Aragón,Huesca,Piso,Calle Valentin Gardeta  21,90,3,206000
Aragón,Huesca,Piso,Plaza de la Inmaculada 2,172,4,330000
Aragón,Huesca,Piso,Calle Calatayud 21,62,3,179655
Aragón,Huesca,Chalet,Pirineos s/n,60,4,460000
Aragón,Huesca,Piso,Calle Zocotin  5,97,3,252489
Aragón,Huesca,Chalet,Labitolosa s/n,101,3,87000
Aragón,Huesca,Atico,Calle Valentin Gardeta  21,75,2,210000
Aragón,Huesca,Chalet,Paseo de la Paz 5,38,4,149900
Aragón,Huesca,Chalet,Calle Esther Ortiz Alday 8,75,2,159000
Aragón,Huesca,Piso,ARANONES 19,77,2,116800
Aragón,Huesca,Chalet,Plan s/n,115,3,90000
Aragón,Huesca,Piso,Calle Francisco Bayeu 4,64,2,71200
Aragón,Huesca,Chalet,Calle de Fondabos 26,39,5,291000
Aragón,Huesca,Piso,Calle Zocotin  5,83,3,287925
Aragón,Huesca,Chalet,Calle Unica,596,10,1200000
Aragón,Huesca,Piso,Calle Zocotin  5,92,3,290680
Aragón,Huesca,Chalet,Calle Bujicar 1,101,3,553800
Aragón,Huesca,Chalet,Calle Autonomia de Aragon 24,27,5,383000
Aragón,Huesca,Piso,Calle Valentin Gardeta  21,96,3,195000
Aragón,Huesca,Piso,Calle Zocotin  5,81,3,284775
Aragón,Huesca,Chalet,Calle Bujicar 1,114,3,553800
Aragón,Huesca,Piso,Calle Goya 6,77,2,60000
Aragón,Huesca,Piso,Calle Valentin Gardeta  21,90,3,198000
Aragón,Huesca,Piso,Calle Zocotin  5,112,3,299690
Aragón,Huesca,Piso,Calle Zocotin  5,102,3,287360
Aragón,Huesca,Piso,Calle Valentin Gardeta  21,72,2,170000
Aragón,Huesca,Atico,Avenida Zaragoza 21,69,2,212040
Aragón,Huesca,Piso,Paseo Ramon y Cajal 70,114,3,195000
Aragón,Huesca,Piso,Puente Escarrilla 2,63,2,145000
Aragón,Huesca,Piso,Paseo Ramon y Cajal 70,70,2,149000
Aragón,Huesca,Atico,Avenida Zaragoza 21,80,3,247050
Aragón,Huesca,Duplex,Avenida Aragon 65,122,4,226000
Aragón,Huesca,Piso,Avenida Aragon 65,81,3,152000
Aragón,Huesca,Piso,Avenida Aragon 65,92,3,152000
Aragón,Huesca,Casa Rural,Calle Carlla 7,113,4,235000
Aragón,Huesca,Piso,Avenida Aragon 65,86,3,152000
Aragón,Huesca,Piso,Avenida Zaragoza 21,72,2,205200
Aragón,Huesca,Piso,Avenida Zaragoza 21,71,2,201780
Aragón,Huesca,Piso,Avenida Zaragoza 21,90,3,274040
Aragón,Huesca,Piso,Puente Escarrilla 2,74,2,145000
Aragón,Huesca,Casa Rural,Calle Carlla 7,113,4,235000
Aragón,Huesca,Piso,Avenida Zaragoza 21,116,3,230850
Aragón,Huesca,Piso,Avenida Aragon 65,93,3,152000
Aragón,Huesca,Chalet,Calle Mayor  s/n,102,3,340000
Aragón,Huesca,Chalet,Calle Mayor  s/n,155,4,365000
Aragón,Huesca,Chalet,Carretera 22,140,3,90000
Aragón,Huesca,Piso,Calle Cavia Mariano,6,2,220000
Aragón,Huesca,Chalet,Calle del Olmo,252,3,230000
Aragón,Huesca,Chalet,Calle Endina Larres,15,6,380000
Aragón,Huesca,Chalet,Calle Mayor  s/n,117,3,295000
Aragón,Huesca,Chalet,Calle Mayor  s/n,153,4,395000
Aragón,Huesca,Chalet,Calle Mayor  s/n,98,3,290000
Aragón,Huesca,Casa Rural,Calle Alta,51,1,25000
Aragón,Huesca,Piso,Barbastro,67,2,145000
Aragón,Huesca,Chalet,Calle Mayor  s/n,122,4,365000
Aragón,Huesca,Chalet,Calle Ramon y Cajal,120,5,59000
Aragón,Huesca,Atico,Pasaje Cruz del Sur 7,135,4,476113
Aragón,Huesca,Atico,Pasaje Cruz del Sur 7,40,3,309032
Aragón,Huesca,Duplex,Calle Calatayud 21,42,4,419642
Aragón,Huesca,Piso,Calle Mirador del Valle 9,68,2,110000
Aragón,Huesca,Piso,Avenida del ejercito 70,69,2,85000
Aragón,Huesca,Chalet,Calle Rafael Gasset,124,4,90000
Aragón,Huesca,Chalet,Calle la Fuente Arasan,88,3,390000
Aragón,Huesca,Chalet,Avenida DE HUESCA 60,315,5,330000
Aragón,Huesca,Chalet,Calle Calvario,146,7,199990
Aragón,Huesca,Piso,Calle Mayor 3,74,2,235000
Aragón,Huesca,Chalet,Carretera fuente de sieste,10000,4,309000
Aragón,Huesca,Piso,Calle las Aliagas,8,2,116000
Aragón,Huesca,Atico,Sallent de Gallego,74,2,290000
Aragón,Huesca,Casa Rural,La Fueva,72,2,20000
Aragón,Huesca,Piso,Avenida de la Estacion,101,2,185000
Aragón,Huesca,Piso,Calle Mayor 3,61,2,242000
Aragón,Huesca,Chalet,Las Cambras,500,8,470000
Aragón,Huesca,Piso,Calle Santo Angel de la Guarda,104,3,250000
Aragón,Huesca,Piso,Calle Pena Telera,44,1,85000
Aragón,Huesca,Piso,Calle Mayor 3,60,2,242000
Aragón,Huesca,Piso,Calle Santo Angel de la Guarda,104,3,250000
Aragón,Huesca,Chalet,Calle Unica,74,2,179500
Aragón,Huesca,Piso,Calle  de San Jorge 66,138,4,252000
Aragón,Huesca,Chalet,San Esteban,187,5,310000
Aragón,Huesca,Piso,Calle  de San Jorge 66,146,4,277000
Aragón,Huesca,Casa Rural,Cervantes,600,5,165000
Aragón,Huesca,Piso,Calle Esterres,74,2,215000
Aragón,Huesca,Chalet,Calle Conchel 33,80,3,198000
Aragón,Huesca,Chalet,Calle Las Cortes 13,489,9,105000
Aragón,Huesca,Chalet,Calle Molino 10,136,4,490605
Aragón,Huesca,Piso,Avenida  Benito coll 25,149,4,245000
Aragón,Huesca,Piso,Calle Cuatro Reyes 2,130,4,62600
Aragón,Huesca,Chalet,Calle Molino 10,158,4,516426
Aragón,Huesca,Piso,Calle Molino 10,62,2,245070
Aragón,Huesca,Duplex,Calle Molino 10,86,3,281482
Aragón,Huesca,Casa Rural,Calle Mayor 1 Numero,139,4,32000
Aragón,Huesca,Piso,Calle de los Estudios,68,2,187000
Aragón,Huesca,Chalet,Calle San Cristobal,193,5,141750
Aragón,Huesca,Chalet,Calle Molino 10,191,5,544475
Aragón,Huesca,Piso,Calle Ramiro I 27,15,2,202151
Aragón,Huesca,Duplex,Calle  de San Jorge 66,114,3,385000
Aragón,Huesca,Piso,Calle Molino 10,76,2,243046
Aragón,Huesca,Chalet,Calle san blas 23,2800,3,90000
Aragón,Huesca,Piso,Calle Molino 10,71,2,213995
Aragón,Huesca,Piso,SAN SEBASTIAN 9,79,2,189000
Aragón,Huesca,Atico,Calle Molino 10,77,2,256072
Aragón,Huesca,Duplex,Avenida  Benito coll 25,127,4,285000
Aragón,Huesca,Chalet,Florida,80,6,190000
Aragón,Huesca,Piso,Calle Urbanizacion Espata R6 3,45,1,119000
Aragón,Huesca,Chalet,Calle Juan XXIII 21,81,3,54000
Aragón,Huesca,Piso,Calle Pineta 29,38,1,63000
Aragón,Huesca,Piso,Avenida del Primer Viernes de Mayo 14,106,3,260000
Aragón,Huesca,Chalet,Plaza San Martin 2,140,3,62000
Aragón,Huesca,Piso,Calle Ingeniero Montaner 8,85,3,120000
Aragón,Huesca,Chalet,Calle Foncillas 14,105,3,86000
Aragón,Huesca,Casa Rural,Calle Puente s/n,4724,3,180000
Aragón,Huesca,Piso,Calle Varellas 45,109,3,150000
Aragón,Huesca,Chalet,Unica 9,1100,12,450000
Aragón,Huesca,Piso,Avenida de Pineta 21,45,1,66000
Aragón,Huesca,Chalet,Calle Santa Cruz 26,146,4,350000
Aragón,Huesca,Piso,Calle Varellas 45,106,3,150000
Aragón,Huesca,Chalet,Calle Juan XXIII 21,81,3,54000
Aragón,Huesca,Chalet,Calle Unica 8,133,3,39000
Aragón,Huesca,Chalet,Calle Mayor Puyarruego 9,186,5,175000
Aragón,Huesca,Casa Rural,Loarre,188,5,90000
Aragón,Huesca,Casa Rural,Calle Baja 8,270,7,219900
Aragón,Huesca,Chalet,Calle San Jose s/n,350,4,400000
Aragón,Huesca,Piso,Calle Urbanizacion Espata R6 3,45,1,119000
Aragón,Huesca,Piso,Calle las Aliagas 1,10,3,150000
Aragón,Huesca,Casa Rural,Calle Puente s/n,4724,3,180000
Aragón,Huesca,Piso,Calle Ingeniero Montaner 8,107,3,120000
Aragón,Huesca,Piso,Plaza de Europa 5,60,1,95000
Aragón,Huesca,Piso,Calle las Aliagas 1,7,1,98000
Aragón,Huesca,Chalet,Calle iglesia 22,440,3,29000
Aragón,Huesca,Piso,Calle de la Universidad 7,110,3,160000
Aragón,Huesca,Chalet,Urbanizacion el Arino 48,130,1,192000
Aragón,Huesca,Piso,Calle Pena Telera 63,54,1,79000
Aragón,Huesca,Casa Rural,Camino Costela de Borres 4,63,1,210000
Aragón,Huesca,Piso,Calle Padre Huesca 74,135,4,94500
Aragón,Huesca,Chalet,Calle Huesca 31,479,8,90000
Aragón,Huesca,Chalet,Calle Graus 13,204,6,89250
Aragón,Huesca,Chalet,unica 14,207,3,115000
Aragón,Huesca,Chalet,Avenida Sabocos 1,140,3,450000
Aragón,Huesca,Piso,Calle Yebra de Basa 15,83,3,135000
Aragón,Huesca,Chalet,Calle Santiago 20,56,1,40000
Aragón,Huesca,Piso,Calle Antonio Saura 7,70,2,110000
Aragón,Huesca,Piso,Avenida de Ordesa 32,80,4,120000
Aragón,Huesca,Piso,Calle Pineta 29,38,1,63000
Aragón,Huesca,Piso,Ordesa 32,114,4,95000
Aragón,Huesca,Piso,Avenida de Pineta 21,45,1,66000
Aragón,Huesca,Chalet,Calle Josefina Vidal Mazana,94,3,270000
Aragón,Huesca,Piso,Calle San Roque 6,80,2,125000
Aragón,Huesca,Piso,Calle Albareda 15,68,2,93000
Aragón,Huesca,Chalet,Calle Alta,93,3,36575
Aragón,Huesca,Piso,Camino de Aurin,118,3,26291
Aragón,Huesca,Chalet,Avenida de Huesca 20,110,3,70000
Aragón,Huesca,Atico,Calle Barranco Redigue,56,2,140000
Aragón,Huesca,Chalet,Calle Santamaria,182,1,28500
Aragón,Huesca,Chalet,Travesia DEL CISNE 4,395,8,130000
Aragón,Huesca,Atico,Calle Barranco Redigue,56,2,140000
Aragón,Huesca,Chalet,Travesia DEL CISNE 4,370,8,130000
Aragón,Huesca,Piso,Calle Ramon y Cajal,80,2,48000
Aragón,Huesca,Chalet,Calle Santamaria,182,1,28500
Aragón,Huesca,Chalet,Calle Alta,106,3,36575
Aragón,Huesca,Piso,Camino de Aurin,118,3,26291
Aragón,Huesca,Piso,Camino de Aurin,121,3,21269
Aragón,Huesca,Piso,Calle Valentin Carderera 1,81,3,95000
Aragón,Huesca,Piso,Calle San Roque 6,69,2,125000
Aragón,Huesca,Duplex,espadilla,101,3,269500
Aragón,Huesca,Piso,N-2,116,3,50573
Aragón,Huesca,Chalet,Calle del Carmen s/n,155,4,118000
Aragón,Huesca,Chalet,PIEDRAFITA DE JACA 3,96,3,390000
Aragón,Huesca,Piso,EL PACO 25,82,3,440000
Aragón,Huesca,Piso,Puente la Reina,57,1,50000
Aragón,Huesca,Chalet,Partida Afueras Huesca 105c s/n,19000,6,950000
Aragón,Huesca,Duplex,Carretera FRANCIA 8,81,3,300000
Aragón,Huesca,Piso,Calle del General Villacampa 2,98,1,115000
Aragón,Huesca,Chalet,Calle occidente 8,91,5,116000
Aragón,Huesca,Atico,Camino de Saras 15,100,3,300000
Aragón,Huesca,Chalet,POUCHANGON 15,143,4,295000
Aragón,Huesca,Piso,Av Yebra de Basa 2,148,4,131000
Aragón,Huesca,Duplex,Calle estudios 22,100,3,215000
Aragón,Huesca,Piso,Calle de Serrablo 104,101,3,120000
Aragón,Huesca,Piso,Avenida ORDESA 40,105,4,130000
Aragón,Huesca,Duplex,Paseo de los Ayerbe 5,62,1,119000
Aragón,Huesca,Chalet,ZONA RIO ARA s/n,144,2,160000
Aragón,Huesca,Chalet,Callejon de Rosa s/n,40,4,57000
Aragón,Huesca,Casa Rural,Calle Sol s/n,105,3,88000
Aragón,Huesca,Chalet,Calle San Sebastian 1 A,157,4,275000
Aragón,Huesca,Piso,Calle VICO 18,63,2,178000
Aragón,Huesca,Piso,Avenida zaragoza 22,55,2,194500
Aragón,Huesca,Piso,Avenida Regimiento de Galicia 21,109,4,349000
Aragón,Huesca,Chalet,C Costera no10 10,50,4,275000
Aragón,Huesca,Chalet,Plaza MAYOR NAVAL s/n,365,5,55000
Aragón,Huesca,Piso,San Juan de la pena 1,99,3,104000
Aragón,Huesca,Piso,Av Francia 9,77,2,166500
Aragón,Huesca,Chalet,Calle Santiago 22,93,3,220000
Aragón,Huesca,Chalet,Calle EL LLANO 31,160,7,260000
Aragón,Huesca,Chalet,Torrontillo 5,164,5,98000
Aragón,Huesca,Piso,C Pena Telera 10,15,2,127000
Aragón,Huesca,Piso,Calle Santiago 22,18,2,115000
Aragón,Huesca,Chalet,Calle Alta 3,230,6,200000
Aragón,Huesca,Piso,Calle Calle Ramiro El Monje  22,49,1,100684
Aragón,Huesca,Piso,Calle Gil Berges s/n,87,3,195615
Aragón,Huesca,Piso,Perpetuo Socorro,66,2,165000
Aragón,Huesca,Piso,Calle Santiago 22,50,2,88800
Aragón,Huesca,Atico,Av Francia 14,108,4,163000
Aragón,Huesca,Chalet,Calle Valle de Ordesa 3,151,4,175000
Aragón,Huesca,Piso,Calle Calle Ramiro El Monje  22,69,2,127130
Aragón,Huesca,Chalet,Calle Santiago 22,114,3,199900
Aragón,Huesca,Piso,Calle Calle Ramiro El Monje  22,41,1,115640
Aragón,Huesca,Chalet,Torrontillo 5,160,5,98000
Aragón,Huesca,Piso,Calle Lepanto 15,50,2,56000
Aragón,Huesca,Piso,Calle Santiago 22,101,3,175000
Aragón,Huesca,Piso,Calle Santiago 22,18,2,115000
Aragón,Huesca,Piso,Calle Gil Berges s/n,109,3,187090
Aragón,Huesca,Piso,Calle Calle Ramiro El Monje  22,70,2,169500
Aragón,Huesca,Piso,Sierra de guara 4,158,4,178300
Aragón,Huesca,Chalet,Calle EL LLANO 31,160,7,260000
Aragón,Huesca,Piso,Calle de los olivos 1,106,3,266900
Aragón,Huesca,Casa Rural,Camino Vial 9,85,4,75000
Aragón,Huesca,Piso,Calle de los olivos 1,64,2,202900
Aragón,Huesca,Piso,Paseo Anciles 3,61,2,235000
Aragón,Huesca,Casa Rural,Tierrantona s/n,1400,1,26500
Aragón,Huesca,Chalet,Almudevar,12,14,54000
Aragón,Huesca,Chalet,HU-V-3141 20,320,4,585000
Aragón,Huesca,Atico,Avenida de Zaragoza,79,2,160000
Aragón,Huesca,Chalet,Camino Morillo de Monclus s/n,600,6,75000
Aragón,Huesca,Piso,Ronda Montearagon 4,151,4,175000
Aragón,Huesca,Chalet,Calle San Benito,165,3,50000
Aragón,Huesca,Piso,Paseo De Eriste 24,75,2,160000
Aragón,Huesca,Chalet,Calle Iglesia s/n,200,5,220000
Aragón,Huesca,Chalet,Camino Latrero del Molino 6,50,1,120000
Aragón,Huesca,Piso,Calle Marques de Urquijo 20,117,4,117000
Aragón,Huesca,Chalet,Calle de los Pirineos 1,199,5,150000
Aragón,Huesca,Chalet,Calle del Olmo,109,3,299900
Aragón,Huesca,Piso,Calle las Aliagas,95,3,185000
Aragón,Huesca,Duplex,Calle Unica,70,2,155000
Aragón,Huesca,Casa Rural,Bruis s/n,110,3,22000
Aragón,Huesca,Piso,Calle de Pedro Arnal Cavero,99,3,230000
Aragón,Huesca,Piso,Calle Mariano Sanchez Gaston 25,90,3,65000
Aragón,Huesca,Duplex,Avenida Central,96,3,150000
Aragón,Huesca,Casa Rural,Unica 8,330,5,189000
Aragón,Huesca,Piso,Avenida de Pineta,80,3,85000
Aragón,Huesca,Piso,Avenida Yebra de Basa,60,2,105000
Aragón,Huesca,Casa Rural,Bruis s/n,110,3,22000
Aragón,Huesca,Piso,Avenida Fuendeplata 9,60,1,82000
Aragón,Huesca,Piso,Calle Varellas Ag Latas,45,1,90000
Aragón,Huesca,Chalet,Calle Baja,465,6,95000
Aragón,Huesca,Piso,Calle Baja 17,526,11,415000
Aragón,Huesca,Piso,Calle las Aliagas,92,3,185000
Aragón,Huesca,Duplex,Calle Unica,70,2,155000
Aragón,Huesca,Duplex,Avenida Sudiera,70,3,115000
Aragón,Huesca,Piso,Calle de San Jose de Calasanz,70,2,205000
Aragón,Huesca,Duplex,Carretera Graus-Viella,52,2,95000
Aragón,Huesca,Chalet,Calle Cruzada,136,4,45000
Aragón,Huesca,Atico,Calle Alta,104,3,268000
Aragón,Huesca,Piso,Calle Aguas Limpias,71,2,159000
Aragón,Huesca,Atico,Calle Pena Montanesa 10,111,3,131000
Aragón,Huesca,Chalet,Calle San Martin 7,88,3,295000
Aragón,Huesca,Piso,Calle del Obispo,72,2,145500
Aragón,Huesca,Chalet,Calle del Olmo,111,3,299900
Aragón,Huesca,Piso,Calle Mayor 3,63,2,218000
Aragón,Huesca,Piso,Calle T 16 -28,96,2,192000
Aragón,Huesca,Atico,LA RAMPA s/n 0,60,2,135000
Aragón,Huesca,Piso,Calle las Aliagas,43,1,107000
Aragón,Huesca,Casa Rural,Carretera Cartirana,42,1,189000
Aragón,Huesca,Casa Rural,PIRINEO DE HUESCA VALLE RIO ARA s/n,8435,0,18000
Aragón,Huesca,Chalet,TORLA s/n,210,4,360000
Aragón,Huesca,Casa Rural,Calle Unica,250,2,279000
Aragón,Huesca,Piso,Pirineos,64,2,107000
Aragón,Huesca,Chalet,Calle UNICA s/n,144,3,210000
Aragón,Huesca,Duplex,Calle Unica,6,3,250000
Aragón,Huesca,Piso,Calle las Aliagas,41,1,107000
Aragón,Huesca,Casa Rural,Calle Unica,62,2,45000
Aragón,Huesca,Chalet,UNICA s/n,300,6,175000
Aragón,Huesca,Piso,GRAUS s/n,124,4,89000
Aragón,Huesca,Chalet,ZONA ESPIERBA ZAPATIERNO s/n,150,3,290000
Aragón,Huesca,Chalet,LAS PENAS s/n,180,3,50000
Aragón,Huesca,Chalet,Calle Galan y Garcia 9,389,4,524000
Aragón,Huesca,Piso,Plaza Mayor 7,74,2,187000
Aragón,Huesca,Casa Rural,Calle Unica,62,2,45000
Aragón,Huesca,Chalet,Carretera N-260 s/n 0,380,6,110000
Aragón,Huesca,Piso,ARBOLEDA s/n,69,2,127000
Aragón,Huesca,Chalet,Casa Campo,145,4,168000
Aragón,Huesca,Duplex,Calle Unica,6,3,250000
Aragón,Huesca,Chalet,Francia s/n,1900,2,350000
Aragón,Huesca,Chalet,ALMACELLAS s/n,288,6,260000
Aragón,Huesca,Chalet,GRAUS s/n,65,1,68000
Aragón,Huesca,Piso,Calle Valle de Tena,85,3,105000
Aragón,Huesca,Piso,LOPE DE VEGA s/n,103,4,125500
Aragón,Huesca,Piso,Deportes 19,90,3,185000
Aragón,Huesca,Chalet,IGLESIA s/n,66,0,25000
Aragón,Huesca,Piso,Calle las Aliagas,52,1,107000
Aragón,Huesca,Chalet,UNICA s/n,300,6,175000
Aragón,Huesca,Atico,Calle Serrablo,108,4,49500
Aragón,Huesca,Piso,GRAUS s/n,124,4,89000
Aragón,Huesca,Casa Rural,Calle Unica,250,2,279000
Aragón,Huesca,Chalet,TORLA s/n,210,4,360000
Aragón,Huesca,Chalet,Calle Unica s/n,390,0,60000
Aragón,Huesca,Duplex,candelera 2,48,1,98000
Aragón,Huesca,Chalet,CANCILLAR 78,118,3,265000
Aragón,Huesca,Chalet,Calle UNICA s/n,144,3,210000
Aragón,Huesca,Casa Rural,PIRINEO DE HUESCA VALLE RIO ARA s/n,8435,0,18000
Aragón,Huesca,Chalet,Avenida SUDIERA s/n,235,6,299000
Aragón,Huesca,Atico,LA RAMPA s/n 0,60,2,135000
Aragón,Huesca,Casa Rural,Carretera Cartirana,56,1,189000
Aragón,Huesca,Casa Rural,SANTA OLARIA s/n,220,0,99900
Aragón,Huesca,Chalet,LAS PENAS s/n,180,3,50000
Aragón,Huesca,Chalet,Calle de la Roqueta 15,104,3,137600
Aragón,Huesca,Piso,Calle Sierra de Guara,73,2,98000
Aragón,Huesca,Piso,UNICA s/n,68,2,149000
Aragón,Huesca,Chalet,Carretera DE MONZON s/n,13700,6,199000
Aragón,Huesca,Piso,Margudgued s/n,60,2,125000
Aragón,Huesca,Chalet,MAYOR s/n,310,1,35000
Aragón,Huesca,Duplex,Avenida ORDESA s/n,108,3,198000
Aragón,Huesca,Casa Rural,PIRINEO DE HUESCA s/n,191,0,195000
Aragón,Huesca,Chalet,PIRINEO DE HUESCA s/n,157,5,65000
Aragón,Huesca,Piso,Calle las Aliagas,59,1,107000
Aragón,Huesca,Casa Rural,ZONA BESTUE - ANISCLO s/n,34,0,95000
Aragón,Huesca,Duplex,Calle Unica,6,3,250000
Aragón,Huesca,Chalet,Calle Galan y Garcia 9,389,4,524000
Aragón,Huesca,Chalet,MAYOR s/n,310,1,35000
Aragón,Huesca,Chalet,Calle UNICA s/n,144,3,210000
Aragón,Huesca,Piso,Calle Valle de Tena,85,3,105000
Aragón,Huesca,Chalet,LA IGLESIA s/n,240,4,14000
Aragón,Huesca,Chalet,Partida Gesera,172,5,420000
Aragón,Huesca,Piso,Calle de Serrablo 136,60,2,125000
Aragón,Huesca,Chalet,Carretera de Binefar 2,400,4,135000
Aragón,Huesca,Chalet,Calle DEL MEDIO s/n,1158,7,450000
Aragón,Huesca,Chalet,Calle Mayor,245,5,198000
Aragón,Huesca,Chalet,Calle Escuelas 10,142,4,180000
Aragón,Huesca,Piso,Pasaje Canarias 3,94,3,119600
Aragón,Huesca,Chalet,Avenida de Jesus 8,130,3,374000
Aragón,Huesca,Casa Rural,Plaza de las escuelas,309,6,90000
Aragón,Huesca,Chalet,mayor 8,107,3,132000
Aragón,Huesca,Casa Rural,Calle Carlla 9,15,3,137000
Aragón,Huesca,Chalet,Calle Juan Fontana 12,112,3,300000
Aragón,Huesca,Chalet,Camino de Salinas Viejo 21,160,4,190000
Aragón,Huesca,Chalet,MAYOR s/n,461,5,96000
Aragón,Huesca,Piso,Calle Ramon J Sender 16,70,3,151000
Aragón,Huesca,Chalet,CARRETERA s/n,960,6,250000
Aragón,Huesca,Piso,Plaza Santa Ana,90,3,125000
Aragón,Huesca,Chalet,Plaza MAYOR s/n,124,4,312000
Aragón,Huesca,Piso,Calle Coli Escalona Leonardo,98,4,110000
Aragón,Huesca,Chalet,UNICA s/n,240,4,120000
Aragón,Huesca,Atico,Avenida de Zaragoza 55,66,2,176000
Aragón,Huesca,Piso,Calle de Valle de Oza,68,2,105000
Aragón,Huesca,Casa Rural,Calle unica 8,127,4,295000
Aragón,Huesca,Piso,Plaza europa,42,1,95000
Aragón,Huesca,Chalet,Plaza Mayor s/n,304,8,225000
Aragón,Huesca,Chalet,BARRIO PALOMAR 9,220,4,254000
Aragón,Huesca,Chalet,Calle Autonomia de Aragon,127,4,384000
Aragón,Huesca,Casa Rural,Mayor 3,2100,20,239900
Aragón,Huesca,Casa Rural,Partida Gesera 2,112,3,212000
Aragón,Huesca,Chalet,MAYOR s/n,448,5,65000
Aragón,Huesca,Chalet,Calle la Balsa 19,145,4,138000
Aragón,Huesca,Chalet,MAYOR s/n,65,0,48000
Aragón,Huesca,Chalet,UNICA s/n,183,8,60000
Aragón,Huesca,Chalet,Calle Autonomia de Aragon,148,4,384000
Aragón,Huesca,Chalet,Calle Escuelas 10,131,4,180000
Aragón,Huesca,Chalet,Calle montes pirineo,380,6,450000
Aragón,Huesca,Atico,Calle GALILEO 15,122,4,189000
Aragón,Huesca,Piso,Calle Coli Escalona Leonardo,98,4,110000
Aragón,Huesca,Chalet,MAYOR s/n,65,0,48000
Aragón,Huesca,Piso,Calle de Serrablo 136,73,2,125000
Aragón,Huesca,Chalet,Calle Solana Baja,185,5,95000
Aragón,Huesca,Duplex,Calle de Serrablo,130,3,147000
Aragón,Huesca,Chalet,BARRIO PALOMAR 9,220,4,254000
Aragón,Huesca,Casa Rural,Plaza de las escuelas,309,6,90000
Aragón,Huesca,Piso,Calle de Valle de Oza,68,2,105000
Aragón,Huesca,Piso,Pasaje Canarias 3,120,3,119600
Aragón,Huesca,Piso,Calle Baltasar Gracian 4,94,3,157000
Aragón,Huesca,Piso,Calle las Aliagas,62,1,150000
Aragón,Huesca,Chalet,Camino de Saras 23,144,4,365000
Aragón,Huesca,Duplex,Castiello de Jaca,61,2,179000
Aragón,Huesca,Duplex,Calle la Cruz 4,5,3,360000
Aragón,Huesca,Chalet,Calle Mondarruego,500,3,309000
Aragón,Huesca,Piso,Puente la Reina de Jaca,70,2,95000
Aragón,Huesca,Casa Rural,Calle de graus 13,308,8,95000
Aragón,Huesca,Chalet,La luna 3,70,2,98000
Aragón,Huesca,Chalet,Calle San Jose Artesano,112,3,290000
Aragón,Huesca,Piso,La Parra 23,63,2,174000
Aragón,Huesca,Piso,Las Aliagas 4,95,2,164000
Aragón,Huesca,Chalet,UNICA s/n,27135,6,1650000
Aragón,Huesca,Piso,Calle Caldearenas Sabinanigo,65,2,120000
Aragón,Huesca,Chalet,Camino Polideportivo 5,206,5,180000
Aragón,Huesca,Chalet,Calle Valle de Ordesa 2,50,3,198000
Aragón,Huesca,Piso,Calle de Ainsa 13,156,4,209000
Aragón,Huesca,Chalet,Calle Fuente del Ibon 58,450,4,675000
Aragón,Huesca,Chalet,Calle la Serbera s/n,102,4,360000
Aragón,Huesca,Chalet,Barrio Alto Denuy 8,80,4,85000
Aragón,Huesca,Chalet,Calle la Solana s/n,74,4,750000
Aragón,Huesca,Piso,Avenida Pirineos 13,152,4,235000
Aragón,Huesca,Casa Rural,Calle Alta 1,102,3,80000
Aragón,Huesca,Piso,Paseo Anciles 9 -1,57,1,215000
Aragón,Huesca,Piso,pirineos 8,125,4,159000
Aragón,Huesca,Piso,Calle la Rampa 17,71,2,120000
Aragón,Huesca,Piso,Avenida de francia 39,55,1,105000
Aragón,Huesca,Chalet,La Paz 27,81,3,139000
Aragón,Huesca,Piso,El Pilar,120,3,50000
Aragón,Huesca,Duplex,Paseo de Ardones 2,101,3,170000
Aragón,Huesca,Piso,Calle Vico,51,1,112520
Aragón,Huesca,Casa Rural,Diseminado Afueras 33,10000,1,89900
Aragón,Huesca,Chalet,Calle la Fuente Urmella 7,112,3,180000
Aragón,Huesca,Duplex,Avenida Molsa 20,75,2,178000
Aragón,Huesca,Chalet,SAN GRIMIEN 10,80,4,260000
Aragón,Huesca,Piso,Alto Aragon 2,63,2,160000
Aragón,Huesca,Piso,Calle Peguera,64,2,207000
Aragón,Huesca,Chalet,Urbanizacion els Escamps 12,139,4,570000
Aragón,Huesca,Chalet,Avenida Zaragoza 32,800,6,250000
Aragón,Huesca,Piso,Carretera Tomas Duro s/n,68,2,155000
Aragón,Huesca,Piso,Calle Peguera,84,3,272000
Aragón,Huesca,Chalet,Calle Peguera s/n,91,3,395000
Aragón,Huesca,Chalet,Calle Virgen del Puy Ag Sos 6,89,3,155000
Aragón,Huesca,Piso,Carretera Tomas Duro s/n,74,2,200000
Aragón,Huesca,Chalet,Camino Muro 12,44,3,95000
Aragón,Huesca,Duplex,Paseo de Ardones,88,3,240000
Aragón,Huesca,Piso,Calle Membrilleras 3,76,2,110000
Aragón,Huesca,Piso,TERRERO 5,78,2,165000
Aragón,Huesca,Piso,Calle Sierra de Guara,64,2,99000
Aragón,Huesca,Duplex,Calle Mirador de Cerler 9,69,2,205000
Aragón,Huesca,Chalet,Plaza Sino 6 -3,120,3,140000
Aragón,Huesca,Piso,FERNANDO EL CATOLICO 15,78,2,175000
Aragón,Huesca,Piso,Calle Vico,74,2,134830
Aragón,Huesca,Piso,Calle Vic,78,2,129980
Aragón,Huesca,Duplex,Calle Sobarriba 3,83,3,385000
Aragón,Huesca,Chalet,Calle Labitolosa s/n,85,3,87000
Aragón,Huesca,Chalet,Gurrea de Gallego,103,3,170000
Aragón,Huesca,Piso,Calle Unica,46,1,167000
Aragón,Huesca,Duplex,Calle San Marcial 16,62,2,315000
Aragón,Huesca,Piso,Serrablo,109,3,58000
Aragón,Huesca,Chalet,Calle Baja 14,109,3,280000
Aragón,Huesca,Piso,Calle del Rector Sichar 1,75,2,155000
Aragón,Huesca,Piso,Serrablo,95,3,59000
Aragón,Huesca,Casa Rural,Calle Santa Ana,17544,4,525000
Aragón,Huesca,Chalet,Calle Estiras,98,3,550000
Aragón,Huesca,Piso,Calle Peguera,64,3,259800
Aragón,Huesca,Piso,Avenida DE YEBRA DE BASA 15,75,2,97000
Aragón,Huesca,Chalet,Calle la Union 40,75,4,120000
Aragón,Huesca,Chalet,Sabinanigo Centro-Aurin,175,5,420000
Aragón,Huesca,Duplex,Calle Sobarriba 3,98,3,385000
Aragón,Huesca,Chalet,Urbanizacion els Escamps 12,159,4,570000
Aragón,Huesca,Casa Rural,Calle ESCUELAS 16,155,4,81000
Aragón,Huesca,Casa Rural,Sabinanigo s/n,500,8,330000
Aragón,Huesca,Chalet,Calle Mayor,177,5,169000
Aragón,Huesca,Casa Rural,La Guarguera s/n,15000,8,220000
Aragón,Huesca,Chalet,CUADRONES 32,145,4,167000
Aragón,Huesca,Chalet,Ainsa s/n,150,2,165000
Aragón,Huesca,Chalet,Calle de la Roqueta,107,3,121000
Aragón,Huesca,Casa Rural,Extramuros 2,201,6,52000
Aragón,Huesca,Piso,Avenida FRAGA 32,103,3,75000
Aragón,Huesca,Chalet,Pena Montanesa s/n,178,5,290000
Aragón,Huesca,Piso,Calle Sierra de Guara,77,2,105000
Aragón,Huesca,Casa Rural,Calle la Sierra 5,500,6,89000
Aragón,Huesca,Chalet,La Fueva s/n,450,9,128000
Aragón,Huesca,Duplex,Calle Pena Telera,109,3,149000
Aragón,Huesca,Chalet,Sierra de Guara,149,4,178300
Aragón,Huesca,Chalet,Avenida Pirenaica 4,400,8,165000
Aragón,Huesca,Casa Rural,Calle MAYOR 55,129,4,82000
Aragón,Huesca,Casa Rural,Paseo del Rio Esera 121,400,6,100000
Aragón,Huesca,Chalet,Molino de Senegue s/n,3000,7,290000
Aragón,Huesca,Piso,Lepanto,74,2,49000
Aragón,Huesca,Chalet,Calle Unica 30,400,7,100000
Aragón,Huesca,Casa Rural,Guara s/n,90,3,125000
Aragón,Huesca,Casa Rural,SAN LORENZO 60,158,4,155000
Aragón,Huesca,Casa Rural,Plaza del Recreo 3,220,6,87000
Aragón,Huesca,Chalet,Ronda ARAGON 3,180,4,197000
Aragón,Huesca,Casa Rural,soldevila 22,100,4,65000
Aragón,Huesca,Casa Rural,barrio sur 8,450,9,319000
Aragón,Huesca,Casa Rural,Avenida de Ordesa 60 D,350,6,149000
Aragón,Huesca,Piso,Calle del Instituto Laboral,117,3,39000
Aragón,Huesca,Chalet,Calle Mayor 27,295,7,201000
Aragón,Huesca,Chalet,Calle San Nicolas 11,228,6,109000
Aragón,Huesca,Piso,Avenida Regimiento de Galicia,92,3,197000
Aragón,Huesca,Casa Rural,El Pueyo de Araguas s/n,500,4,65000
Aragón,Huesca,Piso,Avenida Juan XXIII 18,97,3,148500
Aragón,Huesca,Chalet,Los Molinos s/n,140,3,70000
Aragón,Huesca,Piso,Avenida JUAN XXIII,116,3,143000
Aragón,Huesca,Piso,Calle Sierra de Guara,65,2,105000
Aragón,Huesca,Piso,Avenida Juan XXIII 18,88,3,148500
Aragón,Huesca,Chalet,Ronda ARAGON 3,180,4,197000
Aragón,Huesca,Casa Rural,La Guarguera s/n,15000,8,220000
Aragón,Huesca,Casa Rural,Unic 5,300,0,77000
Aragón,Huesca,Piso,Picaruelas s/n,90,2,130000
Aragón,Huesca,Chalet,Calle Monzon 35,84,3,82000
Aragón,Huesca,Chalet,tejeria,141,4,329000
Aragón,Huesca,Casa Rural,SAN LORENZO 60,160,4,155000
Aragón,Huesca,Piso,Calle Vidania,113,3,90000
Aragón,Huesca,Chalet,Molino de Senegue s/n,3000,7,290000
Aragón,Huesca,Piso,IBON DE ISERIAS,71,2,127000
Aragón,Huesca,Piso,Calle del Instituto Laboral,87,3,39000
Aragón,Huesca,Casa Rural,Calle Mayor 57,15,3,45000
Aragón,Huesca,Casa Rural,ALFONSO II 4,197,5,97000
Aragón,Huesca,Chalet,Pena Montanesa s/n,178,5,290000
Aragón,Huesca,Chalet,Calle Mayor,195,5,169000
Aragón,Huesca,Piso,Avenida Regimiento de Galicia,82,3,197000
Aragón,Huesca,Chalet,Calle Mayor 27,280,7,201000
Aragón,Huesca,Casa Rural,Sabinanigo s/n,500,8,330000
Aragón,Huesca,Casa Rural,Plaza del Recreo 3,243,6,87000
Aragón,Huesca,Piso,Calle del Instituto Laboral 5,92,3,40000
Aragón,Huesca,Piso,Calle de Forment 9,63,2,115000
Aragón,Huesca,Piso,Avenida DE FRAGA 24,92,3,76000
Aragón,Huesca,Piso,Calle Caldearenas 6,65,2,98500
Aragón,Huesca,Chalet,Calle Mayor 26,100,4,165000
Aragón,Huesca,Casa Rural,Calle San jorge 41,113,3,45000
Aragón,Huesca,Chalet,estacion 18,79,2,134000
Aragón,Huesca,Chalet,Plaza Espana 15,165,4,55000
Aragón,Huesca,Piso,Almudevar,77,2,1065000
Aragón,Huesca,Duplex,Avenida de Oroel,225,6,367900
Aragón,Huesca,Casa Rural,Calle Goya 26,162,5,113000
Aragón,Huesca,Chalet,Calle Vidal s/n,100,2,140000
Aragón,Huesca,Chalet,Calle la Fueva s/n,200,3,259000
Aragón,Huesca,Chalet,Calle CORTES DE CADIZ,531,4,470000
Aragón,Huesca,Chalet,Calle Rio Sosa,132,4,135000
Aragón,Huesca,Chalet,Ainsa s/n,300,4,86000
Aragón,Huesca,Casa Rural,Calle Fundos Bolea 22,143,4,56350
Aragón,Huesca,Casa Rural,Camino Escuelas Tierrantona 11,600,6,85000
Aragón,Huesca,Piso,Avenida Fraga 26,106,3,84900
Aragón,Huesca,Piso,Almudevar,79,2,1065000
Aragón,Huesca,Casa Rural,Diseminados Lamasadera 17,800,3,79000
Aragón,Huesca,Duplex,Avenida de Oroel,244,6,367900
Aragón,Huesca,Chalet,Calle Union 18,98,3,275000
Aragón,Huesca,Chalet,Nerin s/n,250,5,325000
Aragón,Huesca,Casa Rural,Camino Escuelas Tierrantona 11,600,6,85000
Aragón,Huesca,Chalet,MAYOR 16,145,4,75000
Aragón,Huesca,Chalet,Calle la Fueva s/n,200,3,259000
Aragón,Huesca,Chalet,UNION s/n S/N,84,3,365000
Aragón,Huesca,Casa Rural,Calle Mayor 26,200,5,29800
Aragón,Huesca,Piso,Formigal,87,3,198000
Aragón,Huesca,Chalet,Plaza Espana 15,165,4,55000
Aragón,Huesca,Casa Rural,Calle San jorge 41,96,3,45000
Aragón,Huesca,Piso,Avenida DE FRAGA 24,95,3,76000
Aragón,Huesca,Chalet,Ainsa s/n,300,4,86000
Aragón,Huesca,Chalet,Sarinena 21,250,1,119000
Aragón,Huesca,Chalet,Calle Rio Sosa,158,4,135000
Aragón,Huesca,Chalet,Ainsa s/n,120,4,169000
Aragón,Huesca,Piso,Calle Calle Escalar Ag Astun 13,67,2,165000
Aragón,Huesca,Piso,Poblaciones norte,63,2,92055
Aragón,Huesca,Chalet,Calle la Pena 12,212,1,95000
Aragón,Huesca,Chalet,Alcampell,265,4,50000
Aragón,Huesca,Atico,Binefar,162,3,340000
Aragón,Huesca,Casa Rural,Calle Castelnou 5,181,5,75000
Aragón,Huesca,Piso,Avenida Santo Grial,240,6,229500
Aragón,Huesca,Chalet,Las Feixas s/n,203,6,1650000
Aragón,Huesca,Chalet,Calle Huesca 28,398,4,50000
Aragón,Huesca,Duplex,Camino Conques,97,3,198000
Aragón,Huesca,Piso,Apies,68,2,83000
Aragón,Huesca,Piso,Pasaje Rio Flumen 3,105,3,29500
Aragón,Huesca,Chalet,El Plano 1,107,1,27000
Aragón,Huesca,Chalet,Calle San Esteban,248,4,290000
Aragón,Huesca,Chalet,Foradada del toscar s/n,2000,4,95000
Aragón,Huesca,Piso,Calle Lepanto 2,65,2,110000
Aragón,Huesca,Atico,Plan s/n,55,2,124000
Aragón,Huesca,Casa Rural,Hoz y Costean,180,3,22000
Aragón,Huesca,Chalet,Calle Salto de Roldan Ag Yeque 2,211,4,287000
Aragón,Huesca,Piso,Calle Antonio Saura 7,7,2,88000
Aragón,Huesca,Chalet,Calle ESPERANZA,299,8,150000
Aragón,Huesca,Chalet,Calle CERVANTES,82,3,55000
Aragón,Huesca,Piso,Calle Pena Telera 9,52,1,100000
Aragón,Huesca,Casa Rural,Calle Castelnou 5,168,5,75000
Aragón,Huesca,Piso,Calle Santa Ana 2,134,4,68500
Aragón,Huesca,Chalet,barrio Centro - Llano Samper,5500,7,590000
Aragón,Huesca,Chalet,Las Feixas s/n,232,6,1650000
Aragón,Huesca,Chalet,Calle CERVANTES,82,3,55000
Aragón,Huesca,Piso,Calle Lepanto 2,65,2,110000
Aragón,Huesca,Casa Rural,Castilla 26,400,4,83000
Aragón,Huesca,Chalet,Calle Tenor Fleta 14,268,4,110000
Aragón,Huesca,Chalet,Calle San Lorenzo s/n,102,3,155000
Aragón,Huesca,Chalet,Calle la Iglesia,27,4,185000
Aragón,Huesca,Piso,Calle Suelo Villa 18,34,2,78000
Aragón,Huesca,Casa Rural,san chaime s/n,100,1,29000
Aragón,Huesca,Piso,Calle de serrablo 81,110,3,170000
Aragón,Huesca,Piso,Plaza la Inmaculada,144,4,330000
Aragón,Huesca,Piso,Calle el Tinte 9,70,2,159000
Aragón,Huesca,Casa Rural,A-139,320,4,125000
Aragón,Huesca,Piso,Nuestra senora del pilar 17,70,3,38500
Aragón,Huesca,Piso,SANTA CRUZ 6,78,2,315000
Aragón,Huesca,Piso,Calle Esparza,63,2,15200
Aragón,Huesca,Chalet,CRUZ ALTA s/n,350,5,480000
Aragón,Huesca,Piso,Calle Sanchez Gaston 21,120,4,170000
Aragón,Huesca,Piso,Calle los pinos 6,48,2,82000
Aragón,Huesca,Piso,Calle del Monchico Bajo,59,2,26900
Aragón,Huesca,Chalet,SAN JORGE s/n,78,3,170000
Aragón,Huesca,Casa Rural,Calle San Martin 26,143,4,85000
Aragón,Huesca,Piso,Calle Joaquin Costa 1,129,4,70000
Aragón,Huesca,Piso,Camino de Aurin 8,92,3,35000
Aragón,Huesca,Casa Rural,Calle San Roque,192,4,135000
Aragón,Huesca,Chalet,Calle Cerro San Jorge,295,5,475000
Aragón,Huesca,Atico,Calle Pallarez,80,2,120000
Aragón,Huesca,Casa Rural,Calle baja s/n,283,4,150000
Aragón,Huesca,Piso,Calle Santa Orosia 19,60,2,75000
Aragón,Huesca,Chalet,Calle Poblacion 14,40,1,125000
Aragón,Huesca,Chalet,Calle canal 3,44,1,132000
Aragón,Huesca,Chalet,Calle Alta,103,3,59200
Aragón,Huesca,Chalet,Calle Rio Sosa,53,3,150000
Aragón,Huesca,Chalet,Carretera Lasieso,2000,6,620000
Aragón,Huesca,Chalet,Calle Barbastro,158,4,29000
Aragón,Huesca,Piso,Calle del Ibon d Estanes,106,3,200000
Aragón,Huesca,Piso,Avenida de los Monegros 24,6,4,115000
Aragón,Huesca,Piso,barrio Casco Antiguo - Ciudadela,88,3,120000
Aragón,Huesca,Atico,Calle Estadilla 20,97,3,98000
Aragón,Huesca,Duplex,Avenida Baciero,113,3,140000
Aragón,Huesca,Chalet,Calle Poblacion 14,48,1,125000
Aragón,Huesca,Piso,Diseminado Partidas,115,3,85000
Aragón,Huesca,Chalet,Calle Alta,104,3,59200
Aragón,Huesca,Chalet,Calle Flandero 8,180,3,300000
Aragón,Huesca,Piso,Camino San Anton 11,88,3,320000
Aragón,Huesca,Chalet,Calle Barbastro,160,4,29000
Aragón,Huesca,Chalet,Carretera Lasieso,2000,6,620000
Aragón,Huesca,Piso,Calle Rafael Gil 5 -1,84,3,110000
Aragón,Huesca,Chalet,Calle 7 de Febrero de 1883 12,480,9,199000
Aragón,Huesca,Casa Rural,Calle el Sol,153,4,130000
Aragón,Huesca,Chalet,Calle Rio Sosa,53,3,150000
Aragón,Huesca,Chalet,Calle canal 3,40,1,132000
Aragón,Huesca,Duplex,Las Margas Golf-Latas,76,2,137000
Aragón,Huesca,Chalet,Travesia San Pedro,94,3,74000
Aragón,Huesca,Piso,Calle Pena Telera,35,1,97000
Aragón,Huesca,Piso,barrio Universidad,105,3,159000
Aragón,Huesca,Chalet,Ainsa,148,4,198000
Aragón,Huesca,Piso,Calle Mayor,231,4,129000
Aragón,Huesca,Chalet,Calle Nueva Estiche,400,8,75000
Aragón,Huesca,Piso,Sabinanigo Centro-Aurin,92,3,140000
Aragón,Huesca,Chalet,Calle Extramuros 2,66,2,52000
Aragón,Huesca,Chalet,Calle Iglesia,152,4,95000
Aragón,Huesca,Chalet,Ainsa-Sobrarbe,60,3,125000
Aragón,Huesca,Casa Rural,Calle Mayor,254,7,72000
Aragón,Huesca,Piso,Plaza de la Candelera,116,3,130000
Aragón,Huesca,Piso,Calle Mayor 4 -6,54,1,160000
Aragón,Huesca,Piso,Calle Manuel Alabart s/n,83,3,56000
Aragón,Huesca,Chalet,Calle Unica 21,65,2,165000
Aragón,Huesca,Casa Rural,Via 40,80,2,80000
Aragón,Huesca,Piso,Calle Tamarite de Litera,127,4,125000
Aragón,Huesca,Piso,Las Margas Golf-Latas,18,2,115000
Aragón,Huesca,Chalet,Calle Monzon 29,89,3,42000
Aragón,Huesca,Chalet,Calle San Esteban,123,4,314520
Aragón,Huesca,Chalet,Laspuna,180,4,135000
Aragón,Huesca,Casa Rural,Unica,200,4,126000
Aragón,Huesca,Casa Rural,Ainsa,184,5,690000
Aragón,Huesca,Piso,barrio Universidad,111,3,159000
Aragón,Huesca,Chalet,Laspuna,180,4,135000
Aragón,Huesca,Piso,Calle Mayor 4 -6,54,1,160000
Aragón,Huesca,Chalet,Calle Baja 2 -14,540,5,159000
Aragón,Huesca,Chalet,Puente la Reina de Jaca,71,2,65000
Aragón,Huesca,Casa Rural,Via 40,65,2,80000
Aragón,Huesca,Casa Rural,Unica,200,4,126000
Aragón,Huesca,Piso,Plaza de la Candelera,112,3,130000
Aragón,Huesca,Chalet,Calle Extramuros 2,69,2,52000
Aragón,Huesca,Piso,Sabinanigo Centro-Aurin,120,3,140000
Aragón,Huesca,Piso,Calle Calatayud 21,158,4,200572
Aragón,Huesca,Casa Rural,Calle Mayor,298,7,72000
Aragón,Huesca,Piso,Calle del General Villacampa 2,69,2,110000
Aragón,Huesca,Atico,Calle Simeon Pons,55,1,98000
Aragón,Huesca,Piso,Las Margas Golf-Latas,64,2,125000
Aragón,Huesca,Piso,Calle Tamarite de Litera,137,4,125000
Aragón,Huesca,Chalet,Ainsa-Sobrarbe,60,3,125000
Aragón,Huesca,Chalet,Sabinanigo Centro-Aurin,89,3,199000
Aragón,Huesca,Casa Rural,Diseminados poligono 1 Parcela 9 1,80,1,360000
Aragón,Huesca,Casa Rural,Sabinanigo Centro-Aurin,206,6,360000
Aragón,Huesca,Piso,Calle Casado del Alisal 1,6,2,125000
Aragón,Huesca,Casa Rural,Calle Unica Ag Estallo 14,429,1,60000
Aragón,Huesca,Chalet,Ordesa,180,4,275000
Aragón,Huesca,Piso,Biescas,78,2,182000
Aragón,Huesca,Piso,Calle Bozocarro 9,25,1,158000
Aragón,Huesca,Casa Rural,El Horno,530,4,381000
Aragón,Huesca,Chalet,carretera,2000,3,188000
Aragón,Huesca,Chalet,Baja,120,4,88000
Aragón,Huesca,Chalet,Calle Ribagorza,100,3,69000
Aragón,Huesca,Piso,Calle Monte Perdido,157,4,179000
Aragón,Huesca,Piso,Dona Sancha,107,3,200000
Aragón,Huesca,Piso,Las Margas Golf-Latas,51,1,79000
Aragón,Huesca,Piso,Calle Benas 2,50,1,120000
Aragón,Huesca,Piso,Biescas,136,4,210000
Aragón,Huesca,Duplex,Sallent de Gallego,68,2,178000
Aragón,Huesca,Piso,Sallent de Gallego,73,2,195000
Aragón,Huesca,Piso,Calle Unica,108,3,98000
Aragón,Huesca,Chalet,Calle C,58,3,30000
Aragón,Huesca,Casa Rural,N-230 s/n,70,3,110000
Aragón,Huesca,Chalet,Plaza Espana,893,6,195000
Aragón,Huesca,Chalet,Calle C,58,3,30000
Aragón,Huesca,Piso,Calle Unica,90,3,98000
Aragón,Huesca,Chalet,aire,250,5,450000
Aragón,Huesca,Piso,EJERCITO ESPANOL 24,115,4,135000
Aragón,Huesca,Piso,Calle  de San Jorge 66,55,3,255000
Aragón,Huesca,Casa Rural,N-230 s/n,70,3,110000
Aragón,Huesca,Piso,Calzada Rapitan,65,1,80500
Aragón,Huesca,Casa Rural,Medio 2,228,6,189999
Aragón,Huesca,Piso,Calle Marques de Urquijo 60,50,2,79000
Aragón,Huesca,Casa Rural,Plaza Mayor,123,4,122000
Aragón,Huesca,Duplex,Calle vico 14 -16,63,2,175000
Aragón,Huesca,Chalet,Plaza Espana,893,6,195000
Aragón,Huesca,Chalet,Plaza Mayor,85,3,122000
Aragón,Huesca,Chalet,LA PENA 26,120,3,40000
Aragón,Huesca,Chalet,Calle Tamarite 38,118,3,240000
Aragón,Huesca,Piso,CASTELAR 26,81,3,160000
Aragón,Huesca,Chalet,Calle Balsa la Algayo 1,163,5,48000
Aragón,Huesca,Casa Rural,Calle San Antonio Baja 23,325,5,110000
Aragón,Huesca,Duplex,Calle Albareda 16,25,3,159000
Aragón,Huesca,Piso,Avenida de Huesca 6,47,1,129000
Aragón,Huesca,Casa Rural,BOLTANA s/n,130,0,89900
Aragón,Huesca,Duplex,Binefar,125,3,158000
Aragón,Huesca,Chalet,Calle de Fondabos 17,131,4,270000
Aragón,Huesca,Chalet,CANON DE ANISCLO s/n,229,0,39000
Aragón,Huesca,Chalet,Calle MAYOR s/n,156,5,24000
Aragón,Huesca,Piso,Avenida de Francia 47,74,2,146000
Aragón,Huesca,Chalet,Sietamo,116,3,318000
Aragón,Huesca,Casa Rural,Plaza Mayor 1,587,5,325000
Aragón,Huesca,Piso,coli escalona,80,2,75000
Aragón,Huesca,Chalet,Calle Unica 1,23,3,285000
Aragón,Huesca,Piso,ibon de iserias 2,76,2,127000
Aragón,Huesca,Chalet,Calle Llenado s/n,200,0,50000
Aragón,Huesca,Piso,Dona Sancha 14,114,3,248000
Aragón,Huesca,Piso,Calle Zaragoza 9,120,4,169000
Aragón,Huesca,Casa Rural,La Vispesa s/n,12500,4,250000
Aragón,Huesca,Piso,Calle Sierra de Guara,79,2,130000
Aragón,Huesca,Piso,Calle pena telera 2,79,2,148000
Aragón,Huesca,Chalet,S/N,31,0,189000
Aragón,Huesca,Chalet,Plaza Mayor s/n,128,2,170000
Aragón,Huesca,Casa Rural,Calle San Fermin,100,3,220000
Aragón,Huesca,Chalet,Calle Valencia,687,9,95000
Aragón,Huesca,Piso,Calle pena telera 2,75,2,148000
Aragón,Huesca,Duplex,PIguelo,6,3,260000
Aragón,Huesca,Piso,Calle Sierra de Guara,79,2,130000
Aragón,Huesca,Chalet,Monflorite-Lascasas,139,4,245000
Aragón,Huesca,Piso,Calle Mayor 10,82,5,239000
Aragón,Huesca,Piso,Avenida los Danzantes de Huesca,109,3,184900
Aragón,Huesca,Chalet,Calle Padre Querbes 7,254,5,680000
Aragón,Huesca,Casa Rural,La Vispesa s/n,12500,4,250000
Aragón,Huesca,Chalet,Plaza Mayor s/n,128,2,170000
Aragón,Huesca,Chalet,ZONA AINSA SOBRARBE s/n,400,4,460000
Aragón,Huesca,Chalet,MAYOR s/n,353,0,11000
Aragón,Huesca,Piso,Calle Coli Escalona Leonardo Sabinanigo,115,4,145000
Aragón,Huesca,Chalet,Unica,115,3,210000
Aragón,Huesca,Piso,Calle San Pedro,110,3,39500
Aragón,Huesca,Casa Rural,Major s/n,12,3,69000
Aragón,Huesca,Atico,Calle las Aliagas 6,5,2,160000
Aragón,Huesca,Chalet,El Pueyo de Araguas s/n,127,4,250000
Aragón,Huesca,Piso,Avenida del Ejercito 59,78,2,120000
Aragón,Huesca,Duplex,Calle Benasque 1,120,3,295000
Aragón,Huesca,Casa Rural,Major s/n,63,2,59000
Aragón,Huesca,Piso,Avenida de los Pirineos,128,4,158000
Aragón,Huesca,Chalet,Calle la Isuela 12,25,2,136000
Aragón,Huesca,Atico,Jasa,65,2,120000
Aragón,Huesca,Casa Rural,Valle de Hecho,92,3,100000
Aragón,Huesca,Chalet,Calle del Olmo 6,70,3,260000
Aragón,Huesca,Chalet,Calle Salto de Roldan 3,165,5,290000
Aragón,Huesca,Piso,Calle San Lorenzo 1,250,5,300000
Aragón,Huesca,Piso,Calle Zaragoza,96,2,186000
Aragón,Huesca,Piso,Barbastro,75,2,90900
Aragón,Huesca,Piso,Calle Vico 4,76,2,145000
Aragón,Huesca,Piso,Plaza de la Abadia,63,2,135000
Aragón,Huesca,Duplex,Sallent de Gallego,14,4,590000
Aragón,Huesca,Duplex,Calle de Ainsa,159,4,209000
Aragón,Huesca,Chalet,Calle Rincon 5,25,0,29500
Aragón,Huesca,Piso,Plaza Espana,108,3,90000
Aragón,Huesca,Piso,Calle Pena Telera,41,1,95000
Aragón,Huesca,Chalet,Calle Medio 8,285,3,78000
Aragón,Huesca,Piso,Estada,64,2,58000
Aragón,Huesca,Chalet,RAMON YCAJAL,176,5,49000
Aragón,Huesca,Chalet,Calle Mians 12,158,3,275000
Aragón,Huesca,Piso,Calle Coli Escalona Leonardo,250,6,215000
Aragón,Huesca,Casa Rural,Plaza Mayor 5,163,5,110000
Aragón,Huesca,Casa Rural,Calle Alta Bentue,214,5,98000
Aragón,Huesca,Piso,tenerias 18,98,3,90000
Aragón,Huesca,Chalet,Avenida del Camino de los Hondos 36,50,6,525000
Aragón,Huesca,Piso,Estada,78,2,58000
Aragón,Huesca,Chalet,pirineo de huesca huertas rio s/n,0,0,39000
Aragón,Huesca,Atico,A-2617 17 -3,42,1,79000
Aragón,Huesca,Casa Rural,Calle Torrontillo 8,160,4,85000
Aragón,Huesca,Piso,Calle Infanzones,11,2,175000
Aragón,Huesca,Casa Rural,Nacional 330 s/n,10,2,232000
Aragón,Huesca,Piso,Estada,78,2,58000
Aragón,Huesca,Casa Rural,Calle la Torre,136,4,67700
Aragón,Huesca,Chalet,Ilche,70,2,69000
Aragón,Huesca,Piso,Calle Calatayud,141,4,450000
Aragón,Huesca,Casa Rural,Calle la Fuente 13 -25,55,3,50000
Aragón,Huesca,Chalet,Plaza MAYOR,97,3,125000
Aragón,Huesca,Piso,Avenida de los Monegros 40,72,3,235000
Aragón,Huesca,Chalet,Castejon de Sos,78,2,45000
Aragón,Huesca,Piso,Aren,120,3,98000
Aragón,Huesca,Casa Rural,Calle Alta 7,66,4,80000
Aragón,Huesca,Chalet,Calle Santiago 7,191,5,850000
Aragón,Huesca,Casa Rural,Calle mayor,2347,10,265000
Aragón,Huesca,Casa Rural,Calle Alta 24,130,3,50000
Aragón,Huesca,Duplex,Aren,6,3,109000
Aragón,Huesca,Chalet,Calle San Lorenzo 50 -86,122,5,135000
Aragón,Huesca,Chalet,Calle del Carmen 4,70,2,149000
Aragón,Huesca,Casa Rural,Calle la Fuente 15,300,5,90000
Aragón,Huesca,Piso,Avenida de Martinez de Velasco 29,111,3,139000
Aragón,Huesca,Chalet,Gurrea de Gallego,236,6,75000
Aragón,Huesca,Chalet,San vicente de paul,177,4,120000
Aragón,Huesca,Chalet,Calle Peguera 2 A,55,5,580000
Aragón,Huesca,Chalet,Fraga,550,5,525000
Aragón,Huesca,Piso,Calle las Plazas 2,62,2,220000
Aragón,Huesca,Chalet,Plaza Aragon 6,94,6,185000
Aragón,Huesca,Chalet,Estadilla,25,6,124900
Aragón,Huesca,Casa Rural,Camino del Castillo 2,467,9,675000
Aragón,Huesca,Piso,Huesca a Francia,55,1,103790
Aragón,Huesca,Piso,Calle Barrio Bajo 4,64,2,97000
Aragón,Huesca,Piso,Calle las Plazas 2,72,2,205000
Aragón,Huesca,Chalet,Calle Joaquin Costa 3,659,12,125000
Aragón,Huesca,Chalet,Estadilla,25,6,124900
Aragón,Huesca,Casa Rural,Calle Luis Espada 25,103,3,80000
Aragón,Huesca,Chalet,Plaza Aragon 6,94,6,185000
Aragón,Huesca,Duplex,Camino Nugueret 20,72,2,135000
Aragón,Huesca,Chalet,Calle del Medio 3,200,5,60000
Aragón,Huesca,Chalet,Calle Peguera 2 A,55,5,580000
Aragón,Huesca,Chalet,Calle Mayor,148,4,57000
Aragón,Huesca,Piso,Calle de Ignacio Luzan,111,3,124000
Aragón,Huesca,Chalet,Castejon del Puente,73,2,75000
Aragón,Huesca,Estudio,Calle Santa Maria del Soterrano 12,42,0,95000
Aragón,Huesca,Duplex,Calle Padre Huesca 1,98,3,215000
Aragón,Huesca,Piso,Calle Zocheras s/n,80,2,375000
Aragón,Huesca,Piso,Calle Zocheras s/n,86,3,350000
Aragón,Huesca,Piso,Calle Zocheras s/n,104,3,380000
Aragón,Huesca,Piso,Pineta s/n,90,3,73000
Aragón,Huesca,Piso,Calle Mayor,189,5,24000
Aragón,Huesca,Chalet,Cerler,90,3,309000
Aragón,Huesca,Piso,Calle Foncillas 1,98,3,80000
Aragón,Huesca,Piso,Calle Zocheras s/n,130,4,460000
Aragón,Huesca,Duplex,Avenida ESTACION,61,2,185000
Aragón,Huesca,Chalet,Calle Pueblas Altas 19,132,4,35000
Aragón,Huesca,Chalet,Calle Arrabal,141,4,82000
Aragón,Huesca,Duplex,Calle SAN CRISTOBAL 2,43,1,102500
Aragón,Huesca,Piso,Calle Estadilla 14,68,2,73000
Aragón,Huesca,Piso,Calle de Lepanto,50,2,75000
Aragón,Huesca,Casa Rural,Alto Serveto 8,120,4,80000
Aragón,Huesca,Casa Rural,Principal,102,3,20500
Aragón,Huesca,Duplex,Avenida de Huesca,23,0,160000
Aragón,Huesca,Casa Rural,Gurrea de Gallego,219,6,100000
Aragón,Huesca,Chalet,Sabinanigo Centro-Aurin,149,4,220000
Aragón,Huesca,Atico,Camino de Saras 15,88,3,290000
Aragón,Huesca,Casa Rural,Calle Unica 1,56,1,135000
Aragón,Huesca,Chalet,Bisaurri,34,3,295000
Aragón,Huesca,Piso,Calle santa ana 5,93,3,75000
Aragón,Huesca,Casa Rural,Diseminado Sarsa de Surta 4,132,4,77000
Aragón,Huesca,Atico,Calle Iglesia,46,1,115000
Aragón,Huesca,Piso,Benasque,106,3,290000
Aragón,Huesca,Piso,Calle Mayor 51,14,3,135000
Aragón,Huesca,Piso,Calle Zocheras s/n,60,2,375000
Aragón,Huesca,Estudio,Calle els pllans de ansils 1,24,0,90000
Aragón,Huesca,Chalet,Cerler,107,3,309000
Aragón,Huesca,Casa Rural,Alto Serveto 8,120,4,80000
Aragón,Huesca,Piso,Calle de Lepanto,50,2,75000
Aragón,Huesca,Duplex,Avenida de Huesca,25,0,160000
Aragón,Huesca,Chalet,Calle Dr Castanera 8,128,4,55000
Aragón,Huesca,Atico,Calle de San Sebastian,47,1,125000
Aragón,Huesca,Piso,Plaza de Europa 2,49,1,119000
Aragón,Huesca,Chalet,OITURIA s/n,400,18,200000
Aragón,Huesca,Chalet,Camino Corcullos,143,4,600000
Aragón,Huesca,Piso,Avenida de Sardas 2 -12,60,2,68000
Aragón,Huesca,Piso,LA CRUZ 27,74,2,197000
Aragón,Huesca,Chalet,Calle Graus,205,6,85000
Aragón,Huesca,Casa Rural,Ranin s/n,35,1,26000
Aragón,Huesca,Chalet,Calle Progreso 18,442,4,95000
Aragón,Huesca,Chalet,Calle de san martin 8,153,3,75000
Aragón,Huesca,Piso,Calle Almacellas,102,3,99000
Aragón,Huesca,Chalet,Partida Gesera 25,178,5,420000
Aragón,Huesca,Piso,Plaza de Europa 2,67,2,158500
Aragón,Huesca,Chalet,Calle San Miguel,115,3,45000
Aragón,Huesca,Piso,DOCTOR FLEMING 25,71,2,169000
Aragón,Huesca,Chalet,Granen,187,5,175000
Aragón,Huesca,Piso,Calle escalar,53,1,109000
Aragón,Huesca,Piso,JOAQUIN COSTA s/n,70,2,160000
Aragón,Huesca,Piso,Calle Pena Montanesa 10,78,2,109000
Aragón,Huesca,Chalet,Calle Valle de Ordesa,51,4,200000
Aragón,Huesca,Piso,Calle Esera 11,98,3,65000
Aragón,Huesca,Piso,Casco Antiguo,60,3,62600
Aragón,Huesca,Piso,Calle Huesca,80,2,162500
Aragón,Huesca,Chalet,Calle Baja 10,569,14,49900
Aragón,Huesca,Duplex,Calle Pena Telera 3,16,2,145000
Aragón,Huesca,Chalet,Calle Sasillo,123,4,85000
Aragón,Huesca,Chalet,Calle Santa Quiteria 52,102,3,150000
Aragón,Huesca,Chalet,Carretera Huesca 5,290,4,145000
Aragón,Huesca,Chalet,Calle San Juan de la Pena 30,120,5,160000
Aragón,Huesca,Casa Rural,Calle Traviesa 22,644,6,239000
Aragón,Huesca,Chalet,Calle Solana Alta,196,5,75000
Aragón,Huesca,Duplex,Carretera Iglesia 6,86,3,170000
Aragón,Huesca,Chalet, s/n,86,4,249000
Aragón,Huesca,Duplex,Carretera Iglesia 6,110,3,170000
Aragón,Huesca,Casa Rural,Diseminados 306,130,2,150000
Aragón,Huesca,Piso,Calle del Sol 4,111,3,100000
Aragón,Huesca,Chalet, s/n,86,4,249000
Aragón,Huesca,Chalet,Calle Ribagorza 11,397,8,100000
Aragón,Huesca,Chalet,Calle Almacellas 28,65,5,260000
Aragón,Huesca,Casa Rural,Plaza Mayor 1,157,2,53000
Aragón,Huesca,Chalet,Calle del Pico de Collarada 41,198,5,895000
Aragón,Huesca,Piso,Paseo del Hortaz 5,118,3,110000
Aragón,Huesca,Piso,Camino de Saras 15,75,2,253500
Aragón,Huesca,Piso,Calle Progreso s/n,114,3,82000
Aragón,Huesca,Piso,Avenida de la Estacion 6,100,3,170000
Aragón,Huesca,Casa Rural,Calle unica s/n sn,226,6,120000
Aragón,Huesca,Piso,Plaza Espana,127,4,125000
Aragón,Huesca,Duplex,Puente Gallego 14,60,6,875000
Aragón,Huesca,Chalet,Calle Galan Bergua 17,400,4,710000
Aragón,Huesca,Casa Rural,Calle Traviesa 22,644,6,239000
Aragón,Huesca,Duplex,Calle Pena Telera 3,16,2,145000
Aragón,Huesca,Piso,Calle Zaragoza,90,3,125000
Aragón,Huesca,Piso,Calle els Pllans de Ansils 11,87,3,176000
Aragón,Huesca,Chalet,Bisaurri,178,5,690000
Aragón,Huesca,Chalet,Calle San Juan de la Pena 30,120,5,160000
Aragón,Huesca,Atico,Calle San Cristobal Ag Badaguas 17,55,1,102500
Aragón,Huesca,Piso,Calle Unica 13,52,1,93500
Aragón,Huesca,Casa Rural,mayor 6,149,4,96000
Aragón,Huesca,Chalet,Avenida Ejea de los Caballeros 27,173,5,98000
Aragón,Huesca,Chalet,Camino de Chimillas s/n sn,109,3,370500
Aragón,Huesca,Chalet,Calle Santos Lalueza 6,450,5,252100
Aragón,Huesca,Chalet,Urbanizacion Luga de Castiello 8,10,4,330000
Aragón,Huesca,Duplex,Avenida de Fernando el Catolico 43,48,1,125000
Aragón,Huesca,Chalet,Calle Horno 18,186,5,75000
Aragón,Huesca,Chalet,Carretera Jaca - Pamplona 17 CtraJacaPamplonaKm,50000,3,140000
Aragón,Huesca,Duplex,Calle de los Estudios 22,113,3,215000
Aragón,Huesca,Piso,Calle Mirador del Valle 9,119,3,155000
Aragón,Huesca,Casa Rural,medio 21,160,6,30000
Aragón,Huesca,Chalet,Calle Almacellas,183,5,85000
Aragón,Huesca,Chalet,Calle Solana Alta,166,5,75000
Aragón,Huesca,Chalet,Carretera Graus a Viella km 27 Urbanizacion Camporruegos 8,110,3,175000
Aragón,Huesca,Casa Rural,Plaza de las Escuelas 1,309,6,90000
Aragón,Huesca,Piso,Avenida Yebra de Basa,80,3,135000
Aragón,Huesca,Casa Rural,Plaza Mayor 1,157,2,53000
Aragón,Huesca,Casa Rural,Calle unica s/n sn,238,6,120000
Aragón,Huesca,Chalet,Calle Palau,106,3,49000
Aragón,Huesca,Piso,Calle Huesca,63,2,162500
Aragón,Huesca,Chalet,Calle Solana Alta,160,5,75000
Aragón,Huesca,Chalet,Calle carretera 31,127,4,125000
Aragón,Huesca,Chalet,Camino de Chimillas s/n sn,115,3,370500
Aragón,Huesca,Piso,Calle RECONQUISTA,89,3,165000
Aragón,Huesca,Chalet,Calle Galan Bergua 17,400,4,710000
Aragón,Huesca,Chalet,Calle Almacellas 28,65,5,260000
Aragón,Huesca,Chalet,Bisaurri,194,5,690000
Aragón,Huesca,Chalet, s/n,86,4,249000
Aragón,Huesca,Piso,Calle Unica 13,52,1,93500
Aragón,Huesca,Piso,Calle Mayor,79,3,135000
Aragón,Huesca,Piso,iglesia 15,46,2,179000
Aragón,Huesca,Duplex,Calle els Pllans de Ansils 1 D,159,4,240000
Aragón,Huesca,Piso,Avenida Pirineos 1,105,4,120000
Aragón,Huesca,Piso,Calle de san sebastian 1,67,2,249000
Aragón,Huesca,Piso,Calle Carretera 6,68,2,95000
Aragón,Huesca,Chalet,Benasque,360,5,950000
Aragón,Huesca,Casa Rural,UNICA LLAGUNAS s/n,100,5,189000
Aragón,Huesca,Piso,Estada,45,1,48000
Aragón,Huesca,Casa Rural,graus 12,700000,4,870000
Aragón,Huesca,Chalet,Calle Nueva 6,136,5,24000
Aragón,Huesca,Piso,Calle Peroneros 2,108,3,160000
Aragón,Huesca,Piso,Calle San Juan de la Pena 1,99,3,104000
Aragón,Huesca,Casa Rural,Calle Unica 1,127,4,238000
Aragón,Huesca,Piso,Binefar,80,3,129000
Aragón,Huesca,Casa Rural,anciano s/n,50,1,80000
Aragón,Huesca,Chalet,Camino de Bandalies 7,27,3,247000
Aragón,Huesca,Estudio,BURGO DEL RAPITAN s/n,36,0,41000
Aragón,Huesca,Duplex,Avenida San Vicente de Paul 5,99,2,125000
Aragón,Huesca,Piso,Avenida Martinez de Velasco,90,3,180000
Aragón,Huesca,Piso,Calle Heredia,54,1,130000
Aragón,Huesca,Piso,Binefar,104,4,78000
Aragón,Huesca,Duplex,N/A s/n NA,103,3,215000
Aragón,Huesca,Piso,Calle del Instituto Laboral,84,3,45000
Aragón,Huesca,Piso,Calle Unica 10,63,2,94000
Aragón,Huesca,Duplex,Benasque,103,3,280000
Aragón,Huesca,Chalet,Camino de Saras 36,177,4,370000
Aragón,Huesca,Piso,Calle Zaragoza 2,26,2,315000
Aragón,Huesca,Piso,Calle Zaragoza 14,109,3,140000
Aragón,Huesca,Piso,Avenida Martinez de Velasco,90,3,180000
Aragón,Huesca,Piso,Camino de la Barca,98,3,154000
Aragón,Huesca,Chalet,Calle Extramuros 3  B,184,3,160000
Aragón,Huesca,Piso,Estada,50,1,48000
Aragón,Huesca,Duplex,Calle els Pllans de Ansils 1 D,142,4,240000
Aragón,Huesca,Casa Rural,graus 12,700000,4,870000
Aragón,Huesca,Chalet,Calle a Sector 2 8,129,4,325000
Aragón,Huesca,Duplex,N/A s/n NA,81,3,215000
Aragón,Huesca,Casa Rural,Calle Castelnou 24,87,3,119000
Aragón,Huesca,Piso,Calle de san sebastian 1,78,2,249000
Aragón,Huesca,Casa Rural,Calle Mayor 35,254,7,55000
Aragón,Huesca,Casa Rural,El Pastor s/n,69,2,110000
Aragón,Huesca,Casa Rural,anciano s/n,50,1,80000
Aragón,Huesca,Piso,Calle Unica 10,65,2,94000
Aragón,Huesca,Piso,Puente la Reina de Jaca,78,2,88300
Aragón,Huesca,Piso,iglesia 15,46,2,179000
Aragón,Huesca,Piso,Calle Heredia,55,1,130000
Aragón,Huesca,Chalet,Calle Nueva 6,136,5,24000
Aragón,Huesca,Casa Rural,Unica 1,196,5,249000
Aragón,Huesca,Piso,Calle Peroneros 2,92,3,160000
Aragón,Huesca,Piso,Calle de Santa Ana 5,94,3,75000
Aragón,Huesca,Duplex,Benasque,82,3,280000
Aragón,Huesca,Piso,San Vicente 58,76,2,105000
Aragón,Huesca,Piso,San Viente 58,80,1,100000
Aragón,Huesca,Casa Rural,UNICA LLAGUNAS s/n,100,5,189000
Aragón,Huesca,Atico,Calle Unica 11,6,2,170000
Aragón,Huesca,Chalet,Altorricon,587,7,270000
Aragón,Huesca,Chalet,Alto Alguerdia Brazo s/n sn,105,3,370500
Aragón,Huesca,Piso,Calle Ozcoidi s/n,61,3,26600
Aragón,Huesca,Chalet,Calle Mondarruego 12,500,3,309000
Aragón,Huesca,Piso,Calle del Instituto Laboral,86,3,45000
Aragón,Huesca,Piso,Binefar,91,3,129000
Aragón,Huesca,Piso,Plaza Santa Ana 10,6,3,125000
Aragón,Huesca,Piso,Calle San Juan de la Pena 1,99,3,104000
Aragón,Huesca,Piso,Avenida Pirineos 1,105,4,120000
Aragón,Huesca,Chalet,Unica 24,345,5,189000
Aragón,Huesca,Chalet,Esplus,141,4,47000
Aragón,Huesca,Chalet,Tamarite de Litera,120,3,70000
Aragón,Huesca,Chalet,Benasque,154,4,345000
Aragón,Huesca,Duplex,Binefar,17,3,150000
Aragón,Huesca,Chalet,Albelda,360,3,69000
Aragón,Huesca,Piso,Francisco Meliz 8,60,1,75000
Aragón,Huesca,Chalet,Benabarre,98,3,218000
Aragón,Huesca,Chalet,Albalate de Cinca,224,6,215000
Aragón,Huesca,Chalet,Monzon,95,3,210000
Aragón,Huesca,Piso,Carretera de Rapitan,107,3,135000
Aragón,Huesca,Chalet,Castillonroy,110,3,78000
Aragón,Huesca,Chalet,Calle de las Cortes s/n,74,2,57500
Aragón,Huesca,Chalet,Avenida de Navarra 32,111,3,57000
Aragón,Huesca,Chalet,Gurrea de Gallego,185,5,224000
Aragón,Huesca,Piso,Esplus,76,2,88000
Aragón,Huesca,Chalet,Altorricon,235,6,165000
Aragón,Huesca,Atico,Pena Telera 3,116,3,268000
Aragón,Huesca,Chalet,Sietamo,60,4,495000
Aragón,Huesca,Chalet,Calle San Pedro 8,162,5,69000
Aragón,Huesca,Piso,Binefar,131,4,90000
Aragón,Huesca,Chalet,Los Olivos,153,4,620000
Aragón,Huesca,Chalet,Calle Unica 9,500,7,319000
Aragón,Huesca,Chalet,Pozan de Vero,127,4,35000
Aragón,Huesca,Chalet,Peralta de Calasanz,182,5,85000
Aragón,Huesca,Chalet,Fonz,244,6,389000
Aragón,Huesca,Chalet,Tamarite de Litera,325,5,78000
Aragón,Huesca,Chalet,Esplus,144,4,47000
Aragón,Huesca,Chalet,Peralta de Calasanz,560,6,90000
Aragón,Huesca,Piso,Calle Dormer s/n,80,3,41650
Aragón,Huesca,Chalet,Castillonroy,138,4,42000
Aragón,Huesca,Piso,Casco Antiguo,103,3,90000
Aragón,Huesca,Chalet,Binefar,155,4,95000
Aragón,Huesca,Casa Rural,salvador,90,5,145000
Aragón,Huesca,Casa Rural,Alto Barrio 17,100,2,120000
Aragón,Huesca,Piso,Esplus,107,3,82000
Aragón,Huesca,Chalet,Berbegal,104,3,125000
Aragón,Huesca,Chalet,Centro - San Lorenzo,200,5,161000
Aragón,Huesca,Piso,Calle la Rampa 14,72,2,120000
Aragón,Huesca,Chalet,Tamarite de Litera,53,3,38000
Aragón,Huesca,Chalet,Tamarite de Litera,97,3,70000
Aragón,Huesca,Chalet,Salas Bajas,85,3,285000
Aragón,Huesca,Piso,San Jose,101,3,123700
Aragón,Huesca,Piso,Monzon,89,3,82000
Aragón,Huesca,Estudio,Carretera de Rapitan,32,0,52000
Aragón,Huesca,Casa Rural,Aguero,2250,5,335000
Aragón,Huesca,Estudio,rapitan s/n,36,0,56000
Aragón,Huesca,Piso,Plaza Espana,138,4,125000
Aragón,Huesca,Chalet,mayor 27,43,0,26500
Aragón,Huesca,Piso,Calle Autonomia de Aragon s/n,156,4,200000
Aragón,Huesca,Piso,rio vero 2,139,4,168000
Aragón,Huesca,Chalet,Lascuarre,239,6,1650000
Aragón,Huesca,Duplex,Calle Chapitel,59,3,249000
Aragón,Huesca,Piso,Binefar,141,4,116000
Aragón,Huesca,Casa Rural,Plaza mayor 1,120,6,120000
Aragón,Huesca,Piso,Calle Tenerias,710,3,69900
Aragón,Huesca,Chalet,Calle Molino,1538,6,200000
Aragón,Huesca,Casa Rural,Avenida General Coll,157,4,53000
Aragón,Huesca,Chalet,Peralta de Alcofea,200,5,95000
Aragón,Huesca,Casa Rural,Calle Mayor Martes 23,50,0,14500
Aragón,Huesca,Chalet,Gurrea de Gallego,590,15,65320
Aragón,Huesca,Chalet,Boltana,70,5,582000
Aragón,Huesca,Piso,Monsenor Arnulfo Romero s/n,90,3,130000
Aragón,Huesca,Chalet,ALTA s/n,107,3,40000
Aragón,Huesca,Piso,Gurrea de Gallego,114,4,59000
Aragón,Huesca,Chalet,Gurrea de Gallego,215,3,80000
Aragón,Huesca,Piso,Calle ABAZ BANZO 6,120,3,79000
Aragón,Huesca,Chalet,Calle SIERRA DE GUARA 4,126,4,178300
Aragón,Huesca,Piso,Calle ABAZ BANZO 4,90,3,79000
Aragón,Huesca,Chalet,San Esteban de Litera,91,3,54000
Aragón,Huesca,Chalet,Calle Arribas,45,3,120000
Aragón,Huesca,Piso,Calle Balaitus 1,175,5,84900
Aragón,Huesca,Chalet,Gurrea de Gallego,90,5,139000
Aragón,Huesca,Chalet,Jose Salarrullana,198,5,308000
Aragón,Huesca,Piso,Camino de Aurin,116,3,39400
Aragón,Huesca,Chalet,Calle San Lorenzo,65,2,40000
Aragón,Huesca,Piso,Avenida CORONA DE ARAGON 35,140,4,132000
Aragón,Huesca,Chalet,Calle La Fuente,220,6,79900
Aragón,Huesca,Piso,StoDomingo y SMartin,9,4,169500
Aragón,Huesca,Piso,Calle Bellido,80,3,216000
Aragón,Huesca,Piso,Calle Conde,100,3,29000
Aragón,Huesca,Chalet,Calle Barranco,177,5,55500
Aragón,Huesca,Piso,Calle de Serrablo,87,3,42000
Aragón,Huesca,Piso,Calle Zocotin,15,3,570000
Aragón,Huesca,Chalet,Alcampell,83,3,65000
Aragón,Huesca,Piso,Calle Mayor Estiche,14700,3,57400
Aragón,Huesca,Chalet,Calle Argensola,438,10,170000
Aragón,Huesca,Casa Rural,fiscal,85,2,119000
Aragón,Huesca,Chalet,Calle Castillo,19,2,17000
Aragón,Huesca,Piso,Calle de Lepanto,73,2,32000
Aragón,Huesca,Piso,Calle San Lorenzo 31,50,2,74900
Aragón,Huesca,Piso,Calle Caballeros,7300,3,27000
Aragón,Huesca,Piso,Calle Fornillos,95,3,28000
Aragón,Huesca,Piso,Calle Fornillos,95,2,28000
Aragón,Huesca,Chalet,Calle de la Roqueta,91,1,93200
Aragón,Huesca,Piso,Calle Conde,117,3,29000
Aragón,Huesca,Chalet,Plaza de la Tallada 13,292,6,140000
Aragón,Huesca,Chalet,Calle ESCUELAS PIAS,197,5,70000
Aragón,Huesca,Piso,Calle Dr Barraquer,112,3,62800
Aragón,Huesca,Chalet,Calle San Lorenzo,62,2,40000
Aragón,Huesca,Piso,StoDomingo y SMartin,9,4,169500
Aragón,Huesca,Piso,Calle Dos de Mayo,106,3,144000
Aragón,Huesca,Piso,Calle Coli Escalona Leonardo,0,3,46000
Aragón,Huesca,Piso,Casco Antiguo,197,5,228000
Aragón,Huesca,Chalet,Alto banos barrio,232,3,220000
Aragón,Huesca,Chalet,Calle San Pedro,129,4,47200
Aragón,Huesca,Piso,Plaza CANDELERA 1,100,3,110000
Aragón,Huesca,Casa Rural,La fueva,550,4,170000
Aragón,Huesca,Piso,Calle Bellido,113,3,216000
Aragón,Huesca,Piso,Calle de Serrablo,104,3,42000
Aragón,Huesca,Piso,Calle Guara,0,3,25000
Aragón,Huesca,Casa Rural,Calle Goya,92,3,36000
Aragón,Huesca,Piso,Avenida CORONA DE ARAGON 35,155,4,132000
Aragón,Huesca,Piso,Formigal,74,2,190000
Aragón,Huesca,Piso,Mayor,40,1,119000
Aragón,Huesca,Piso,Calle Cabestany,145,4,280000
Aragón,Huesca,Duplex,MOLSA,62,2,121000
Aragón,Huesca,Chalet,Monzon,93,3,100000
Aragón,Huesca,Chalet,Aguero,138,4,96600
Aragón,Huesca,Piso,Barrosa,60,1,98000
Aragón,Huesca,Piso,Avenida de Lerida,89,3,82000
Aragón,Huesca,Casa Rural,Somontano,300,4,60000
Aragón,Huesca,Chalet,Esplus,20,4,23000
Aragón,Huesca,Piso,Formigal,80,2,190000
Aragón,Huesca,Piso,Barrosa,60,1,98000
Aragón,Huesca,Piso,Mayor,40,1,119000
Aragón,Huesca,Atico,Carretera Pamplona 1,12,2,48000
Aragón,Huesca,Casa Rural,Travesia SAN VALERO AG ENATE,166,5,37000
Aragón,Huesca,Piso,Avenida Yebra de Basa 11,39,1,73000
Aragón,Huesca,Piso,Sabinanigo Centro-Aurin,5,3,195000
Aragón,Huesca,Casa Rural,Calle medio 2,228,6,185000
Aragón,Huesca,Casa Rural,Carretera EMBUN s/n,98000,2,240000
Aragón,Huesca,Piso,Calle de la Universidad,66,2,168000
Aragón,Huesca,Piso,Calle de Lepanto 17,57,2,47000
Aragón,Huesca,Piso,Avenida Rio Vero,131,3,175000
Aragón,Huesca,Chalet,Calle Monzon,112,3,75000
Aragón,Huesca,Duplex,Plaza San Lorenzo,115,2,195000
Aragón,Huesca,Chalet,Gurrea de Gallego,191,5,224000
Aragón,Huesca,Piso,Gaspar Torrente,52,1,95000
Aragón,Huesca,Chalet,Calle Escuer 7,60,2,55000
Aragón,Huesca,Casa Rural,Calle del Castillo 40,210,6,90000
Aragón,Huesca,Casa Rural,Calle Luis Espada 8,361,3,67500
Aragón,Huesca,Casa Rural,Calle San Pedro,94,3,85000
Aragón,Huesca,Chalet,Calle Valencia Ag Enate,113,3,35500
Aragón,Huesca,Casa Rural,Calle Miguel Servet,146,4,90000
Aragón,Huesca,Piso,San Salvador s/n,86,3,140000
Aragón,Huesca,Casa Rural,Calle UNICA s/n,36,3,55000
Aragón,Huesca,Casa Rural,Calle la Merced,154,4,120000
Aragón,Huesca,Piso,Calle Ingeniero Montaner,85,3,126000
Aragón,Huesca,Chalet,Monzon,111,3,175000
Aragón,Huesca,Chalet,Hoz y Costean,157,4,165000
Aragón,Huesca,Chalet,Calle la Torre 4,153,4,67500
Aragón,Huesca,Piso,Calle Calvario,61,2,49000
Aragón,Huesca,Chalet,Calle San Sebastian,434,8,86000
Aragón,Huesca,Chalet,Calle de la Redorta Baja,181,5,42000
Aragón,Huesca,Piso,Calle de Antonio Torres Palacio,10,3,25000
Aragón,Huesca,Casa Rural,Calle Mariano Sanchez Gaston,91,3,51000
Aragón,Huesca,Chalet,Nueno,111,2,194500
Aragón,Huesca,Piso,Calle Calvario,2,3,41000
Aragón,Huesca,Piso,Fraga,137,4,71300
Aragón,Huesca,Piso,Calle de Serrablo,137,4,51000
Aragón,Huesca,Chalet,Monzon,300,7,83000
Aragón,Huesca,Piso,Calle Dona Sancha,90,3,285000
