Tipo de inmueble,Dirección,Precio,Habitaciones,m2,Provincia,C. Autónoma
Piso,Calle Nicomedes Pastor Díaz,209000,4,151,Lugo,Galicia
Piso,Calle Serra de Ancares 6,122000,3,114,Lugo,Galicia
Duplex,Avenida de Magoi 1,286000,4,141,Lugo,Galicia
Piso,Calle das Fontes,240000,4,123,Lugo,Galicia
Piso,Calle do Camiño Real,127000,2,71,Lugo,Galicia
Piso,Plaza Conde de Fontao,197000,3,30,Lugo,Galicia
Piso,Avenida de A Coruña - Paradai,129000,2,61,Lugo,Galicia
Chalet,O Corgo,250000,6,270,Lugo,Galicia
Piso,Calle Castelao,259000,4,124,Lugo,Galicia
Piso,Calle Nicomedes Pastor Díaz,209000,3,101,Lugo,Galicia
Piso,Calle Monte Pena Maior,145000,2,67,Lugo,Galicia
Piso,Calle Calzada da Ponte,139900,2,60,Lugo,Galicia
Piso,Calle Concepción Arenal,165000,4,127,Lugo,Galicia
Piso,Avenida Ramón Ferreiro,298000,3,83,Lugo,Galicia
Piso,Camino de Pipin,93000,4,20,Lugo,Galicia
Piso,Ronda das Fontiñas,155000,3,112,Lugo,Galicia
Piso,Calzada das Gándaras,120000,3,91,Lugo,Galicia
Piso,Calle San Roque,180000,2,66,Lugo,Galicia
Piso,Calle San Roque,349000,4,121,Lugo,Galicia
Piso,Avenida de la Coruña,99000,4,148,Lugo,Galicia
Piso,Calle Montero Ríos,119000,3,80,Lugo,Galicia
Piso,Plaza campo castillo,449900,3,170,Lugo,Galicia
Piso,Calle Alcalde Manuel Portela,107000,2,73,Lugo,Galicia
Piso,Calle Dona Urraca,169000,3,83,Lugo,Galicia
Duplex,Calle do Dolmen,175000,5,207,Lugo,Galicia
Piso,Avenida Fontiñas,110000,3,94,Lugo,Galicia
Chalet,Friol,599000,4,420,Lugo,Galicia
Piso,Calle Ramón González,130000,3,82,Lugo,Galicia
Piso,Calle Río Chamoso,54000,3,93,Lugo,Galicia
Piso,Calle Castelao s/n,185000,3,115,Lugo,Galicia
Piso,Plaza de Ferrol,395000,3,172,Lugo,Galicia
Chalet,Panton,525000,5,188,Lugo,Galicia
Ático,Calle Conde Pallares,515000,3,168,Lugo,Galicia
Chalet,fondon 12,1000000,8,364,Lugo,Galicia
Piso,doctor fleming,200000,5,163,Lugo,Galicia
Duplex,Ronda da Muralla,275000,4,137,Lugo,Galicia
Piso,Calle ARMANYÁ,270000,4,173,Lugo,Galicia
Piso,PINTOR CORREDOIRA,175000,4,121,Lugo,Galicia
Piso,Calle ARMANYÁ,240000,2,148,Lugo,Galicia
Piso,Calle ARMANYÁ,450000,8,320,Lugo,Galicia
Piso,Calle ARMANYÁ,270000,4,173,Lugo,Galicia
Piso,Calle Castelao,118000,3,115,Lugo,Galicia
Piso,Calle Marina Española,169000,5,197,Lugo,Galicia
Casa Rural,Plaza da Constitución,75000,4,145,Lugo,Galicia
Piso,Calle Pintor Corredoira,175000,4,127,Lugo,Galicia
Piso,Ronda das Fontiñas,125000,3,102,Lugo,Galicia
Piso,Calle San Roque,349000,4,156,Lugo,Galicia
Piso,Calle Catasol,95000,4,132,Lugo,Galicia
Piso,Calle do Prado,108000,4,109,Lugo,Galicia
Piso,Avenida de A Coruña,198000,3,95,Lugo,Galicia
Piso,Avenida Ramón Ferreiro,425000,5,200,Lugo,Galicia
Piso,Calle da Pravia,70000,4,127,Lugo,Galicia
Piso,Avenida Breogán,129000,3,100,Lugo,Galicia
Piso,Calle Nicomedes Pastor Díaz,209000,4,129,Lugo,Galicia
Chalet,Carretera Praia San Miguel,260000,5,192,Lugo,Galicia
Chalet,Camino Pampillosa,450000,4,125,Lugo,Galicia
Chalet,Calexón Pai Sarmiento,180000,4,140,Lugo,Galicia
Piso,zona ramon ferreiro s/n,175000,3,97,Lugo,Galicia
Piso,Calle San Roque,149000,2,71,Lugo,Galicia
Piso,Calle Marina Española,77000,3,99,Lugo,Galicia
Duplex,Calle Calzada da Ponte s/n,139900,2,75,Lugo,Galicia
Piso,Avenida de Garabolos s/n,98000,2,70,Lugo,Galicia
Casa Rural,LU-P-5204 9,75000,1,800,Lugo,Galicia
Piso,Avenida do Doutor García Portela,298000,4,134,Lugo,Galicia
Piso,Calle Amizade,74000,4,121,Lugo,Galicia
Piso,Illa Coelleira,185000,2,85,Lugo,Galicia
Piso,Calle Montirón,175000,3,99,Lugo,Galicia
Piso,recinto amurallado s/n,310000,5,180,Lugo,Galicia
Piso,Calle Poeta Manuel María s/n,138000,2,15,Lugo,Galicia
Piso,Avenida de A Coruña s/n,115000,3,96,Lugo,Galicia
Casa Rural,Lugar As Casas Vellas 4,150000,4,15000,Lugo,Galicia
Chalet,Calle Venancio Senra,169000,5,112,Lugo,Galicia
Piso,Calle Bispo Aguirre,120000,5,173,Lugo,Galicia
Piso,Calzada das Gándaras,120000,3,117,Lugo,Galicia
Piso,Avenida das Américas,175000,3,97,Lugo,Galicia
Piso,Calle Rei Don García,145000,4,135,Lugo,Galicia
Piso,Ronda da Muralla,290000,4,128,Lugo,Galicia
Piso,Calle Alcalde Manuel Portela,107000,2,64,Lugo,Galicia
Duplex,Teatro 17,439990,3,90,Lugo,Galicia
Piso,Calle Constanza de Castro,65000,1,40,Lugo,Galicia
Piso,Avenida Ramón Ferreiro,425000,5,173,Lugo,Galicia
Ático,Camino de Barranca 16,135000,2,8,Lugo,Galicia
Piso,Calle Cervantes 31,95000,2,75,Lugo,Galicia
Piso,AV BENITO GALCERÁN 20,110000,3,100,Lugo,Galicia
Casa Rural,Frean 2,89000,8,350,Lugo,Galicia
Piso,Ronda das Fontiñas,145000,3,103,Lugo,Galicia
Chalet,LU-P-4102,55000,4,130,Lugo,Galicia
Duplex,Calle Illa Nova,190000,4,138,Lugo,Galicia
Casa Rural,Piñeiro,60000,4,143,Lugo,Galicia
Piso,Avenida da Coruña,98000,2,61,Lugo,Galicia
Chalet,Ourol,89000,5,1700,Lugo,Galicia
Piso,Calle San Roque,150000,5,140,Lugo,Galicia
Piso,Calle San Roque 34,108000,3,99,Lugo,Galicia
Piso,Avenida Breogán,145000,3,90,Lugo,Galicia
Piso,Calle Constanza de Castro,74000,4,131,Lugo,Galicia
Piso,Calle Doutor Gasalla,95000,3,84,Lugo,Galicia
Piso,Calle Río Ser,96000,5,100,Lugo,Galicia
Chalet,Calle Celestino fernandez de la vega,110000,4,136,Lugo,Galicia
Duplex,Calle Angelo Colocci,110000,2,80,Lugo,Galicia
Piso,Calle Nicomedes Pastor Díaz s/n,255000,4,129,Lugo,Galicia
Piso,Ronda da Muralla s/n,247000,3,106,Lugo,Galicia
Casa Rural,Seteiglesias-Seteigles,250000,4,1889,Lugo,Galicia
Chalet,aceña de olga s/n,420000,5,350,Lugo,Galicia
Piso,Calle Ourense 1,155000,4,124,Lugo,Galicia
Piso,Calle Cidade de Lugo 3,55000,2,70,Lugo,Galicia
Piso,Calle Cidade de Lugo 3,70000,3,113,Lugo,Galicia
Piso,Calle San Roque 34,59000,2,74,Lugo,Galicia
Piso,Calle LU-P-0101 2,150000,6,220,Lugo,Galicia
Piso,Camino General San Cosme 105 X,110000,2,123,Lugo,Galicia
Piso,O Carme - Recatelo,159000,4,128,Lugo,Galicia
Piso,calzada de as gandaras,105000,2,61,Lugo,Galicia
Casa Rural,Lugar Casas 1,260000,6,213,Lugo,Galicia
Chalet,muxa de arriba,330000,4,32,Lugo,Galicia
Casa Rural,Vilaseca s/n,180000,7,269,Lugo,Galicia
Chalet,monterroso,180000,5,5000,Lugo,Galicia
Chalet,calde,420000,4,137,Lugo,Galicia
Piso,Calle Santo Graal,115000,2,66,Lugo,Galicia
Chalet,Lugar Fontao 17,55000,4,159,Lugo,Galicia
Chalet,630694015,Camino sen nome,699000,700,Lugo,Galicia
Chalet,Plaza España,349000,9,558,Lugo,Galicia
Chalet,Calle da Iglesia,295000,3,10000,Lugo,Galicia
Chalet,630694015,Camino sen nome,699000,537,Lugo,Galicia
Chalet,Santa Eufemia - Calde,420000,4,3000,Lugo,Galicia
Piso,Avenida da Coruña,75000,3,102,Lugo,Galicia
Piso,San Isidro Labrador 12,69990,4,132,Lugo,Galicia
Chalet,Calle nova,235000,8,337,Lugo,Galicia
Chalet,Plaza Campo da Compañía,350000,4,310,Lugo,Galicia
Chalet,Viveiro,85000,4,400,Lugo,Galicia
Piso,Calle Lopo Lías,189000,4,163,Lugo,Galicia
Chalet,Camino Lapido-Pereira,250000,4,1000,Lugo,Galicia
Chalet,Monforte de Lemos,180000,4,159,Lugo,Galicia
Piso,Calle dos Merlos 4,80000,2,62,Lugo,Galicia
Piso,Monforte de Lemos,64000,3,15,Lugo,Galicia
Piso,Barrio do Sagrado Corazón,69500,3,101,Lugo,Galicia
Piso,San Roque - As Fontiñas,168000,1,58,Lugo,Galicia
Chalet,Mondoñedo,130000,4,7057,Lugo,Galicia
Chalet,Monforte de Lemos,350000,3,5727,Lugo,Galicia
Casa Rural,"000 euros""",698125372,1,49,Lugo,Galicia
Chalet,Calle Rosalía de Castro,155000,5,462,Lugo,Galicia
Piso,Calle do Camiño Real,43890,4,156,Lugo,Galicia
Chalet,Calle da Illa Pancha 12,100000,3,108,Lugo,Galicia
Casa Rural,Sta Maria de Xerdiz s/n,79000,3,450,Lugo,Galicia
Casa Rural,Calle Souto Novo 2,120000,5,185,Lugo,Galicia
Duplex,Parroquias Oeste,265000,5,183,Lugo,Galicia
Piso,Calle Congostra 20,128000,2,64,Lugo,Galicia
Piso,Pastoriza,110000,2,68,Lugo,Galicia
Chalet,Camino General Reinante,120000,2,75,Lugo,Galicia
Piso,Ronda das Fontiñas,145000,3,111,Lugo,Galicia
Piso,Foz,142000,2,67,Lugo,Galicia
Casa Rural,Lugar Carreira 1,89000,4,141,Lugo,Galicia
Piso,Monforte de Lemos,135000,3,91,Lugo,Galicia
Ático,Sarria,295000,4,132,Lugo,Galicia
Chalet,San Roque - As Fontiñas,199900,3,112,Lugo,Galicia
Casa Rural,Lanzós 5,189000,5,185,Lugo,Galicia
Piso,Foz,109000,3,99,Lugo,Galicia
Piso,Sagrado Corazón,138000,3,118,Lugo,Galicia
Chalet,Avenida de Alfonso XIII 17 T,1200000,7,70,Lugo,Galicia
Casa Rural,Usariz s/n,525000,7,860,Lugo,Galicia
Piso,coruña,159000,3,117,Lugo,Galicia
Piso,Plaza Alacante,69900,4,157,Lugo,Galicia
Piso,Calle Bolaño Rivadeneira,195000,2,63,Lugo,Galicia
Piso,Calle Dona Urraca,169000,3,88,Lugo,Galicia
Piso,Calle Ramón Montenegro,180000,5,25,Lugo,Galicia
Duplex,Avenida de Magoi,178000,5,175,Lugo,Galicia
Piso,Camino Verde,135000,3,113,Lugo,Galicia
Duplex,Alfonso X O Sabio,175000,4,118,Lugo,Galicia
Piso,Calle Montirón,197000,4,128,Lugo,Galicia
Piso,Calle Pacios Pintor,127500,3,88,Lugo,Galicia
Ático,Calle Bolaño Rivadeneira,195000,2,64,Lugo,Galicia
Piso,Calle Pintor Corredoira,190000,4,152,Lugo,Galicia
Chalet,Camino do Tronzo,495000,4,9810,Lugo,Galicia
Piso,Calle de la Serra Gañidoira,126000,2,65,Lugo,Galicia
Chalet,LU-P-2902,390000,6,8892,Lugo,Galicia
Piso,Avenida Adolfo Suárez,129000,4,80,Lugo,Galicia
Duplex,Calle Monte Pena Maior,145000,2,64,Lugo,Galicia
Piso,Ronda muralla,240000,4,190,Lugo,Galicia
Duplex,Calle Concepción Arenal,178000,3,105,Lugo,Galicia
Duplex,Avenida de A Coruña,265000,5,161,Lugo,Galicia
Piso,Calle San Froilán,134000,4,134,Lugo,Galicia
Duplex,Avenida de Magoi,286000,4,9,Lugo,Galicia
Duplex,Avenida de A Coruña,195000,3,112,Lugo,Galicia
Piso,Fingoi,165000,2,70,Lugo,Galicia
Piso,Calle Ourense,155000,3,114,Lugo,Galicia
Piso,adolfo suarez,90000,4,150,Lugo,Galicia
Chalet,Aceña de Olga - Augas Férreas,338000,5,186,Lugo,Galicia
Chalet,O Corgo,500000,4,5680,Lugo,Galicia
Piso,Ronda das Fontiñas,110000,3,94,Lugo,Galicia
Piso,Calle Bolaño Rivadeneira,270000,3,105,Lugo,Galicia
Piso,Calle do Esquecemento,177000,3,100,Lugo,Galicia
Chalet,Vilasuso s/n,695000,3,6200,Lugo,Galicia
Piso,MONDOÑEDO,99000,3,107,Lugo,Galicia
Piso,Calle da pomba,125000,5,120,Lugo,Galicia
Piso,Calle do Peto,95000,2,56,Lugo,Galicia
Piso,Ronda das Fontiñas,119000,2,74,Lugo,Galicia
Chalet,pedreda,370000,5,3652,Lugo,Galicia
Chalet,Friol,160000,5,163,Lugo,Galicia
Chalet,Lugar a Vila,330000,4,33000,Lugo,Galicia
Piso,zona avenida de a coruña s/n,93000,4,105,Lugo,Galicia
Piso,Ronda da Muralla s/n,160000,3,112,Lugo,Galicia
Piso,recinto amurallado s/n,220000,3,6,Lugo,Galicia
Chalet,Camino Triscornia 25,280000,7,368,Lugo,Galicia
Piso,Calle Cidade de Lugo 3,70000,3,116,Lugo,Galicia
Chalet,Camino Xeneral Fazouro 232,120000,6,228,Lugo,Galicia
Casa Rural,Lugar a Rigueira 3 A,105000,4,70,Lugo,Galicia
Piso,Corporaciones Municipales,61000,1,40,Lugo,Galicia
Duplex,Ronda da Muralla,360000,5,20,Lugo,Galicia
Piso,Calle Miguel de Cervantes,138000,4,153,Lugo,Galicia
Piso,Calle Becerreá,79000,3,83,Lugo,Galicia
Chalet,Riego Vilazo 23,65000,5,172,Lugo,Galicia
Chalet,parga,175000,5,326,Lugo,Galicia
Chalet,La Muralla 3,150000,2,15188,Lugo,Galicia
Duplex,Avenida do Doutor García Portela,520000,4,40,Lugo,Galicia
Chalet,Calle do faro,255000,5,200,Lugo,Galicia
Piso,Avenida Álvaro Cunqueiro,150000,3,12,Lugo,Galicia
Chalet,Camino A Triana 4-11 4 -11,110000,4,300,Lugo,Galicia
Piso,Avenida de Magoi 68,220000,3,84,Lugo,Galicia
Piso,Avenida Reverendo Xosé Fernández Núñez,160000,2,75,Lugo,Galicia
Piso,Calle Quiroga,169000,4,134,Lugo,Galicia
Duplex,Avenida de A Coruña,165000,3,93,Lugo,Galicia
Piso,Calle Pintor Corredoira,185000,4,126,Lugo,Galicia
Casa Rural,santa leocadia,176000,3,6000,Lugo,Galicia
Chalet,penelas robra,439000,4,150,Lugo,Galicia
Ático,Calle Viladaide-Praia Altar,99000,2,62,Lugo,Galicia
Chalet,Ferreiroa s/n,1350000,6,30,Lugo,Galicia
Chalet,Calle Viladaide-Praia Altar,210000,4,765,Lugo,Galicia
Duplex,Residencia - Abella,108000,2,68,Lugo,Galicia
Piso,Ronda das Fontiñas,140000,3,137,Lugo,Galicia
Chalet,gandaras s/n,135000,5,90,Lugo,Galicia
Piso,Avenida da Coruña,225000,3,100,Lugo,Galicia
Estudio,Calle San Isidro Labrador s/n,69000,0,40,Lugo,Galicia
Piso,Calle Santiago,127500,4,149,Lugo,Galicia
Chalet,Lugar a Vila,194500,5,3000,Lugo,Galicia
Chalet,Barreiros,185000,5,500,Lugo,Galicia
Chalet,nadela,950000,11,1400,Lugo,Galicia
Duplex,Aceña de Olga - Augas Férreas,620000,6,270,Lugo,Galicia
Chalet,Ribadeo,200000,4,21000,Lugo,Galicia
Piso,Avenida da Mariña,125000,4,149,Lugo,Galicia
Piso,Carril dos Indios 16,144000,3,120,Lugo,Galicia
Piso,Barreiros,99000,2,74,Lugo,Galicia
Duplex,La Milagrosa,205000,4,143,Lugo,Galicia
Duplex,La Milagrosa,205000,4,143,Lugo,Galicia
Chalet,Barreiros,365000,5,2000,Lugo,Galicia
Piso,Avenida de A Coruña - Paradai,155000,3,22,Lugo,Galicia
Chalet,Barreiros,350000,4,2170,Lugo,Galicia
Casa Rural,San Estevo de Castro de Amarante s/n,1050000,1,44,Lugo,Galicia
Chalet,Calle Alexandre Bóveda,120000,4,154,Lugo,Galicia
Piso,La Milagrosa,130000,4,116,Lugo,Galicia
Duplex,Quiroga 48,155000,5,250,Lugo,Galicia
Ático,Recinto Amurallado,198000,2,70,Lugo,Galicia
Duplex,Avenida de A Coruña - Paradai,165000,2,65,Lugo,Galicia
Piso,Piringalla,145000,3,98,Lugo,Galicia
Piso,Calle Congostra 22,96200,2,73,Lugo,Galicia
Piso,Recinto Amurallado,395000,4,128,Lugo,Galicia
Chalet,Calle Santiago,159000,5,152,Lugo,Galicia
Chalet,flor de malva s/n,93000,4,139,Lugo,Galicia
Piso,Calle Corporaciones Municipales,90000,2,70,Lugo,Galicia
Ático,Camino CAMIÑO REAL,79450,3,90,Lugo,Galicia
Piso,Calle Madanela,135000,2,77,Lugo,Galicia
Piso,Viveiro,74000,4,137,Lugo,Galicia
Piso,O Carme - Recatelo,66000,3,100,Lugo,Galicia
Duplex,O Carme - Recatelo,170000,3,110,Lugo,Galicia
Piso,Calle Río Navia,85000,4,80,Lugo,Galicia
Chalet,calde,270000,5,2500,Lugo,Galicia
Chalet,parroquias oeste,125000,4,134,Lugo,Galicia
Duplex,Barreiros,120000,3,119,Lugo,Galicia
Casa Rural,Trabada,93000,4,112,Lugo,Galicia
Ático,Barreiros,83000,3,85,Lugo,Galicia
Chalet,Barreiros,165000,5,183,Lugo,Galicia
Piso,Calle Bolaño Rivadeneira 2,430000,4,121,Lugo,Galicia
Piso,Calle Beiramar,92000,3,92,Lugo,Galicia
Casa Rural,Avenida Galicia 4,199000,8,392,Lugo,Galicia
Piso,Paseo de Altar 40,185000,3,88,Lugo,Galicia
Ático,Viladaide Playa Altar 40,190000,3,86,Lugo,Galicia
Casa Rural,A Rochela s/n,83000,4,7000,Lugo,Galicia
Casa Rural,Calle Ripanzo 43,93000,2,1236,Lugo,Galicia
Casa Rural,Muras,19000,1,53,Lugo,Galicia
Piso,Calle Poeta Aquilino Iglesia Alvariño s/n,65000,2,75,Lugo,Galicia
Casa Rural,CP 16-11 16,70000,3,350,Lugo,Galicia
Piso,Ronda das Mercedes s/n,108000,4,107,Lugo,Galicia
Duplex,Avenida de A Coruña s/n,162000,4,135,Lugo,Galicia
Chalet,Ribeira Santa Eulalia de Cuiña 23,295000,4,155,Lugo,Galicia
Duplex,Avenida de A Coruña s/n,162000,4,135,Lugo,Galicia
Casa Rural,Calle Nogueiro 20,24000,2,1034,Lugo,Galicia
Casa Rural,Valle Neira de Rey s/n,125000,3,350,Lugo,Galicia
Piso,Ronda da Muralla,238000,3,111,Lugo,Galicia
Piso,Calle Pascual Veiga,310000,5,170,Lugo,Galicia
Piso,Calle Alexandre Bóveda,170000,3,113,Lugo,Galicia
Piso,Ronda del carmen,197000,3,80,Lugo,Galicia
Chalet,Lugar Distriz,390000,6,2500,Lugo,Galicia
Piso,Camino VERDE,135000,3,88,Lugo,Galicia
Chalet,Lugar Carrigueiros,380000,5,162,Lugo,Galicia
Piso,Avenida Adolfo Suárez,129000,4,95,Lugo,Galicia
Piso,Calle Serra de Ancares,108000,3,75,Lugo,Galicia
Piso,Castelao,95000,5,160,Lugo,Galicia
Piso,Ronda das Fontiñas,140000,3,140,Lugo,Galicia
Ático,Carretera General,105999,2,61,Lugo,Galicia
Piso,Avenida Ramón Ferreiro,425000,5,173,Lugo,Galicia
Piso,Calle Nicomedes Pastor Díaz,255000,4,148,Lugo,Galicia
Piso,Calle Chantada,85000,4,124,Lugo,Galicia
Chalet,Calle Acea de Olga,399000,5,400,Lugo,Galicia
Casa Rural,SANTO ESTEVO DE FARNADEIROS 7,60000,4,127,Lugo,Galicia
Chalet,campiña muxa,300000,6,400,Lugo,Galicia
Estudio,Calle Nogueiredo,89000,0,39,Lugo,Galicia
Piso,Calle dos Paxariños,83000,3,121,Lugo,Galicia
Chalet,Penelas,140000,2,50,Lugo,Galicia
Piso,Calle Tui,350000,2,126,Lugo,Galicia
Piso,Calle Armanyá,640000,7,251,Lugo,Galicia
Piso,Calle dos Gardas,95000,3,100,Lugo,Galicia
Piso,Calle García Abad,150000,5,170,Lugo,Galicia
Duplex,Ronda do Carme,250000,6,198,Lugo,Galicia
Estudio,Recinto Amurallado,140000,0,12,Lugo,Galicia
Chalet,Lugar Felpas,360000,3,4000,Lugo,Galicia
Chalet,Calle Ourense,240000,3,300,Lugo,Galicia
Duplex,Calle Nicomedes Pastor Díaz,370000,4,184,Lugo,Galicia
Piso,Calle Maria Castaño,349000,3,113,Lugo,Galicia
Chalet,Lugar Maceda,260000,5,1700,Lugo,Galicia
Piso,Calle Ourense,155000,3,122,Lugo,Galicia
Casa Rural,Fervedoria s/n Sn,85000,3,103,Lugo,Galicia
Piso,Calle dos Clérigos,225000,6,200,Lugo,Galicia
Chalet,Parroquias Oeste,96000,4,832,Lugo,Galicia
Chalet,Parroquias Oeste,96000,4,832,Lugo,Galicia
Casa Rural,881350595,Neira 5,974990,673,Lugo,Galicia
Piso,La Milagrosa,165000,3,101,Lugo,Galicia
Piso,Calle Melitón Cortiñas 10 -26,65000,3,147,Lugo,Galicia
Piso,Calle Bispo Aguirre,168000,1,67,Lugo,Galicia
Piso,Calle Trapero Pardo,99000,2,75,Lugo,Galicia
Piso,Avenida de A Coruña - Paradai,89000,3,83,Lugo,Galicia
Piso,Calle Lamas de Prado,60000,3,80,Lugo,Galicia
Piso,Plaza Fonte dos Ranchos,105000,3,85,Lugo,Galicia
Casa Rural,Campelos,350000,7,380,Lugo,Galicia
Duplex,Calle Alcalde Manuel Portela,185000,4,147,Lugo,Galicia
Piso,Calle Grande,70000,5,187,Lugo,Galicia
Piso,Calle Lavandeira,93000,3,99,Lugo,Galicia
Chalet,Lugar O Torron 1,410000,5,3080,Lugo,Galicia
Piso,Calle Rego de Foz 8,132000,3,85,Lugo,Galicia
Piso,Camino Xunqueira 27,73000,2,76,Lugo,Galicia
Piso,Calle dos Clérigos s/n,245000,7,50,Lugo,Galicia
Piso,Calle Marina Española,93000,4,133,Lugo,Galicia
Chalet,Calle Nevado de Bouza 17,90000,3,99,Lugo,Galicia
Piso,Avenida Breogán,135000,3,111,Lugo,Galicia
Chalet,Carretera DE FORXAN s/n,1500000,10,2000,Lugo,Galicia
Chalet,Aceña de Olga - Augas Férreas,690000,4,157,Lugo,Galicia
Chalet,N-634 22,210000,3,90,Lugo,Galicia
Piso,Calle dos Gardas,125000,3,14,Lugo,Galicia
Chalet,Carballido 9,92000,0,3800,Lugo,Galicia
Piso,Calle Ourense 1,155000,4,26,Lugo,Galicia
Piso,Avenida de asturias,94000,4,130,Lugo,Galicia
Piso,Calle Nicomedes Pastor Díaz,255000,4,25,Lugo,Galicia
Chalet,celso curras 1,300000,7,88,Lugo,Galicia
Chalet,San Pedro s/n,440000,4,6000,Lugo,Galicia
Duplex,Calle Angelo Colocci,325000,4,158,Lugo,Galicia
Chalet,Carretera Santo Albites s/n,285000,5,1300,Lugo,Galicia
Chalet,Lugar Seixon de Abaixo 3,92000,3,150,Lugo,Galicia
Piso,Calle dos Clérigos,200000,2,105,Lugo,Galicia
Piso,Avenida Padre Gómez 8,129000,2,70,Lugo,Galicia
Piso,Calle Xermolos 24,109000,2,64,Lugo,Galicia
Chalet,Calle Vimbial 104,250000,5,185,Lugo,Galicia
Chalet,O Corgo s/n,475000,5,8442,Lugo,Galicia
Piso,BOLAÑO RIVADENEIRA,140000,3,91,Lugo,Galicia
Chalet,Lugar Birbigueira 4,375000,3,83,Lugo,Galicia
Piso,Travesía do Mercado 11,70000,3,83,Lugo,Galicia
Chalet,Calle Vimbial 104,250000,5,199,Lugo,Galicia
Chalet,Lugar Birbigueira 4,375000,3,87,Lugo,Galicia
Piso,Avenida Padre Gómez 8,129000,2,66,Lugo,Galicia
Chalet,Lugar Seixon de Abaixo 3,92000,3,150,Lugo,Galicia
Casa Rural,Nacional 634 s/n,499990,8,391,Lugo,Galicia
Piso,Calle Xermolos 24,109000,2,70,Lugo,Galicia
Chalet,O Corgo s/n,475000,5,8442,Lugo,Galicia
Chalet,Carretera Santo Albites s/n,285000,5,1300,Lugo,Galicia
Chalet,Arrabada 1,39900,2,68,Lugo,Galicia
Casa Rural,Calle Aldea Trascastro 6,35000,4,3,Lugo,Galicia
Piso,pascual veiga,83900,2,57,Lugo,Galicia
Casa Rural,Goiriz s/n,140000,5,370,Lugo,Galicia
Piso,Avenida DA XUNQUEIRA 59,105000,2,69,Lugo,Galicia
Casa Rural,AS POZAS,60000,2,90,Lugo,Galicia
Piso,Carril dos Indios,101000,4,136,Lugo,Galicia
Duplex,Avenida Marqués de Ombreiro 1,299000,5,189,Lugo,Galicia
Chalet,Calle Nova,145000,0,91,Lugo,Galicia
Piso,Ronda das Fontiñas s/n,145000,4,20,Lugo,Galicia
Piso,Calle Bispo Aguirre,120000,5,199,Lugo,Galicia
Piso,Calle Ramón Montenegro,155000,2,88,Lugo,Galicia
Chalet,campo castillo,275000,2,66,Lugo,Galicia
Piso,Avenida Infanta Elena s/n,192000,4,116,Lugo,Galicia
Chalet,San Pedro Meixide 5,150000,4,149,Lugo,Galicia
Chalet,Parroquias Oeste,218500,4,3000,Lugo,Galicia
Chalet,Calle Chantada 2 -28,310000,3,321,Lugo,Galicia
Duplex,Calle Rof Codina Veterinario s/n,155000,2,73,Lugo,Galicia
Piso,Calle de Rosalía de Castro 77,71300,4,128,Lugo,Galicia
Piso,Calle Corporacións Municipais 62,85000,1,42,Lugo,Galicia
Estudio,Calle Concepción Arenal,180000,0,49,Lugo,Galicia
Piso,Calle mar Cantábrico 26,79500,1,48,Lugo,Galicia
Casa Rural,Lugar Marcadoiro 3,60000,3,94,Lugo,Galicia
Piso,Calle Marqués de Rodil 23,60300,3,94,Lugo,Galicia
Chalet,Vilaframil,298000,8,307,Lugo,Galicia
Piso,Calle Guitiriz,71000,3,112,Lugo,Galicia
Chalet,LU-P-2901,160000,2,69,Lugo,Galicia
Piso,Avenida de A Coruña Lugo,80000,3,100,Lugo,Galicia
Piso,Plaza Fernando de Casas Novoa Arquitecto,248000,4,133,Lugo,Galicia
Piso,Calle Erin,128000,3,106,Lugo,Galicia
Piso,Calle dos Artesáns,77500,2,64,Lugo,Galicia
Piso,Calle Castelao,247000,3,105,Lugo,Galicia
Piso,Avenida de A Coruña Lugo,80000,3,100,Lugo,Galicia
Piso,Calle Erin,128000,3,120,Lugo,Galicia
Piso,Calle San Eufrasio,90000,4,160,Lugo,Galicia
Chalet,Lugar Viador,150000,2,4800,Lugo,Galicia
Piso,Calle Cidade de Viveiro Lugo,330000,5,200,Lugo,Galicia
Chalet,Lugar a Pena,69000,3,2000,Lugo,Galicia
Piso,Carril das Flores Lugo,220000,4,120,Lugo,Galicia
Piso,RIO SIL,120000,3,122,Lugo,Galicia
Piso,Plaza de Ferrol,180000,3,90,Lugo,Galicia
Piso,982680968,Calle Bolaño Rivadeneira,269000,466,Lugo,Galicia
Piso,Ronda da Muralla Lugo,265000,4,108,Lugo,Galicia
Chalet,Lugar Castro,190000,5,4000,Lugo,Galicia
Piso,Calle dos Artesáns,77500,2,66,Lugo,Galicia
Piso,Calle Montero Ríos,165000,2,67,Lugo,Galicia
Duplex,aviador parga cerezo,520000,4,114,Lugo,Galicia
Duplex,republica argentina,340000,5,170,Lugo,Galicia
Piso,Calle Pacios Pintor,90000,3,116,Lugo,Galicia
Duplex,Calle García Abad,440000,7,292,Lugo,Galicia
Piso,Calle Caravel,145000,4,18,Lugo,Galicia
Piso,Calle da Milagrosa Lugo,110000,3,85,Lugo,Galicia
Chalet,nadela,525000,5,195,Lugo,Galicia
Piso,Calle Guitiriz,71000,3,115,Lugo,Galicia
Piso,Calle Ourense,155000,4,30,Lugo,Galicia
Piso,Calle García Abad,150000,5,160,Lugo,Galicia
Piso,Avenida de Xunqueira,160000,4,122,Lugo,Galicia
Piso,Calle Río Sil,120000,4,153,Lugo,Galicia
Piso,Calle Mar Cantábrico,48000,4,159,Lugo,Galicia
Chalet,Calle Nova,310000,4,343,Lugo,Galicia
Chalet,Lugar Cartel,160000,5,900,Lugo,Galicia
Piso,Rosalía de Castro,95000,4,113,Lugo,Galicia
Chalet,Lugar Grolos,165000,2,73,Lugo,Galicia
Chalet,Calle Pontevedra,490000,6,91,Lugo,Galicia
Piso,Plaza de Bretaña,650000,4,212,Lugo,Galicia
Piso,Ronda do Carme,150000,4,113,Lugo,Galicia
Piso,Calle García Abad,150000,5,168,Lugo,Galicia
Piso,Camino de Romai,130000,4,136,Lugo,Galicia
Chalet,aa,199000,5,193,Lugo,Galicia
Chalet,Camino Souto Colexios,179000,5,192,Lugo,Galicia
Chalet,lugo,250000,7,169,Lugo,Galicia
Piso,Calle García Abad,150000,5,169,Lugo,Galicia
Chalet,Calle Pontevedra,490000,6,91,Lugo,Galicia
Piso,Calle Ourense,139000,5,180,Lugo,Galicia
Chalet,lugo,250000,7,169,Lugo,Galicia
Duplex,adolfo suarez,214000,4,132,Lugo,Galicia
Piso,Calle Doutor Castro,125000,4,138,Lugo,Galicia
Duplex,Avenida do Doutor García Portela,520000,4,35,Lugo,Galicia
Piso,calvo sotelo,124500,4,138,Lugo,Galicia
Piso,Calle Río Sil,120000,4,137,Lugo,Galicia
Chalet,Calle Campos Novos,550000,6,245,Lugo,Galicia
Piso,Plaza de Bretaña,650000,4,212,Lugo,Galicia
Chalet,Camino Souto Colexios,179000,5,192,Lugo,Galicia
Piso,Calle García Abad,150000,5,160,Lugo,Galicia
Chalet,Lugar Cartel,160000,5,900,Lugo,Galicia
Chalet,meilan,390000,4,2400,Lugo,Galicia
Piso,Av de Magoi,220000,2,72,Lugo,Galicia
Chalet,Calle Doutor Yañez Rebolo,110000,5,169,Lugo,Galicia
Piso,Avenida de Lugo,110000,3,92,Lugo,Galicia
Piso,Calle orense,530000,3,260,Lugo,Galicia
Chalet,Calle Campo da Feira,170000,4,145,Lugo,Galicia
Chalet,aa,199000,5,192,Lugo,Galicia
Piso,Calle concello de sarria,135000,5,197,Lugo,Galicia
Chalet,C-546,165000,5,71,Lugo,Galicia
Piso,Calle do Conde,155000,4,120,Lugo,Galicia
Chalet,Lugar Piñeiro,255000,6,1100,Lugo,Galicia
Chalet,SIERRA GAÑIDOIRA,175000,5,395,Lugo,Galicia
Chalet,barrio xuiz,200000,3,2000,Lugo,Galicia
Casa Rural,CCH4+JW Cimadevila España 34,70000,3,101,Lugo,Galicia
Duplex,Calle Castelao,195000,6,130,Lugo,Galicia
Piso,Calle Otero Pedrayo,159999,4,137,Lugo,Galicia
Piso,Avenida de A Coruña,145000,4,114,Lugo,Galicia
Duplex,Avenida da Coruña,195000,3,94,Lugo,Galicia
Piso,calvo sotelo,165000,3,110,Lugo,Galicia
Piso,CAMPOS NOVOS,240000,3,120,Lugo,Galicia
Chalet,SANTA MARINA,257000,5,2056,Lugo,Galicia
Chalet,Lugar O Torron,410000,4,3080,Lugo,Galicia
Piso,Calle TRAPERO PARDO,95000,4,121,Lugo,Galicia
Piso,Calle Vilalba,135000,2,20,Lugo,Galicia
Chalet,Calle do Merlo,257000,5,2056,Lugo,Galicia
Chalet,Lugar a Ponte,530000,6,2500,Lugo,Galicia
Chalet,N-634,195000,7,272,Lugo,Galicia
Duplex,Avenida da Coruña,195000,3,94,Lugo,Galicia
Piso,Calle Otero Pedrayo,159999,4,128,Lugo,Galicia
Piso,Calle Manuel Murguía,170000,2,73,Lugo,Galicia
Chalet,Calle do Merlo,257000,5,2056,Lugo,Galicia
Piso,Avenida de A Coruña,145000,4,114,Lugo,Galicia
Piso,Castelao,126000,4,154,Lugo,Galicia
Piso,CAMPOS NOVOS,240000,3,120,Lugo,Galicia
Piso,Calle TRAPERO PARDO,95000,4,121,Lugo,Galicia
Chalet,Lugar O Torron,410000,4,3080,Lugo,Galicia
Duplex,Calle Castelao,195000,6,130,Lugo,Galicia
Piso,Calle Catasol,350000,5,158,Lugo,Galicia
Chalet,SANTA MARINA,257000,5,2056,Lugo,Galicia
Casa Rural,CCH4+JW Cimadevila España 34,70000,3,101,Lugo,Galicia
Casa Rural,seixon de abaixo,195000,3,130,Lugo,Galicia
Piso,Calle Vilalba,135000,2,20,Lugo,Galicia
Duplex,Avenida de Magoi,325000,3,94,Lugo,Galicia
Casa Rural,Lugar Vilamar 40,100000,5,196,Lugo,Galicia
Piso,Calle Francisco Vilasuso 42,105000,2,63,Lugo,Galicia
Piso,Ronda República Argentina,77900,1,47,Lugo,Galicia
Piso,Calle Río Sil,120000,4,116,Lugo,Galicia
Chalet,Avenida Doctor Escobar s/n,120000,6,212,Lugo,Galicia
Piso,Ronda do Carme,63000,3,91,Lugo,Galicia
Piso,Ronda das Mercedes,197000,4,20,Lugo,Galicia
Casa Rural,Barcia - PQ Piquin 4,80000,5,198,Lugo,Galicia
Piso,zona rua san roque,159000,4,134,Lugo,Galicia
Casa Rural,Goiriz 76,115000,4,170,Lugo,Galicia
Duplex,Plaza do Castiñeiro,130000,3,26,Lugo,Galicia
Piso,zona milagrosa,120000,4,150,Lugo,Galicia
Chalet,Playa San Román 8,106000,4,3300,Lugo,Galicia
Casa Rural,Calle Acevedo Rodríguez 8,200000,7,180,Lugo,Galicia
Ático,Barreiros,89500,2,76,Lugo,Galicia
Casa Rural,BO TRAS DOS RIOS 41,58000,2,600,Lugo,Galicia
Piso,Calle Túnel de Oural 40,165000,3,5,Lugo,Galicia
Ático,carrera general San Cosme,110000,2,70,Lugo,Galicia
Piso,Calle Tino Grandio 13,140000,2,60,Lugo,Galicia
Casa Rural,Camino Recimil s/n,28000,3,106,Lugo,Galicia
Ático,NICOLÁS CORA MONTENEGRO 64,84000,2,79,Lugo,Galicia
Piso,Calle Otero Pedrayo 64,207000,3,100,Lugo,Galicia
Duplex,Avenida de Magoi 9,178000,4,131,Lugo,Galicia
Piso,Nicomedes Pastor Díaz,209000,4,125,Lugo,Galicia
Piso,Calle Rof Codina Veterinario,108000,4,107,Lugo,Galicia
Chalet,o corgo s/n,298000,5,166,Lugo,Galicia
Piso,Calle Otero Pedrayo 64,171000,2,77,Lugo,Galicia
Piso,FINGOI 85,132000,2,71,Lugo,Galicia
Duplex,Avenida de Magoi 9,178000,4,123,Lugo,Galicia
Ático,Calle Otero Pedrayo 64,255000,2,77,Lugo,Galicia
Piso,Calle Otero Pedrayo 64,178000,2,70,Lugo,Galicia
Piso,Calle Otero Pedrayo 64,217000,3,117,Lugo,Galicia
Casa Rural,ceza,86000,2,1093,Lugo,Galicia
Chalet,Parroquias Este,150000,4,75,Lugo,Galicia
Piso,Calle Monte Pena Maior,145000,2,73,Lugo,Galicia
Duplex,Calle Río Neira Lugo,190000,3,111,Lugo,Galicia
Piso,Avenida Coruña,90000,4,100,Lugo,Galicia
Piso,Calle tunel oural 42,137000,2,25,Lugo,Galicia
Piso,Avenida da coruña,145000,2,62,Lugo,Galicia
Chalet,San Martin de Guillar s/n,170000,4,134,Lugo,Galicia
Piso,Calle Ourense,139000,5,174,Lugo,Galicia
Piso,Calle Pepe Barreiro,148500,2,74,Lugo,Galicia
Piso,Calle Tino Prados,129000,3,111,Lugo,Galicia
Piso,Calle das Fontes,240000,4,105,Lugo,Galicia
Piso,Calle Marina Española,82000,2,67,Lugo,Galicia
Ático,Antonio Bas 11,120000,2,75,Lugo,Galicia
Chalet,LU-546,92000,5,192,Lugo,Galicia
Chalet,Lugar Vilar,324378,11,3700,Lugo,Galicia
Chalet,Barreiros,1500000,7,282,Lugo,Galicia
Piso,Calle rio eo,98000,3,107,Lugo,Galicia
Ático,Otero Pedrayo 3,128000,3,17,Lugo,Galicia
Chalet,Calle Teodoro Quirós 17,120000,11,532,Lugo,Galicia
Piso,Curros Enriquez 8,105000,4,157,Lugo,Galicia
Piso,Curros Enriquez 8,95000,4,145,Lugo,Galicia
Chalet,Momán s/n,80000,4,133,Lugo,Galicia
Chalet,Caira 4,135000,3,1365,Lugo,Galicia
Piso,Calle Montero Ríos,270000,2,78,Lugo,Galicia
Piso,Calle grande 96,79000,5,145,Lugo,Galicia
Chalet,CALDE,260000,2,840,Lugo,Galicia
Piso,Calle Concepción Arenal 1,145000,3,118,Lugo,Galicia
Piso,Calle Menorca 8,165000,3,103,Lugo,Galicia
Chalet,Foz 50,120000,2,500,Lugo,Galicia
Chalet,Camino sen nome 3,225000,4,17154,Lugo,Galicia
Chalet,Carretera Monforte a Quiroga 1 0,250000,3,106,Lugo,Galicia
Piso,Calle da Lamestra 5,150000,3,106,Lugo,Galicia
Piso,Nazario Abel 68,118000,4,107,Lugo,Galicia
Duplex,Calle Do Valiño,327000,5,186,Lugo,Galicia
Piso,Calle San Eufrasio s/n,162000,3,70,Lugo,Galicia
Piso,Calle San Eufrasio s/n,169000,3,70,Lugo,Galicia
Chalet,Calle Praia-Remior s/n,195000,4,18,Lugo,Galicia
Piso,Calle San Eufrasio s/n,160000,3,70,Lugo,Galicia
Piso,Calle Concepción Arenal 1,180000,4,140,Lugo,Galicia
Piso,Avenida DA XUNQUEIRA 61,95000,2,70,Lugo,Galicia
Piso,Calle San Eufrasio s/n,178000,4,70,Lugo,Galicia
Piso,Avenida Lugo,65000,2,84,Lugo,Galicia
Piso,Camino as Fontiñas 2,53100,4,123,Lugo,Galicia
Chalet,esperante s/n,260000,2,69,Lugo,Galicia
Piso,Calle San Eufrasio s/n,163000,3,70,Lugo,Galicia
Piso,castelao,190000,5,169,Lugo,Galicia
Piso,Camino Verde,135000,3,104,Lugo,Galicia
Piso,Calle da Milagrosa,55000,3,87,Lugo,Galicia
Piso,Calle Montirón,86350,2,5438,Lugo,Galicia
Chalet,Barro Vilar 3 Pantón Lugo,324378,7,3674,Lugo,Galicia
Piso,Villalba,43000,4,104,Lugo,Galicia
Piso,Ronda Xosé Castiñeira,279300,4,124,Lugo,Galicia
Chalet,Calle Amando Pérez 7,190000,6,484,Lugo,Galicia
Chalet,Calle Doutor Yañez Rebolo,110000,3,195,Lugo,Galicia
Piso,Calle Cidade de Viveiro s/n,127000,3,10,Lugo,Galicia
Chalet,Friol,200000,6,6500,Lugo,Galicia
Duplex,Carril das hortas,230000,4,136,Lugo,Galicia
Duplex,Avenida magoi,178000,4,100,Lugo,Galicia
Piso,Calle Santiago s/n,105000,4,20,Lugo,Galicia
Duplex,Calle Doutor Yañez Rebolo s/n,390000,6,221,Lugo,Galicia
Chalet,N-VI,140000,5,3000,Lugo,Galicia
Piso,Calle San Roque,349000,4,126,Lugo,Galicia
Chalet,Friol,380000,4,1654,Lugo,Galicia
Chalet,Parroquias Este,375000,3,5400,Lugo,Galicia
Piso,Calle Quiroga,70000,3,68,Lugo,Galicia
Piso,Calle Pascual Veiga 4,79000,2,77,Lugo,Galicia
Piso,castelao,95000,5,20,Lugo,Galicia
Duplex,Calle San Eufrasio s/n,192000,4,70,Lugo,Galicia
Chalet,Calle Teleclub 10,300000,4,122,Lugo,Galicia
Chalet,Parroquias Oeste,257000,6,233,Lugo,Galicia
Chalet,Ribadeo,330000,5,385,Lugo,Galicia
Chalet,Terracha 1,129000,3,84,Lugo,Galicia
Chalet,Guntin,140000,3,186,Lugo,Galicia
Chalet,O Carme - Recatelo,150000,6,210,Lugo,Galicia
Chalet,Burela,300000,7,871,Lugo,Galicia
Chalet,Calle Teleclub 10,300000,4,141,Lugo,Galicia
Chalet,Parroquias Oeste,550000,4,800,Lugo,Galicia
Piso,Camino Virxe do,153500,3,85,Lugo,Galicia
Casa Rural,Calle O Pé da vila s/n,46000,6,1200,Lugo,Galicia
Chalet,Outeiro de Rei,310000,5,1142,Lugo,Galicia
Chalet,Parroquias Oeste,550000,6,35000,Lugo,Galicia
Chalet,Ribadeo,198000,7,1746,Lugo,Galicia
Piso,Residencia - Abella,165000,3,130,Lugo,Galicia
Chalet,Parroquias Oeste,400000,6,451,Lugo,Galicia
Chalet,Parroquias Este,279000,3,210,Lugo,Galicia
Chalet,Begonte,140000,4,250,Lugo,Galicia
Casa Rural,Friol,220000,3,5200,Lugo,Galicia
Chalet,O Corgo,150000,4,334,Lugo,Galicia
Piso,Calle Campo de Puente 19,118000,3,56,Lugo,Galicia
Chalet,Parroquias Oeste,375000,4,5888,Lugo,Galicia
Chalet,Aceña de Olga - Augas Férreas,575000,4,125,Lugo,Galicia
Chalet,casasnovas 1,45000,3,117,Lugo,Galicia
Piso,Avenida de A Coruña,79000,4,104,Lugo,Galicia
Duplex,Calle Fernández Del Riego 5,160000,3,100,Lugo,Galicia
Piso,La Milagrosa,114000,4,121,Lugo,Galicia
Piso,Calle das Noreas,420000,4,137,Lugo,Galicia
Chalet,Parroquias Este,320000,5,600,Lugo,Galicia
Chalet,A Fonsagrada,46000,3,2500,Lugo,Galicia
Piso,Calle das Pedreiras 22,74000,2,66,Lugo,Galicia
Piso,Calle Nova,84000,1,54,Lugo,Galicia
Casa Rural,Lugar Río Cabreiro 1,90000,4,3576,Lugo,Galicia
Chalet,Begonte,140000,4,148,Lugo,Galicia
Piso,Ronda das Fontiñas,97000,3,120,Lugo,Galicia
Chalet,O Corgo,280000,4,800,Lugo,Galicia
Piso,Ronda da Muralla,285000,4,108,Lugo,Galicia
Chalet,Viveiro,200000,6,244,Lugo,Galicia
Chalet,Friol,145000,2,74,Lugo,Galicia
Piso,rio chamoso,89000,5,130,Lugo,Galicia
Piso,Calle San Froilán,135000,6,206,Lugo,Galicia
Casa Rural,Camino Xeral San Pedro 53,149000,6,6000,Lugo,Galicia
Casa Rural,O Corgo,390000,5,120,Lugo,Galicia
Piso,Calle das Pedreiras 22,74000,2,61,Lugo,Galicia
Casa Rural,Morgallon,80000,4,84,Lugo,Galicia
Casa Rural,Camino Xeral San Pedro 53,149000,6,6000,Lugo,Galicia
Chalet,Begonte,140000,4,148,Lugo,Galicia
Duplex,Calle Angelo Colocci,110000,2,68,Lugo,Galicia
Duplex,Calle Fernández Del Riego 5,160000,3,100,Lugo,Galicia
Piso,Avenida de A Coruña Lugo,145000,2,55,Lugo,Galicia
Chalet,Parroquias Este,310000,3,307,Lugo,Galicia
Piso,Calle Calvo Sotelo,55000,3,90,Lugo,Galicia
Piso,La Milagrosa,114000,4,121,Lugo,Galicia
Piso,MARINA ESPAÑOLA,95000,4,117,Lugo,Galicia
Piso,Calle DE LA REINA,800000,11,98,Lugo,Galicia
Chalet,N-634,380000,5,8500,Lugo,Galicia
Piso,Calle Otero Besteiro,167000,2,71,Lugo,Galicia
Chalet,Calle das Pías,98000,2,62,Lugo,Galicia
Piso,Mondoñedo,115000,5,152,Lugo,Galicia
Chalet,Lugar Santa Mariña,315000,2,65,Lugo,Galicia
Chalet,Aquilino Iglesias 19,179990,6,226,Lugo,Galicia
Piso,Calle Menorca,165000,3,94,Lugo,Galicia
Piso,Calle do Camiño Real,55000,3,113,Lugo,Galicia
Piso,Calle Eirin 17,128000,3,80,Lugo,Galicia
Chalet,Calle Granxas 20,295000,5,408,Lugo,Galicia
Piso,Avenida de la coruña,95000,3,86,Lugo,Galicia
Piso,Avenida de A Coruña,92000,3,109,Lugo,Galicia
Piso,Calle Bispo Aguirre,205000,3,82,Lugo,Galicia
Piso,Pintor Laxeiro,110000,2,73,Lugo,Galicia
Duplex,francisco vilasuso,84900,2,90,Lugo,Galicia
Piso,Calle Loureiros,250000,4,144,Lugo,Galicia
Chalet,Lugar Vilar 3,324378,7,297,Lugo,Galicia
Piso,Carril das Hortas,55000,4,133,Lugo,Galicia
Chalet,Barreiros,60000,0,1520,Lugo,Galicia
Chalet,Friol,75000,3,300,Lugo,Galicia
Piso,Calle Irmáns Carro,60000,3,94,Lugo,Galicia
Piso,Carril dos Indios,101000,4,136,Lugo,Galicia
Piso,Calle Corporaciones Municipales 32,118000,2,74,Lugo,Galicia
Duplex,Calle Angelo Colocci,325000,4,158,Lugo,Galicia
Chalet,Recta da Groba 19,48800,4,125,Lugo,Galicia
Piso,verxeles,128000,4,143,Lugo,Galicia
Piso,Calle Montero Ríos,165000,2,66,Lugo,Galicia
Chalet,N-634,380000,5,8500,Lugo,Galicia
Piso,Calle Menorca,165000,3,94,Lugo,Galicia
Piso,Calle Amor Meilán,89000,3,108,Lugo,Galicia
Piso,Calle Nogueiredo 16,106000,2,11,Lugo,Galicia
Piso,Calle Alexandre Bóveda,49000,3,77,Lugo,Galicia
Piso,Avenida de la Coruña,150000,4,143,Lugo,Galicia
Piso,Avenida de A Coruña,92000,3,81,Lugo,Galicia
Piso,EMILIA PARDO BAZAN,140000,2,40,Lugo,Galicia
Duplex,Calle San Eufrasio,129000,2,62,Lugo,Galicia
Chalet,Barreiros,60000,0,1520,Lugo,Galicia
Piso,Calle do Camiño Real,115000,4,129,Lugo,Galicia
Piso,Calle Montero Ríos,165000,2,65,Lugo,Galicia
Duplex,Avenida de Adolfo Suarez,90000,2,70,Lugo,Galicia
Chalet,San Lazaro,380000,4,365,Lugo,Galicia
Casa Rural,Ferreira de Panton s/n,330000,11,5000,Lugo,Galicia
Piso,Avenida de la coruña,95000,3,90,Lugo,Galicia
Piso,verxeles,128000,4,153,Lugo,Galicia
Piso,Calle Otero Besteiro,167000,2,69,Lugo,Galicia
Piso,Avenida de Rosalía de Castro 4,200000,5,197,Lugo,Galicia
Piso,Calle Montero Ríos,165000,2,62,Lugo,Galicia
Piso,Calle DE LA REINA,800000,11,98,Lugo,Galicia
Piso,Calle NOVA,85000,2,70,Lugo,Galicia
Piso,LAVANDEIRA,119000,4,118,Lugo,Galicia
Chalet,Calle CRUZ,500000,3,184,Lugo,Galicia
Piso,Avenida de Magoi,220000,3,87,Lugo,Galicia
Piso,Camino real,72000,2,60,Lugo,Galicia
Chalet,galdo s/n,650000,10,686,Lugo,Galicia
Piso,Foz,75000,1,9,Lugo,Galicia
Piso,Avenida da Mariña,125000,3,101,Lugo,Galicia
Piso,Calle Dona Urraca,169000,3,90,Lugo,Galicia
Casa Rural,Valado - Moncelos 7,75000,3,16500,Lugo,Galicia
Casa Rural,Lugar Xercido 13,80000,4,300,Lugo,Galicia
Chalet,Parroquias Oeste,245000,4,230,Lugo,Galicia
Chalet,Duarría Pq(Santiago) LU-113 Castro Ribeiras de Lea,325000,5,186,Lugo,Galicia
Piso,Calle Río Navia,173000,3,102,Lugo,Galicia
Chalet,Calle A -Vilaronte Lugar 35,280000,5,3600,Lugo,Galicia
Piso,Avenida Coruña,140000,3,105,Lugo,Galicia
Piso,Calle Quiroga,65000,3,87,Lugo,Galicia
Chalet,Soto Nogueira s/n,55000,4,139,Lugo,Galicia
Chalet,Calle Dona Urraca,95000,4,136,Lugo,Galicia
Chalet,Viveiro,190000,7,200,Lugo,Galicia
Piso,Foz,139000,4,142,Lugo,Galicia
Casa Rural,Lugar Xercido 13,80000,4,300,Lugo,Galicia
Piso,Foz,75000,1,9,Lugo,Galicia
Piso,Camino real,72000,2,60,Lugo,Galicia
Piso,Avenida FONTIÑAS,162000,2,87,Lugo,Galicia
Casa Rural,Valado - Moncelos 7,75000,3,16500,Lugo,Galicia
Chalet,Calle Dona Urraca,95000,4,129,Lugo,Galicia
Chalet,Camino dos Pedridos Granxas,140000,6,800,Lugo,Galicia
Chalet,galdo s/n,650000,10,686,Lugo,Galicia
Casa Rural,ROMEOR s/n SN,30000,5,500,Lugo,Galicia
Chalet,Mesón 2,178000,3,107,Lugo,Galicia
Chalet,Camino de barcia,400000,6,236,Lugo,Galicia
Piso,Calle nova,97000,2,60,Lugo,Galicia
Piso,Plaza de Ferrol,300000,4,157,Lugo,Galicia
Piso,Calle Quiroga,105000,3,128,Lugo,Galicia
Chalet,papoi calde,385000,4,3000,Lugo,Galicia
Chalet,Lourenza,195000,8,360,Lugo,Galicia
Casa Rural,CP-0211 s/n,135000,5,163,Lugo,Galicia
Chalet,Santa Eulaia Pradeda Lebesen,80000,4,137,Lugo,Galicia
Chalet,dombrollo cotá friol,230000,2,3500,Lugo,Galicia
Chalet,san xoan do campo,375000,3,5800,Lugo,Galicia
Piso,Calle Miguel de Cervantes Lugo,138000,4,95,Lugo,Galicia
Casa Rural,parada,185000,4,148,Lugo,Galicia
Chalet,san cristovo corgo,360000,7,264,Lugo,Galicia
Chalet,Avenida Breogán 19,290000,5,50,Lugo,Galicia
Chalet,ourol a barcia,900000,12,40000,Lugo,Galicia
Chalet,Lugar a Barrosa 1,289000,4,140,Lugo,Galicia
Piso,zona rua san roque,130000,2,20,Lugo,Galicia
Piso,Calle Profesor Otero Pedraio s/n,159500,3,82,Lugo,Galicia
Chalet,Camino sen nome,40000,3,203,Lugo,Galicia
Chalet,Camino sen nome,40000,3,203,Lugo,Galicia
Casa Rural,mosteiro s/n,200000,5,7000,Lugo,Galicia
Duplex,Camino da Granxa,360000,5,160,Lugo,Galicia
Piso,Calle Chantada,66000,4,149,Lugo,Galicia
Casa Rural,Ferreira de Panton s/n,330000,11,494,Lugo,Galicia
Piso,Avenida de A Coruña s/n,105000,2,70,Lugo,Galicia
Piso,Ronda Castiñeiro,97000,3,113,Lugo,Galicia
Chalet,Lugar Francos,220000,0,32000,Lugo,Galicia
Piso,Calle Ourense,155000,4,144,Lugo,Galicia
Chalet,Camino aceveda 2,550000,5,175,Lugo,Galicia
Piso,Calle Doutor Xermán Alonso Hortas s/n,46000,4,137,Lugo,Galicia
Piso,Avenida de la Coruña,145000,5,157,Lugo,Galicia
Chalet,Lugar Vilapene,100000,7,5000,Lugo,Galicia
Chalet,Plaza Vilaxurxo 7,250000,6,208,Lugo,Galicia
Chalet,Avenida sarria s/n,220000,4,350,Lugo,Galicia
Casa Rural,LUGAR RANDULFE s/n,350000,5,4900,Lugo,Galicia
Piso,Juan García Navia Castrillon,230000,4,138,Lugo,Galicia
Chalet,Calle ruanova,310000,4,141,Lugo,Galicia
Chalet,Casanova A 8,51000,5,400,Lugo,Galicia
Piso,Calle San Roque 34,125000,4,131,Lugo,Galicia
Piso,Carril das Hortas,230000,4,150,Lugo,Galicia
Chalet,O Corgo,350000,4,135,Lugo,Galicia
Chalet,San Cosme de Piñeiro 10,198000,6,248,Lugo,Galicia
Casa Rural,Aldea San Roque 26,92000,5,266,Lugo,Galicia
Estudio,Calle Concepción Arenal,145000,0,22,Lugo,Galicia
Piso,Monte Faro,65000,3,92,Lugo,Galicia
Chalet,A Pena Casas novas 7,185000,5,180,Lugo,Galicia
Piso,Calle Avelino Pousa Antelo,300000,5,187,Lugo,Galicia
Piso,Calle Progreso,180000,3,90,Lugo,Galicia
Chalet,Calle Figueiras 14,42500,2,485,Lugo,Galicia
Piso,Calle San Eufrasio,90000,4,121,Lugo,Galicia
Piso,Calle Alexandre Bóveda,100000,3,111,Lugo,Galicia
Piso,Calle Carballo 20,125000,2,77,Lugo,Galicia
Piso,Calle San Roque 34,59000,2,63,Lugo,Galicia
Chalet,Lugar O Gruñedo 9,199000,6,241,Lugo,Galicia
Piso,Sarria,120000,5,181,Lugo,Galicia
Casa Rural,SANTA LEOCADIA 4,150000,5,179,Lugo,Galicia
Chalet,Via LÁCTEA,180000,7,279,Lugo,Galicia
Piso,Calle Bolaño Rivadeneira,269000,3,118,Lugo,Galicia
Chalet,Vilarmide s/n,65000,3,112,Lugo,Galicia
Piso,Calle San Eufrasio,120000,2,70,Lugo,Galicia
Duplex,Ronda del Carmen,150000,5,180,Lugo,Galicia
Casa Rural,Ferreiravella 10,44990,2,68,Lugo,Galicia
Chalet,Santalla de Villaosende s/n,139000,4,160,Lugo,Galicia
Piso,Federico García Lorca,120000,3,12,Lugo,Galicia
Piso,Avenida de La Coruña 347,185000,3,60,Lugo,Galicia
Chalet,Lugar Bicos,40000,3,106,Lugo,Galicia
Piso,Avenida Álvaro Cunqueiro,130000,4,120,Lugo,Galicia
Piso,Nicolas Cora Montenegro,90000,3,87,Lugo,Galicia
Piso,Sarria,120000,5,197,Lugo,Galicia
Piso,Avenida Arcadio Pardiñas,69968,6,237,Lugo,Galicia
Casa Rural,moural 6,95500,3,101,Lugo,Galicia
Duplex,Avenida Ollo do Mar 8,180000,3,120,Lugo,Galicia
Chalet,SAN JUAN,90000,5,177,Lugo,Galicia
Chalet,Calle Julio Cachafeiro 2,45000,3,114,Lugo,Galicia
Chalet,Lugar a Firveda,220000,6,1424,Lugo,Galicia
Casa Rural,Hermunde s/n,139500,3,113,Lugo,Galicia
Piso,Calle Bolaño Rivadeneira,269000,3,109,Lugo,Galicia
Chalet,Via LÁCTEA,180000,7,267,Lugo,Galicia
Casa Rural,Teixeiro s/n,325000,3,16638,Lugo,Galicia
Casa Rural,SANTA LEOCADIA 4,150000,5,190,Lugo,Galicia
Ático,Urbanización Costa Reinante s/n,94000,2,60,Lugo,Galicia
Piso,Calle Castelao,235000,4,132,Lugo,Galicia
Casa Rural,Avenida generalísimo 34,35000,4,107,Lugo,Galicia
Chalet,Vilarmide s/n,65000,3,106,Lugo,Galicia
Piso,Nicolas Cora Montenegro,90000,3,87,Lugo,Galicia
Piso,Avenida de La Coruña 347,185000,3,60,Lugo,Galicia
Duplex,Ronda del Carmen,150000,5,183,Lugo,Galicia
Casa Rural,Ferreiravella 10,44990,2,66,Lugo,Galicia
Chalet,Soutelo 4,149500,6,244,Lugo,Galicia
Chalet,Calle Oscura 1,140000,2,74,Lugo,Galicia
Chalet,FOXO s/n,145000,4,146,Lugo,Galicia
Chalet,A Pena Gundivos,180000,4,143,Lugo,Galicia
Chalet,Ferreira de Pantón s/n,400000,8,525,Lugo,Galicia
Chalet,Calle Santa Mariña-Corgo,325000,6,208,Lugo,Galicia
Chalet,Navallos/A Vara 6,179995,3,96,Lugo,Galicia
Chalet,Santalla de Villaosende s/n,139000,4,160,Lugo,Galicia
Chalet,Avenida de la Coruña 63,180000,8,368,Lugo,Galicia
Piso,Avenida Álvaro Cunqueiro,130000,4,120,Lugo,Galicia
Chalet,LU-P-6501 5,70000,5,175,Lugo,Galicia
Piso,Avenida Galicia 39,153000,3,110,Lugo,Galicia
Chalet,a casanova 10,190000,4,121,Lugo,Galicia
Duplex,San Roque - As Fontiñas,290000,3,134,Lugo,Galicia
Piso,Calle Chantada 38,85000,4,155,Lugo,Galicia
Casa Rural,saavedra,55000,0,2600,Lugo,Galicia
Duplex,Avenida Álvaro Cunqueiro,82000,2,67,Lugo,Galicia
Casa Rural,Calle Evaristo Correa Calderón 45,400000,6,3000,Lugo,Galicia
Piso,Plaza de Bretaña 15,650000,4,200,Lugo,Galicia
Casa Rural,Bustelo 2,60000,11,411,Lugo,Galicia
Casa Rural,San Lorenzo 1,79000,6,233,Lugo,Galicia
Piso,Plaza de Bretaña 15,650000,4,200,Lugo,Galicia
Casa Rural,Lugar Galegos 28,25000,3,91,Lugo,Galicia
Casa Rural,rego 1,30000,11,4200,Lugo,Galicia
Chalet,Frean - Pq Atan 5,95000,5,113,Lugo,Galicia
Piso,Calle Constanza de Castro 38,95000,2,70,Lugo,Galicia
Piso,Calle de Rosalía de Castro,73000,2,625,Lugo,Galicia
Chalet,Calle Filgueiro 5,105000,1,58,Lugo,Galicia
Chalet,San Roque - As Fontiñas,200000,1,30,Lugo,Galicia
Piso,Calle Dinán,330000,3,88,Lugo,Galicia
A 2,616351463,Camino Casaldeite,1,52,Lugo,Galicia
Chalet,VILLAFRAMIL 15,298000,8,4748,Lugo,Galicia
Casa Rural,A Pobra do Brollón s/n,1175000,12,196,Lugo,Galicia
Chalet,Soledad Bretoña s/n,189000,5,200,Lugo,Galicia
Chalet,Foz,159000,4,485,Lugo,Galicia
Duplex,Avenida da Mariña 41,150000,4,157,Lugo,Galicia
Chalet,A Burela de Carballido 1,180000,5,135,Lugo,Galicia
Ático,Travesía de Meira 4,105000,2,71,Lugo,Galicia
Chalet,Calle Pomar,120000,6,239,Lugo,Galicia
Chalet,Esperante,410000,5,2842,Lugo,Galicia
Chalet,Lugar Andemil s/n,90000,3,97,Lugo,Galicia
Chalet,Calle Juan XXIII 10,255000,4,150,Lugo,Galicia
Chalet,VALE 11,63000,3,84,Lugo,Galicia
Casa Rural,saavedra,55000,0,2600,Lugo,Galicia
Chalet,N-VI s/n,185000,3,111,Lugo,Galicia
Piso,Calle Tomas Mariño Pardo 3,95000,3,43,Lugo,Galicia
Casa Rural,Lugar Bergazo 19,25000,0,80,Lugo,Galicia
Casa Rural,Calle Evaristo Correa Calderón 45,400000,6,3000,Lugo,Galicia
Duplex,San Roque - As Fontiñas,290000,3,134,Lugo,Galicia
Duplex,Avenida Álvaro Cunqueiro,82000,2,69,Lugo,Galicia
Casa Rural,pedragude s/n,151000,3,672,Lugo,Galicia
Casa Rural,O Padrón 11,55000,4,45,Lugo,Galicia
Chalet,nadela,250000,8,362,Lugo,Galicia
Casa Rural,Lugar Sanmamed 13,330000,5,286,Lugo,Galicia
Duplex,Calle Montirón,179000,4,120,Lugo,Galicia
Piso,Calle Concepción Arenal 21,108000,2,73,Lugo,Galicia
Duplex,SAN ROQUE 22,95000,4,121,Lugo,Galicia
Chalet,Lugar a Igrexa 7,125000,3,1500,Lugo,Galicia
Casa Rural,Bustelo 2,60000,11,411,Lugo,Galicia
Estudio,Calle Magnolia,83000,0,43,Lugo,Galicia
Estudio,Calle Magnolia,83000,0,26,Lugo,Galicia
Ático,Avenida Arcadio Pardiñas 167,115000,4,146,Lugo,Galicia
Chalet,Calle montouto 1,65000,5,750,Lugo,Galicia
Chalet,Calle Rio Ladra 10,95000,3,96,Lugo,Galicia
Chalet,Lugar As Regas,150000,4,4000,Lugo,Galicia
Chalet,Calle de Galegos,130000,5,130,Lugo,Galicia
Chalet,Calle manuel maría 28,130000,4,250,Lugo,Galicia
Piso,Boveda,41500,4,95,Lugo,Galicia
Chalet,Vilargoíde 4,255000,4,175,Lugo,Galicia
Duplex,Avenida de Rafael Fernández Cardoso 8,290000,4,140,Lugo,Galicia
Duplex,Ronda Xosé Castiñeira,279300,4,147,Lugo,Galicia
Piso,Calle Ourense 93,155000,3,25,Lugo,Galicia
Chalet,Lugar Lagar,300000,5,2500,Lugo,Galicia
Piso,Calle Primavera 42 Fontiasn,230000,3,12,Lugo,Galicia
Piso,Calle Chantada,70000,3,106,Lugo,Galicia
Casa Rural,Lugar Alto Gomean 1,190000,6,2300,Lugo,Galicia
Casa Rural,Souto de Torres s/n sn,495000,6,68,Lugo,Galicia
Chalet,LU-P-5902 43,115000,4,0,Lugo,Galicia
Chalet,Calle Opazo 5,365000,4,355,Lugo,Galicia
Chalet,Calle San Lázaro 157,75000,3,120,Lugo,Galicia
Chalet,Calle NOIS,250000,7,2100,Lugo,Galicia
Casa Rural,O castro s/n,43000,4,143,Lugo,Galicia
Casa Rural,Lugar Vilachar,460000,13,1100,Lugo,Galicia
Duplex,Calle de Santiago 128,159000,3,117,Lugo,Galicia
Piso,Avenida de las Américas,165000,2,90,Lugo,Galicia
Chalet,santa mariña o corgo,298000,4,133,Lugo,Galicia
Chalet,Friol,230000,2,113,Lugo,Galicia
Casa Rural,N-634 22,79000,3,107,Lugo,Galicia
Duplex,Camino Atalaia,150000,2,65,Lugo,Galicia
Piso,Paseo Colón,220000,2,79,Lugo,Galicia
Casa Rural,Camino sen nome 130,125000,5,180,Lugo,Galicia
Chalet,abrela,370000,5,201,Lugo,Galicia
Chalet,Avenida de A Coruña - Paradai,120000,3,118,Lugo,Galicia
Chalet,Camino a Maderne 3,65000,3,200,Lugo,Galicia
Piso,Calle Santiago 130,115000,2,74,Lugo,Galicia
Casa Rural,Lugar Casabella 9 D,59000,2,10000,Lugo,Galicia
Chalet,fervedoira,320000,6,231,Lugo,Galicia
Casa Rural,LU-P-5902 26,800000,6,202,Lugo,Galicia
Piso,PARDO BAZAN,90000,4,123,Lugo,Galicia
Chalet,LU-P-4104 10,45000,5,165,Lugo,Galicia
Chalet,santa mariña o corgo,298000,4,135,Lugo,Galicia
Chalet,abrela,370000,5,201,Lugo,Galicia
Duplex,Camino Atalaia,150000,2,72,Lugo,Galicia
Chalet,fervedoira,320000,6,210,Lugo,Galicia
Duplex,Residencia - Abella,160000,3,86,Lugo,Galicia
Duplex,Avenida Tierra Llana 15,239000,4,133,Lugo,Galicia
Piso,Calle O Río,125000,4,36,Lugo,Galicia
Chalet,Saa lugo,375000,3,97,Lugo,Galicia
Casa Rural,Seara s/n,45000,4,132,Lugo,Galicia
Piso,Avenida Cantarrana,56000,3,77,Lugo,Galicia
Piso,Plaza de Santo Domingo,340000,5,200,Lugo,Galicia
Chalet,Calle Alfolíes,130000,5,30,Lugo,Galicia
Chalet,Carretera General Mañente,95000,7,293,Lugo,Galicia
Casa Rural,Aldixe s/n,130000,3,1770,Lugo,Galicia
Casa Rural,Carretera de portomarin,150000,4,236,Lugo,Galicia
Piso,Mar Cantabrico 33,108000,2,70,Lugo,Galicia
Chalet,zona hombreiro,245000,5,40,Lugo,Galicia
Piso,Avenida Asturias,57519,1,54,Lugo,Galicia
Piso,Rego de Foz,110000,2,65,Lugo,Galicia
Chalet,Calle da Viela s/n,110000,6,241,Lugo,Galicia
Casa Rural,marrube o saviñao 56,75000,2,290,Lugo,Galicia
Piso,Ronda das Fontiñas,130000,4,20,Lugo,Galicia
Casa Rural,Nete 86,55000,4,154,Lugo,Galicia
Chalet,Calle San Lourenzo 15,90000,0,200,Lugo,Galicia
Piso,Francisco Vilasuso 3,99000,3,101,Lugo,Galicia
Casa Rural,Martiño s/n,50000,6,9800,Lugo,Galicia
Piso,Calle do Río,90000,4,15,Lugo,Galicia
Chalet,Zona Paradai,120000,2,100,Lugo,Galicia
Piso,Calle San Roque,349000,4,122,Lugo,Galicia
Piso,Calle Francisco Vilasuso 42,90000,2,77,Lugo,Galicia
Casa Rural,pq gomean 3,410000,0,300,Lugo,Galicia
Piso,Carretera Playa de San Miguel 2,125000,2,79,Lugo,Galicia
Piso,Rego de Foz,100000,2,61,Lugo,Galicia
Piso,Calle Francisco Vilasuso 40,93500,2,60,Lugo,Galicia
Piso,Avenida Arcadio Pardiñas,90000,4,113,Lugo,Galicia
Piso,Calle Viladaide 23,92800,2,79,Lugo,Galicia
Casa Rural,Alba s/n,60000,6,370,Lugo,Galicia
Casa Rural,La torre s/n,70000,3,10000,Lugo,Galicia
Chalet,Parroquia Fontao s/n,250000,4,136,Lugo,Galicia
Piso,urbanización el palmeiro 51,80829,2,44,Lugo,Galicia
Piso,Calle San Roque,349000,4,151,Lugo,Galicia
Casa Rural,Martiño s/n,50000,6,9800,Lugo,Galicia
Piso,Mar Cantabrico 33,108000,2,70,Lugo,Galicia
Casa Rural,Aldixe s/n,130000,3,1770,Lugo,Galicia
Piso,Avenida Cantarrana,56000,3,77,Lugo,Galicia
Chalet,Calle Alfolíes,130000,5,30,Lugo,Galicia
Duplex,Avenida de Magoi,286000,4,20,Lugo,Galicia
Piso,Rego de Foz,110000,2,64,Lugo,Galicia
Piso,Plaza de Santo Domingo,340000,5,200,Lugo,Galicia
Chalet,Calle Viladaide-Praia Altar 30,299990,4,20,Lugo,Galicia
Chalet,Playa de Covas-Suasbarras 35,80000,10,496,Lugo,Galicia
Piso,Lugar Nogueiredo 20,89000,1,30,Lugo,Galicia
Piso,Lugar Nogueiredo 20,93000,2,69,Lugo,Galicia
Chalet,Calle Bellavista,330600,3,81,Lugo,Galicia
Duplex,Ronda da Muralla 49,310000,3,119,Lugo,Galicia
Chalet,O Carballal 1,120000,5,78,Lugo,Galicia
Piso,Avenida da Veiga,110000,2,66,Lugo,Galicia
Chalet,Avenida Arcadio Pardiñas,180000,4,158,Lugo,Galicia
Piso,Avenida da Veiga,51000,5,6,Lugo,Galicia
Duplex,Avenida de Magoi 118,260000,4,142,Lugo,Galicia
Chalet,Lugar Nadela,95000,5,192,Lugo,Galicia
Chalet,Calle Benigno Quiroga s/n,170000,5,230,Lugo,Galicia
Piso,Serra Gañidoira,126000,2,78,Lugo,Galicia
Chalet,farillon,200000,3,15,Lugo,Galicia
Piso,Calle Uxio Novoneira 1,95000,1,56,Lugo,Galicia
Casa Rural,Plaza del Coronel Pena,250000,8,75,Lugo,Galicia
Duplex,Carretera da Granxa 124,205000,3,129,Lugo,Galicia
Duplex,Calle Río Masma,120000,2,64,Lugo,Galicia
Piso,Calle San Roque 31,280000,4,151,Lugo,Galicia
Casa Rural,Estraxiz 5,149000,3,168,Lugo,Galicia
Chalet,Vilar de cucos recimil,125000,2,4800,Lugo,Galicia
Chalet,Calle Ligustro s/n,103000,3,115,Lugo,Galicia
Piso,Lugar Nogueiredo 20,89000,2,61,Lugo,Galicia
Chalet,valadouro s/n,69000,5,101,Lugo,Galicia
Chalet,Lugar Ordoñez 9,309000,5,179,Lugo,Galicia
Casa Rural,Tosende 27181 s/n,197000,5,285,Lugo,Galicia
Chalet,Lugar Vilar 43,260000,4,140,Lugo,Galicia
Duplex,Camino da Granxa 122,182000,3,89,Lugo,Galicia
Piso,Camino de Xove 1,98900,2,63,Lugo,Galicia
Piso,Calle do Camiño Real s/n,55000,3,77,Lugo,Galicia
Piso,Calle Costa do Castro,115000,2,68,Lugo,Galicia
Casa Rural,Plaza del Coronel Pena,250000,8,75,Lugo,Galicia
Chalet,LU-P-3101,210000,4,156,Lugo,Galicia
Duplex,Calle Xosé Castiñeira 34,279300,4,145,Lugo,Galicia
Piso,Calle Corporacións Municipais,158000,4,137,Lugo,Galicia
Piso,Ronda do Carme,99200,4,121,Lugo,Galicia
Piso,Avenida Portugal,37000,2,61,Lugo,Galicia
Piso,Calle Concello,70000,4,130,Lugo,Galicia
Chalet,Conceado,250000,3,30,Lugo,Galicia
Chalet,LU-P-2804 1,65000,3,1300,Lugo,Galicia
Piso,Calle Nova,260000,3,137,Lugo,Galicia
Chalet,Camino Praia Arealonga,310000,6,1168,Lugo,Galicia
Piso,Plaza de Bretaña,600000,4,212,Lugo,Galicia
Piso,Calle do Río 4,75000,4,124,Lugo,Galicia
Chalet,Camino Vilaronte Espiñeira,100000,5,182,Lugo,Galicia
Piso,Carril dos Loureiros,120000,4,141,Lugo,Galicia
Chalet,Ribadeo,160000,3,90,Lugo,Galicia
Piso,Plaza Maior,270000,3,80,Lugo,Galicia
Piso,Calle Mondoñedo 35,99000,3,81,Lugo,Galicia
Piso,Calle Armando Durán 52,92000,4,145,Lugo,Galicia
Ático,Calle Otero Pedrayo 64,295000,3,120,Lugo,Galicia
Chalet,Carretera DE FOZ 5,425000,5,3800,Lugo,Galicia
Piso,Avenida Portugal,55000,3,113,Lugo,Galicia
Piso,Ronda República Argentina 8,77900,1,45,Lugo,Galicia
Piso,Avenida Leopoldo Calvo Sotelo,139000,4,110,Lugo,Galicia
Piso,Calle Corporacións Municipais,165000,4,121,Lugo,Galicia
Piso,Avenida DIPUTACION 13,105000,3,104,Lugo,Galicia
Piso,Calle Hermanos Menesianos,120000,4,160,Lugo,Galicia
Chalet,AV DIPUTACION 21,399000,9,1102,Lugo,Galicia
Duplex,Avenida Breogán,145000,2,60,Lugo,Galicia
Chalet,Lugar Quinteliña,250000,4,248,Lugo,Galicia
Piso,Doutor Balanzá,295000,3,50,Lugo,Galicia
Piso,Avenida Arcadio Pardiñas 20,105000,3,109,Lugo,Galicia
Casa Rural,Cotillon 10,30000,3,278,Lugo,Galicia
Duplex,Plaza Augas Férreas s/n,260000,3,109,Lugo,Galicia
Chalet,Lugar Ferreira 3,160000,6,250,Lugo,Galicia
Piso,Calle de la Reina 21,900000,6,231,Lugo,Galicia
Chalet,Calle A 2,150000,5,300,Lugo,Galicia
Chalet,Begonte s/n,140000,3,250,Lugo,Galicia
Chalet,CP-0207,160000,1,35681,Lugo,Galicia
Piso,Calle Concello,70000,4,123,Lugo,Galicia
Piso,Calle Mazaira,159000,4,139,Lugo,Galicia
Casa Rural,Brigos de Arriba,70000,4,159,Lugo,Galicia
Chalet,Begonte s/n,140000,3,250,Lugo,Galicia
Piso,ourense 35,155000,4,140,Lugo,Galicia
Piso,Calle Nova,260000,3,137,Lugo,Galicia
Duplex,Calle Xosé Castiñeira 34,279300,4,143,Lugo,Galicia
Chalet,Conceado,250000,3,30,Lugo,Galicia
Piso,Calle Corporacións Municipais,165000,4,137,Lugo,Galicia
Chalet,Barrio as Carroceiras de Abaixo 2,125000,4,126,Lugo,Galicia
Chalet,Aviación Española,400000,7,300,Lugo,Galicia
Piso,Avenida DIPUTACION 13,105000,3,94,Lugo,Galicia
Chalet,Lugar Quinteliña,250000,4,248,Lugo,Galicia
Chalet,Lugar Ferreira 3,160000,6,250,Lugo,Galicia
Chalet,Carretera DE FOZ 5,425000,5,3800,Lugo,Galicia
Piso,Xoan Montes,310000,4,110,Lugo,Galicia
Chalet,Aceña de Olga - Augas Férreas,700000,8,572,Lugo,Galicia
Duplex,Calle Evaristo Correa Calderón,170000,3,93,Lugo,Galicia
Piso,Calle Monte Faro,155000,3,117,Lugo,Galicia
Chalet,Friol,155000,6,339,Lugo,Galicia
Ático,Camino CAMIÑO DA XUNQUEIRA 59,85000,2,68,Lugo,Galicia
Piso,Calzada das Gándaras,120000,3,116,Lugo,Galicia
Chalet,Ac-934,72500,3,103,Lugo,Galicia
Chalet,Parroquias Oeste,187000,5,110,Lugo,Galicia
Piso,Calle Praia-Remior s/n,100000,2,62,Lugo,Galicia
Casa Rural,Villaquinte 8,300000,3,400,Lugo,Galicia
Piso,urbanización Oceano IV,165000,3,85,Lugo,Galicia
Piso,Calle Río Chamoso,89000,4,124,Lugo,Galicia
Casa Rural,friolfe,130000,3,1700,Lugo,Galicia
Duplex,Avenida de Magoi,325000,3,115,Lugo,Galicia
Duplex,San Roque - As Fontiñas,179000,4,133,Lugo,Galicia
Chalet,Calle Progreso 8,69000,5,171,Lugo,Galicia
Piso,Calle Ourense,530000,3,266,Lugo,Galicia
Chalet,san miguel de reinante,206000,4,190,Lugo,Galicia
Casa Rural,Ceranzos - Xove s/n,400000,4,1540,Lugo,Galicia
Piso,fontiñas 16,145000,3,112,Lugo,Galicia
Piso,Plaza Maior,250000,4,174,Lugo,Galicia
Piso,Avenida de A Coruña - Paradai,145000,2,64,Lugo,Galicia
Chalet,San Julian,298000,8,4750,Lugo,Galicia
Piso,Foz,104000,3,113,Lugo,Galicia
Piso,Foz,109000,3,91,Lugo,Galicia
Chalet,Friol,155000,6,339,Lugo,Galicia
Casa Rural,Ceranzos - Xove s/n,400000,4,1540,Lugo,Galicia
Piso,Plaza Maior,250000,4,174,Lugo,Galicia
Chalet,Sagrado Corazón,130000,4,278,Lugo,Galicia
Piso,Calle Marina Española,93000,4,129,Lugo,Galicia
Chalet,san miguel de reinante,206000,4,190,Lugo,Galicia
Piso,urbanización Oceano IV,165000,3,85,Lugo,Galicia
Piso,Avenida de A Coruña - Paradai,70000,2,71,Lugo,Galicia
Casa Rural,Carretera San Acisclo 26,90000,3,1300,Lugo,Galicia
Piso,chantada,72000,2,61,Lugo,Galicia
Piso,lavandeira,90000,4,133,Lugo,Galicia
Chalet,Calle Xunqueira 50,130000,0,27,Lugo,Galicia
Casa Rural,mariño,65000,4,4419,Lugo,Galicia
Ático,Calle Rosalía de Castro 4,114500,2,70,Lugo,Galicia
Duplex,Concello de Sarria 49,70000,3,97,Lugo,Galicia
Casa Rural,Palas de Rei,128500,3,87,Lugo,Galicia
Chalet,calde,220000,5,300,Lugo,Galicia
Duplex,campos novos,235000,4,154,Lugo,Galicia
Piso,Calle adolfo suarez,150000,4,137,Lugo,Galicia
Piso,Recinto Amurallado,105000,3,83,Lugo,Galicia
Duplex,Calle Angelo Colocci,110000,2,66,Lugo,Galicia
Piso,Calle Quiroga,62000,3,111,Lugo,Galicia
Piso,Avenida de Magoi,220000,3,108,Lugo,Galicia
Casa Rural,Monterroso,207200,4,120,Lugo,Galicia
Chalet,meilan,495000,5,10000,Lugo,Galicia
Piso,Calle Montirón,114000,2,52,Lugo,Galicia
Piso,Calle Portugal,60000,2,69,Lugo,Galicia
Ático,Calle Túnel de Oural,185000,3,95,Lugo,Galicia
Chalet,Parga,57000,4,120,Lugo,Galicia
Chalet,Avenida de A Coruña - Paradai,105000,3,135,Lugo,Galicia
Casa Rural,Calle Ramón Canoura,72000,6,20,Lugo,Galicia
Piso,Calle da Zarra,216000,4,129,Lugo,Galicia
Duplex,Avenida Arcadio Pardiñas 135,135000,4,151,Lugo,Galicia
Duplex,Avenida de Magoi,310000,4,145,Lugo,Galicia
Piso,Avenida coruña,53000,2,75,Lugo,Galicia
Duplex,Calle San Eufrasio,129000,2,62,Lugo,Galicia
Casa Rural,Friol,87000,6,150,Lugo,Galicia
Chalet,O Corgo,255000,6,226,Lugo,Galicia
Chalet,Camino de Ribas Altas,49000,3,300,Lugo,Galicia
Piso,Calle Nogueiredo 20,98000,2,14,Lugo,Galicia
Piso,Avenida de Juan Garcia Navia Castrillon 19,82000,3,81,Lugo,Galicia
Chalet,Dombrollo Cotá 1,230000,3,86,Lugo,Galicia
Chalet,O Corgo,255000,6,226,Lugo,Galicia
Chalet,Paredes 6,121800,3,98,Lugo,Galicia
Piso,Avenida de la Diputación 13,105000,3,107,Lugo,Galicia
Casa Rural,Vilardongo s/n,244000,6,323,Lugo,Galicia
Casa Rural,Parroquias Oeste,260000,2,108,Lugo,Galicia
Casa Rural,Bacoi 6,36000,0,416,Lugo,Galicia
Chalet,A Tormentosa 30,120000,3,2000,Lugo,Galicia
Casa Rural,O EIXO,140000,4,110,Lugo,Galicia
Chalet,Lugar Villerma,195000,2,350,Lugo,Galicia
Chalet,Calle Rosalía de Castro 21,199000,14,559,Lugo,Galicia
Chalet,Camino de Ribas Altas,49000,3,300,Lugo,Galicia
Piso,Calle Novo Cazón 14,58900,4,137,Lugo,Galicia
Piso,Rego de Foz 1,79500,1,51,Lugo,Galicia
Chalet,Trabada,350000,7,88,Lugo,Galicia
Chalet,Lugar Carreira 23,63000,4,150,Lugo,Galicia
Piso,Calle Doctor Domingo Goas,75000,4,153,Lugo,Galicia
Piso,Chantada,85000,4,126,Lugo,Galicia
Casa Rural,Meilan,60000,4,133,Lugo,Galicia
Chalet,Calle Oliveira,285000,4,156,Lugo,Galicia
Piso,Recinto Amurallado,175000,2,77,Lugo,Galicia
Chalet,Lugar Eiras 20,170000,6,2351,Lugo,Galicia
Piso,Calle Corporaciones Municipales 59,87000,2,80,Lugo,Galicia
Chalet,Calle do Cuco,125000,2,170,Lugo,Galicia
Chalet,San Andrés de Boimente,120000,5,5000,Lugo,Galicia
Ático,Calle Serra de Ancares,99000,2,76,Lugo,Galicia
Casa Rural,Santa Maria Alta Friol s/n,464000,4,3800,Lugo,Galicia
Casa Rural,Panton,324377,7,3674,Lugo,Galicia
Piso,Calle Ourense,64000,4,138,Lugo,Galicia
Chalet,A Fonsagrada,200000,3,2528,Lugo,Galicia
Piso,german alonso,40000,3,88,Lugo,Galicia
Piso,Calle BERGANTIN PALOMO 1,129000,2,67,Lugo,Galicia
Duplex,alfonso x,175000,3,120,Lugo,Galicia
Piso,Calle Caravel,170000,4,150,Lugo,Galicia
Chalet,Calle da Estación,260000,9,625,Lugo,Galicia
Piso,magnolia,55000,3,96,Lugo,Galicia
Chalet,Lugar a Aldea de Baixo,120000,4,550,Lugo,Galicia
Chalet,covelas,240000,5,13000,Lugo,Galicia
Duplex,alfonso x,175000,3,97,Lugo,Galicia
Piso,Calle Viladaide-Praia Altar,150000,3,106,Lugo,Galicia
Casa Rural,Lugar Castillon 34,55000,10,600,Lugo,Galicia
Chalet,mundín,460000,4,131859,Lugo,Galicia
Chalet,covelas,240000,5,13000,Lugo,Galicia
Piso,magnolia,55000,3,116,Lugo,Galicia
Chalet,ribas de miño,40000,3,2400,Lugo,Galicia
Chalet,Panton,269000,3,548,Lugo,Galicia
Casa Rural,Pardiñas Covas 3,50000,4,1000,Lugo,Galicia
Chalet,Carretera coruña s/n,53000,5,163,Lugo,Galicia
Piso,Calle Marqués de Rodil,65700,3,67,Lugo,Galicia
Chalet,Calzada das Gándaras,310000,4,115,Lugo,Galicia
Piso,german alonso,40000,3,95,Lugo,Galicia
Casa Rural,Vieiro 7,42000,2,496,Lugo,Galicia
Chalet,Lugar Insua,90000,3,2600,Lugo,Galicia
Chalet,Lugar a Aldea de Baixo,120000,4,550,Lugo,Galicia
Piso,Ribadeo,71000,2,80,Lugo,Galicia
Piso,Calle Ourense,64000,4,132,Lugo,Galicia
Chalet,Carretera Trobo Corgo,350000,4,128,Lugo,Galicia
Piso,Calle Vázquez Saco,50000,3,117,Lugo,Galicia
Ático,Avenida Casiano Moreno,102000,2,61,Lugo,Galicia
Chalet,bandelo,230000,5,3000,Lugo,Galicia
Chalet,Avenida Casiano Moreno,275000,5,200,Lugo,Galicia
Chalet,Carretera Ferrol-Gijón 14,240000,3,96,Lugo,Galicia
Chalet,A Fonsagrada,200000,3,2528,Lugo,Galicia
Ático,Calle Viladaide-Praia Altar 48,98000,2,71,Lugo,Galicia
Piso,Avenida Arcadio Pardiñas 172,85000,4,135,Lugo,Galicia
Piso,Calle Caravel,170000,4,125,Lugo,Galicia
Chalet,Calle Grande 7,55000,4,158,Lugo,Galicia
Piso,Av Valle Inclán s/n,110000,2,73,Lugo,Galicia
Piso,Calle BERGANTIN PALOMO 1,129000,2,64,Lugo,Galicia
Piso,Calle laverca,93000,3,90,Lugo,Galicia
Piso,Calle dos Paxariños,123000,3,115,Lugo,Galicia
Chalet,Folgueiro 14,130000,4,127,Lugo,Galicia
Casa Rural,Lugar Casanova Moucide 76,38000,4,1700,Lugo,Galicia
Piso,Juan Donapetry 6 B,125000,4,159,Lugo,Galicia
Piso,Camino Atalaia,79900,1,40,Lugo,Galicia
Chalet,O Corgo,450000,5,164,Lugo,Galicia
Duplex,Calle Tui,300000,3,93,Lugo,Galicia
Piso,Calle Benito Galcerán 22,115000,3,113,Lugo,Galicia
Chalet,CORGO,475000,5,90,Lugo,Galicia
Piso,Calle Benito Galcerán 22,115000,3,92,Lugo,Galicia
Estudio,Camino real,85000,0,104,Lugo,Galicia
Piso,Calle Corporaciones Municipales 28,68000,2,61,Lugo,Galicia
Chalet,Calle Nazario Abel,63000,2,152,Lugo,Galicia
Duplex,Calle Campos Novos 116,240000,3,70,Lugo,Galicia
Chalet,Calle Grande,165000,4,70,Lugo,Galicia
Chalet,Recinto Amurallado,600000,4,128,Lugo,Galicia
Chalet,O Corgo,450000,5,198,Lugo,Galicia
Piso,Calle Cervantes 2,82000,2,67,Lugo,Galicia
Chalet,Foz,400000,4,2900,Lugo,Galicia
Chalet,Calle San Pedro,275000,2,73,Lugo,Galicia
Piso,CONDE,95000,3,91,Lugo,Galicia
Duplex,Ronda do Carme,135000,6,150,Lugo,Galicia
Piso,Villalba,75000,3,90,Lugo,Galicia
Chalet,O Vicedo,340000,5,362,Lugo,Galicia
Piso,Misericordia 35,67000,2,62,Lugo,Galicia
Piso,Emilia Pardo Bazán 1,59746,2,73,Lugo,Galicia
Piso,JOSE PARDO Y PARDO,73000,4,142,Lugo,Galicia
Chalet,Lugar Gondán,335000,5,170,Lugo,Galicia
Piso,Aduana 2,115000,3,85,Lugo,Galicia
Piso,Avenida de Garabolos,97000,3,33,Lugo,Galicia
Casa Rural,ROIMIL s/n,70000,0,5000,Lugo,Galicia
Chalet,Avenida de Lourdes 8,70000,2,120,Lugo,Galicia
Piso,Calle Costa do Castro 3,87000,2,70,Lugo,Galicia
Chalet,LU-P-1801 11,250000,5,760,Lugo,Galicia
Chalet,pacios villalba,95000,2,73,Lugo,Galicia
Piso,Calle dos Gardas,140000,3,143,Lugo,Galicia
Chalet,LU-P-2910,390000,3,106,Lugo,Galicia
Chalet,Urbanización a Campiña-Muxa,310000,3,4500,Lugo,Galicia
Duplex,Calle Tui,300000,3,87,Lugo,Galicia
Piso,Avenida Arcadio Pardiñas 170,90000,4,130,Lugo,Galicia
Piso,Avenida Santiago 27,125000,3,107,Lugo,Galicia
Chalet,Calle Granxas 36,190000,4,39,Lugo,Galicia
Piso,Calle Concello de Sarria 47,53000,1,51,Lugo,Galicia
Piso,Juan Donapetry 6 B,125000,4,148,Lugo,Galicia
Chalet,N-634,185000,5,400,Lugo,Galicia
Chalet,Carretera General San Pedro Barreiros 142,195000,3,95,Lugo,Galicia
Piso,zona fonte dos ranchos s/n,120000,2,75,Lugo,Galicia
Chalet,Muxa,165000,4,2071,Lugo,Galicia
Chalet,Lugar Gondán,335000,5,171,Lugo,Galicia
Piso,Misericordia 35,67000,2,78,Lugo,Galicia
Duplex,Ronda da Muralla,560000,4,265,Lugo,Galicia
Piso,Calle Costa do Castro 3,87000,2,72,Lugo,Galicia
Chalet,Avenida Arcadio Pardiñas 155,240000,7,289,Lugo,Galicia
Piso,Avenida de Garabolos,97000,3,33,Lugo,Galicia
Piso,Calle Avelino Pousa Antelo Lugo,300000,5,168,Lugo,Galicia
Chalet,O Corgo,450000,5,170,Lugo,Galicia
Chalet,Outeiro de Rei,650000,7,276,Lugo,Galicia
Piso,zona fonte dos ranchos s/n,120000,2,75,Lugo,Galicia
Piso,JOSE PARDO Y PARDO,73000,4,159,Lugo,Galicia
Piso,Calle Illas Cíes,117000,2,50,Lugo,Galicia
Piso,Calle Cervantes 2,82000,2,75,Lugo,Galicia
Piso,Otero Pedrayo 2,70000,2,71,Lugo,Galicia
Piso,americas,125000,4,115,Lugo,Galicia
Chalet,Travesía San Eufrasio,71000,2,60,Lugo,Galicia
Piso,Juan Donapetry 6 B,125000,4,151,Lugo,Galicia
Piso,Calle RIO MERA,95000,4,103,Lugo,Galicia
Chalet,Parroquias Oeste,600000,5,176,Lugo,Galicia
Piso,Calle Mazaira 7,74000,1,65,Lugo,Galicia
Piso,Calle Cidade de Lugo 3,55000,2,75,Lugo,Galicia
Chalet,Camino Fontecega 6,160000,4,1233,Lugo,Galicia
Chalet,cardenal s/n,175000,8,260,Lugo,Galicia
Chalet,Calle Paseo do pinar s/n,195000,4,160,Lugo,Galicia
Chalet,RIELO 6,90000,3,115,Lugo,Galicia
Casa Rural,San Román del Valle s/n,50000,3,80,Lugo,Galicia
Chalet,Avenida Casiano Moreno 5,315000,5,188,Lugo,Galicia
Piso,Camino Viladaide-Cruce Anguie 7,120000,2,67,Lugo,Galicia
Piso,Calle Constitución s/n,85000,2,70,Lugo,Galicia
Piso,Barrio do Sagrado Corazón,69500,3,80,Lugo,Galicia
Piso,Calle Viladaide-Praia Altar 10,120000,3,102,Lugo,Galicia
Chalet,LU-P-2007 5,54000,1,42,Lugo,Galicia
Casa Rural,general,225000,5,600,Lugo,Galicia
Chalet,Carril dos Loureiros 24,1900000,3,400,Lugo,Galicia
Piso,Misericordia 48,85000,3,102,Lugo,Galicia
Estudio,Calle Mazaira,74000,0,42,Lugo,Galicia
Chalet,lugar la torre 17,180000,6,2100,Lugo,Galicia
Chalet,Calle da Deputación 10,155000,3,89,Lugo,Galicia
Casa Rural,Guntin,65000,4,124,Lugo,Galicia
Casa Rural,general,97000,3,87182,Lugo,Galicia
Piso,Calle Cidade de Lugo 3,55000,2,65,Lugo,Galicia
Casa Rural,Guntin,65000,4,145,Lugo,Galicia
Piso,Misericordia 48,85000,3,83,Lugo,Galicia
 12,648776949,Fonte da cruz,12,461,Lugo,Galicia
Chalet,Parroquias Oeste,600000,5,168,Lugo,Galicia
Chalet,Calle do Rego 10 -4,25100,1,54,Lugo,Galicia
Casa Rural,general,225000,5,600,Lugo,Galicia
Chalet,rubial,150000,6,334,Lugo,Galicia
Piso,Villalba,101000,2,12,Lugo,Galicia
Piso,Villalba,91000,2,12,Lugo,Galicia
Duplex,Calle Campos Novos 26,160000,3,102,Lugo,Galicia
Chalet,Lugar de Pol s/n,45000,2,62,Lugo,Galicia
Duplex,Carril dos indios,190000,5,200,Lugo,Galicia
Chalet,Avenida da Ribeira 14,195000,3,101,Lugo,Galicia
Chalet,AS Negradas s/n,100000,8,348,Lugo,Galicia
Piso,Calle Reiseñor 4,115000,3,87,Lugo,Galicia
Chalet,Calle Manuel María,70000,1,57,Lugo,Galicia
Casa Rural,Esperante s/n,45000,1,54,Lugo,Galicia
Piso,Carril dos Indios,100000,3,120,Lugo,Galicia
Chalet,Outeiro de Rei,85000,6,1786,Lugo,Galicia
Piso,Calle Lourido 10,65000,3,119,Lugo,Galicia
Piso,Avenida Rosalía de Castro 22,118000,2,55,Lugo,Galicia
Casa Rural,Armeá,150000,1,0,Lugo,Galicia
Piso,Calle Emilia Pardo Bazán,59746,2,77,Lugo,Galicia
Duplex,San Roque - As Fontiñas,164000,3,95,Lugo,Galicia
Piso,Residencia - Abella,255000,5,190,Lugo,Galicia
Piso,Calle lourido 14,85000,4,126,Lugo,Galicia
Piso,Ronda Outeiro,43000,3,12,Lugo,Galicia
Chalet,LU-232,95000,2,1400,Lugo,Galicia
Piso,Monforte de Lemos,215000,4,150,Lugo,Galicia
Casa Rural,Lugar a Uceira,125000,4,2500,Lugo,Galicia
Piso,Calle Chantada 145,90000,3,120,Lugo,Galicia
Piso,Camino Real 65,127000,2,21,Lugo,Galicia
Piso,Villalba,100000,2,12,Lugo,Galicia
Chalet,Camino General Reinante,55600,1,50,Lugo,Galicia
Chalet,Calle Pedregas 3,168000,4,157,Lugo,Galicia
Chalet,Barrio Pedregás 3,155000,4,137,Lugo,Galicia
Piso,Lugar Foro,61600,3,99,Lugo,Galicia
Chalet,Lugar Foro,53300,3,111,Lugo,Galicia
Piso,Avenida de Asturias s/n Ribadeo,99500,4,13,Lugo,Galicia
Piso,Calle Trapero Pardo 10,140000,2,74,Lugo,Galicia
Piso,Villalba,91000,2,38,Lugo,Galicia
Piso,Lugar Foro,63700,2,65,Lugo,Galicia
Duplex,Calle Viladaide-Praia Altar,120000,2,75,Lugo,Galicia
Piso,Calle Reboredo 2,92000,4,135,Lugo,Galicia
Piso,Villalba,90000,2,12,Lugo,Galicia
Piso,Camino General Reinante,55200,1,52,Lugo,Galicia
Ático,Calle Doutor Yañez Rebolo 62,48000,2,77,Lugo,Galicia
Chalet,Camino Xeral Mañente,125000,4,144,Lugo,Galicia
Piso,Villalba,102000,2,12,Lugo,Galicia
Chalet,Camino Barrosa,60200,3,103,Lugo,Galicia
Piso,Villalba,114000,3,2,Lugo,Galicia
Chalet,Santa Marina 8 Cabreiro O Corgo,499000,4,339,Lugo,Galicia
Piso,Recinto Amurallado,180000,3,110,Lugo,Galicia
Chalet,Lugar Foro,44300,1,44,Lugo,Galicia
Piso,Villalba,116000,3,2,Lugo,Galicia
Piso,Villalba,103000,2,38,Lugo,Galicia
Piso,Calle Marqués de Sargadelos 2,130000,3,117,Lugo,Galicia
Piso,Calle Río Narla,110000,3,102,Lugo,Galicia
Piso,Calle Misericordia 47,80000,2,60,Lugo,Galicia
Chalet,Camino Barrosa,52900,3,103,Lugo,Galicia
Piso,Avenida Arcadio Pardiñas,405000,1,45,Lugo,Galicia
Piso,Camino General Reinante,51600,1,40,Lugo,Galicia
Piso,Villalba,112000,3,2,Lugo,Galicia
Chalet,Barrio Pedregás 3,155000,4,135,Lugo,Galicia
Casa Rural,Barrio A Ponte 36,155000,6,224,Lugo,Galicia
Piso,Lugar Foro,61800,3,91,Lugo,Galicia
Piso,Lugar Foro,61600,3,90,Lugo,Galicia
Casa Rural,Arxua de Abaixo 17,40000,4,146,Lugo,Galicia
Piso,Villalba,111000,3,2,Lugo,Galicia
Piso,Avenida de Asturias s/n Ribadeo,99500,4,13,Lugo,Galicia
Chalet,Calle de la Serra Gañidoira,175000,5,100,Lugo,Galicia
Chalet,Camino General Reinante,55600,1,53,Lugo,Galicia
Chalet,Camino da Igrexa,60700,3,102,Lugo,Galicia
Piso,Calle Nicomedes Pastor Díaz,210000,3,95,Lugo,Galicia
Chalet,Begonte,125000,3,1800,Lugo,Galicia
Chalet,Calle Pedregas 3,168000,4,122,Lugo,Galicia
Casa Rural,Lugar Pedrosa 24,90000,3,93,Lugo,Galicia
Piso,Calle Misericordia,98000,2,65,Lugo,Galicia
Chalet,Camino Vella de Santiago 39,65000,3,379,Lugo,Galicia
Piso,Calle Misericordia,76000,2,80,Lugo,Galicia
Piso,Calle Reboredo 2,92000,4,129,Lugo,Galicia
Ático,Calle Doutor Yañez Rebolo 62,48000,2,69,Lugo,Galicia
Chalet,Camino da Igrexa,60700,3,113,Lugo,Galicia
Piso,Lugar Foro,61600,3,117,Lugo,Galicia
Chalet,Camino Barrosa,60200,3,100,Lugo,Galicia
Chalet,Lugar Foro,60700,1,41,Lugo,Galicia
Duplex,Calle Viladaide-Praia Altar,120000,2,61,Lugo,Galicia
Chalet,Camino Xeral Mañente,125000,4,150,Lugo,Galicia
Piso,Calle Castelao s/n,144500,3,99,Lugo,Galicia
Chalet,Camino da Igrexa,42500,1,56,Lugo,Galicia
Piso,Lugar Foro,61800,3,91,Lugo,Galicia
Chalet,Cadeite 35,90000,4,141,Lugo,Galicia
Piso,Villalba,103000,2,38,Lugo,Galicia
Piso,Calle Alcalde Fraga Bello 30,72000,3,81,Lugo,Galicia
Piso,Calle Concello de Sarria,93000,2,71,Lugo,Galicia
Piso,fontiñas,117000,3,106,Lugo,Galicia
Chalet,Carretera General Mañente,160000,4,157,Lugo,Galicia
Duplex,Calle Guitiriz 20,130000,6,137,Lugo,Galicia
Chalet,Lugar Foro,57500,1,44,Lugo,Galicia
Chalet,LGAR DA TORRE s/n,170000,5,192,Lugo,Galicia
Piso,Ronda das Fontiñas 89,140000,4,138,Lugo,Galicia
Piso,Lugar Foro,64400,3,93,Lugo,Galicia
Chalet,Calle de la Serra Gañidoira,175000,5,100,Lugo,Galicia
Piso,Calle de la virgen del camino 16,153500,3,8,Lugo,Galicia
Piso,Villalba,113000,3,2,Lugo,Galicia
Casa Rural,Vilamaior Guntín,89000,5,2700,Lugo,Galicia
Chalet,Lugar Foro,56300,1,40,Lugo,Galicia
Piso,Calle Río Narla,110000,3,109,Lugo,Galicia
Piso,Camino General Reinante,51600,1,54,Lugo,Galicia
Casa Rural,A Fonsagrada,120000,4,507,Lugo,Galicia
Casa Rural,Panton,1100000,10,900,Lugo,Galicia
Piso,O Saviñao,52000,1,2,Lugo,Galicia
Duplex,Foz,85000,1,82,Lugo,Galicia
Casa Rural,Trabada,195000,3,109,Lugo,Galicia
Piso,Avenida de A Coruña s/n,93000,2,68,Lugo,Galicia
Duplex,Avenida de Magoi,350000,4,120,Lugo,Galicia
Casa Rural,Taboada,110000,3,1580,Lugo,Galicia
Piso,Boveda,72000,3,88,Lugo,Galicia
Piso,Calle PROFESOR OTERO PEDRAYO,80000,1,53,Lugo,Galicia
Piso,Quiroga,61600,3,97,Lugo,Galicia
Casa Rural,A Pontenova,220000,4,14288,Lugo,Galicia
Chalet,Mundín Seoane,180000,4,2403,Lugo,Galicia
Duplex,Avenida de la coruña,95000,3,120,Lugo,Galicia
Casa Rural,taboi s/n,220000,4,157,Lugo,Galicia
Casa Rural,Ourol,385000,6,1500,Lugo,Galicia
Casa Rural,Palas de Rei,95000,3,90,Lugo,Galicia
Duplex,Calle Pomar,255000,5,182,Lugo,Galicia
Piso,Calle PROFESOR OTERO PEDRAYO,80000,1,53,Lugo,Galicia
Casa Rural,Vilar de cancelada s/n Vilar,62000,3,600,Lugo,Galicia
Chalet,Sarria,470000,2,6000,Lugo,Galicia
Chalet,Parroquias Oeste,375000,3,277,Lugo,Galicia
Casa Rural,Parroquias Oeste,450000,6,800,Lugo,Galicia
Casa Rural,Pol,160000,3,177,Lugo,Galicia
Chalet,Lugar Chaos 1,36000,1,4000,Lugo,Galicia
Piso,O Saviñao,52000,1,2,Lugo,Galicia
Casa Rural,Avenida Coruña 7,130000,2,147,Lugo,Galicia
Chalet,Lugar de Vilaescura,64900,2,100,Lugo,Galicia
Piso,Barreiros,99000,2,70,Lugo,Galicia
Piso,Boveda,72000,3,88,Lugo,Galicia
Casa Rural,A Fonsagrada,120000,4,507,Lugo,Galicia
Casa Rural,Outeiro de Rei,375000,6,374,Lugo,Galicia
Chalet,Lugar O Marco,90000,0,3000,Lugo,Galicia
Casa Rural,A Pastoriza,220000,4,2000,Lugo,Galicia
Chalet,Foz,250000,7,2069,Lugo,Galicia
Chalet,Calle da Chanca,110000,4,159,Lugo,Galicia
Piso,Chantada,80000,3,53,Lugo,Galicia
Piso,Castroverde,69900,2,70,Lugo,Galicia
Chalet,Friol,60800,4,291,Lugo,Galicia
Casa Rural,Trabada,195000,3,109,Lugo,Galicia
Casa Rural,Panton,1100000,10,900,Lugo,Galicia
Casa Rural,Vilariño de Abaixo s/n,65000,3,91,Lugo,Galicia
Chalet,Remior 24,365000,5,196,Lugo,Galicia
Piso,urbanización Palmeiro 2,66999,2,60,Lugo,Galicia
Casa Rural,Navia de Suarna,240000,4,244,Lugo,Galicia
Piso,Calle manuel maria,130000,2,68,Lugo,Galicia
Chalet,Villalba,225000,5,13486,Lugo,Galicia
Chalet,Campo Verde 8,10000,4,137,Lugo,Galicia
Piso,Residencia - Abella,146300,4,83,Lugo,Galicia
Casa Rural,Lugar Maariz 27,15000,3,162,Lugo,Galicia
Chalet,BONXE,300000,3,83,Lugo,Galicia
Chalet,Parroquias Oeste,160000,10,349,Lugo,Galicia
Piso,Calle Marquesa Casa López,48070,3,89,Lugo,Galicia
Piso,ROSALIA DE CASTRO,52000,4,159,Lugo,Galicia
Casa Rural,Xermade,230000,6,200,Lugo,Galicia
Chalet,Espasantes s/n,150000,5,120,Lugo,Galicia
Piso,Calle RÚA CASTELAO 10,89000,2,76,Lugo,Galicia
Chalet,O Saviñao,100000,5,8569,Lugo,Galicia
Piso,Barreiros,100000,2,81,Lugo,Galicia
Chalet,Barrio Fervedoira,225000,4,210,Lugo,Galicia
Piso,RIBADEO,240000,3,92,Lugo,Galicia
Piso,Calle Benigno Quiroga 78,130000,3,93,Lugo,Galicia
Casa Rural,Olgueira s/n,160000,7,270,Lugo,Galicia
Piso,Calle acacia 5,150000,2,64,Lugo,Galicia
Chalet,Residencia - Abella,310000,3,81,Lugo,Galicia
Duplex,Aceña de Olga - Augas Férreas,240000,4,123,Lugo,Galicia
Piso,Rosalia de Castro s/n,79000,2,75,Lugo,Galicia
Piso,Avenida coruña,144000,3,92,Lugo,Galicia
Chalet,Villamarcol,90000,5,550,Lugo,Galicia
Chalet,Calzada das Gándaras,69000,4,60,Lugo,Galicia
Chalet,Calle Illas Canarias,55000,4,123,Lugo,Galicia
Chalet,LU-124 31,32000,3,105,Lugo,Galicia
Piso,Barreiros,100000,2,81,Lugo,Galicia
Casa Rural,Parroquias Oeste,395000,7,200,Lugo,Galicia
Piso,Calle Castelao,126000,4,160,Lugo,Galicia
Piso,Ronda DEL CARMEN,130000,3,115,Lugo,Galicia
Piso,rosalia de castro,110000,4,100,Lugo,Galicia
Piso,Calle Congostra 22,110000,2,53,Lugo,Galicia
Chalet,las Medas 10,180000,3,91,Lugo,Galicia
Piso,castelao,190000,5,162,Lugo,Galicia
Piso,Rúa Plácido Peña,74005,3,98,Lugo,Galicia
Casa Rural,LU-P- 6507 105,50000,4,6000,Lugo,Galicia
Piso,Calle Lugar Fonte de Urraca 27,143000,2,2,Lugo,Galicia
Piso,Calle CAstelao 52,235000,4,110,Lugo,Galicia
Piso,Rúa Campo de Puente,80700,3,115,Lugo,Galicia
Casa Rural,Lugar Lavandeira 4,1100000,10,2000,Lugo,Galicia
Piso,Avenida de A Coruña - Paradai,115000,3,96,Lugo,Galicia
Chalet,Calle Vilar 84,175000,3,600,Lugo,Galicia
Chalet,Orosa s/n,60000,3,82,Lugo,Galicia
Chalet,Calle Barrio del Casal 22,180000,4,158,Lugo,Galicia
Piso,ARCADIO PARDIÑAS,90000,4,98,Lugo,Galicia
Piso,Rúa Plácido Peña,80275,3,105,Lugo,Galicia
Chalet,Calle Vilar 84,175000,3,600,Lugo,Galicia
Piso,Avenida Ollo do Mar,110000,2,70,Lugo,Galicia
Chalet,Calle Ramón Montenegro,450000,8,342,Lugo,Galicia
Piso,Camino as Fontiñas,43000,3,81,Lugo,Galicia
Piso,Calle Lodeiro,125000,2,70,Lugo,Galicia
Piso,Rúa Campo de Puente,82688,3,108,Lugo,Galicia
Piso,Aduana,156000,4,142,Lugo,Galicia
Chalet,Sagrado Corazón,75000,1,62,Lugo,Galicia
Chalet,Campa da Braña s/n,280000,10,1500,Lugo,Galicia
Chalet,Outeiro de Rei,230000,6,243,Lugo,Galicia
Piso,Avenida de Lugo 46,123000,3,104,Lugo,Galicia
Duplex,Camino verde 62,135000,4,138,Lugo,Galicia
Piso,Calle das Fontes,48000,3,88,Lugo,Galicia
Piso,Calle Bolaño Rivadeneira s/n,270000,3,115,Lugo,Galicia
Piso,pascual veiga,83900,2,57,Lugo,Galicia
Piso,Rúa Plácido Peña,84550,3,109,Lugo,Galicia
Casa Rural,Lugar a Cabeceira,130000,5,188,Lugo,Galicia
Chalet,las Medas 10,180000,3,83,Lugo,Galicia
Piso,Rúa Plácido Peña,74100,3,99,Lugo,Galicia
Casa Rural,Rioaveso s/n,80000,4,5000,Lugo,Galicia
Piso,Rúa Campo de Puente,79135,3,102,Lugo,Galicia
Chalet,Calle Barrio del Casal 22,180000,4,125,Lugo,Galicia
Piso,rosalia de castro,95000,4,133,Lugo,Galicia
Piso,Calle Pascual Veiga 24,83900,2,52,Lugo,Galicia
Chalet,Carballedo,55000,3,500,Lugo,Galicia
Piso,Calle Nosa Señora do Carme,95000,3,113,Lugo,Galicia
Casa Rural,Lugar Santo Andre 8 D,320000,6,390,Lugo,Galicia
Chalet,Calle Doutor Casares,95000,8,132,Lugo,Galicia
Chalet,Lancara,128000,3,182,Lugo,Galicia
Chalet,Calle RIO SIL,399000,4,684,Lugo,Galicia
Casa Rural,Lugar Lavandeira 4,1100000,10,2000,Lugo,Galicia
Piso,Avenida da Mariña 58,105000,2,10,Lugo,Galicia
Casa Rural,Lugar Viloalle 9,90000,4,143,Lugo,Galicia
Casa Rural,moreda s/n,395000,7,71000,Lugo,Galicia
Ático,Calle Rego das Frores 4,120000,2,73,Lugo,Galicia
Chalet,Outeiro de Rei,285000,4,122,Lugo,Galicia
Piso,Avenida de A Coruña - Paradai,115000,3,82,Lugo,Galicia
Piso,Rúa Plácido Peña,82650,3,107,Lugo,Galicia
Duplex,Calle Flor de Malva,195000,4,147,Lugo,Galicia
Chalet,Campa da Braña s/n,280000,10,1500,Lugo,Galicia
Chalet,Orosa s/n,60000,3,85,Lugo,Galicia
Chalet,Sabarei s/n,55000,5,174,Lugo,Galicia
Chalet,Lugar Borreiros,270000,7,4500,Lugo,Galicia
Chalet,Avenida de Santiago 52,175000,1,200,Lugo,Galicia
Chalet,San Miguel de Reinante - Barreiros,160000,0,55,Lugo,Galicia
Ático,Antonio Pedrosa 63,80000,3,117,Lugo,Galicia
Chalet,Avenida de A Coruña - Paradai,59000,5,200,Lugo,Galicia
Chalet,Lugar Santa Eufemia 1,310000,5,161,Lugo,Galicia
Chalet,Bandelo s/n,257500,5,200,Lugo,Galicia
Casa Rural,Aldea Sanxés s/n,28000,0,29,Lugo,Galicia
Chalet,Avenida DO VAL 1,70000,4,120,Lugo,Galicia
Chalet,Calle Lourentín 10,130000,5,187,Lugo,Galicia
Casa Rural,Lugar a Casela 112,58000,10,2000,Lugo,Galicia
Chalet,CONCEPCION 3,130000,5,200,Lugo,Galicia
Casa Rural,Casas da Noite s/n,115000,4,800,Lugo,Galicia
Chalet,Lugar Foro,56700,3,115,Lugo,Galicia
Chalet,Seixon 4,165000,3,279,Lugo,Galicia
Casa Rural,Calle chanca 61,34000,2,124,Lugo,Galicia
Chalet,Camino A Triana 4 X,80000,3,90,Lugo,Galicia
Ático,Barrio San Lazaro,230000,3,82,Lugo,Galicia
Chalet,Cospeito s/n,65000,5,188,Lugo,Galicia
Chalet,San Pedro de Viana 4,39900,3,98,Lugo,Galicia
Casa Rural,Outeiriño 6,60000,0,220,Lugo,Galicia
Chalet,Lugar Pateira 10,55000,0,105,Lugo,Galicia
Piso,Camino General Reinante,60800,1,42,Lugo,Galicia
Chalet,O Mato s/n,155000,4,800,Lugo,Galicia
Chalet,Juan Montes 44,129500,4,132,Lugo,Galicia
Piso,Calle San Roque 11,170000,2,5,Lugo,Galicia
Chalet,Lugar Foro,58900,3,94,Lugo,Galicia
Piso,Calle Novo Cazón,62000,4,93,Lugo,Galicia
Piso,Avenida das Américas,93053,4,6,Lugo,Galicia
Chalet,Sagrado Corazón,120000,3,160,Lugo,Galicia
Casa Rural,LG RAMIL s/n,40000,1,32,Lugo,Galicia
Duplex,Calle Bispo Doutor Balanza,295000,3,118,Lugo,Galicia
Duplex,Calle Ramón Piñeiro s/n,160000,3,87,Lugo,Galicia
Chalet,candai,65000,0,1500,Lugo,Galicia
Piso,San Roque - As Fontiñas,93000,4,156,Lugo,Galicia
Estudio,Begonte,20000,0,90,Lugo,Galicia
Duplex,Calle Bispo Doutor Balanza,295000,3,111,Lugo,Galicia
Piso,Camino Depuradora,17613,1,130,Lugo,Galicia
Duplex,Calle Ramón Piñeiro s/n,160000,3,81,Lugo,Galicia
Piso,Calle do Teatro,190000,6,204,Lugo,Galicia
Piso,La Milagrosa,169000,3,106,Lugo,Galicia
Chalet,candai,65000,0,1500,Lugo,Galicia
Chalet,N-634 29,115000,6,2900,Lugo,Galicia
Duplex,Calle Castelao,170000,4,137,Lugo,Galicia
Chalet,Sagrado Corazón,120000,3,160,Lugo,Galicia
Chalet,Cospeito,150000,3,5000,Lugo,Galicia
Chalet,Parroquias Oeste,90000,2,2550,Lugo,Galicia
Piso,Ciudad de Vigo,120000,2,62,Lugo,Galicia
Casa Rural,Lugar O Alto de Lago s/n,42000,4,404,Lugo,Galicia
Casa Rural,general s/n,82000,0,320,Lugo,Galicia
Casa Rural,Calle da Cerca 26,58000,5,165,Lugo,Galicia
Piso,Recinto Amurallado,130000,4,150,Lugo,Galicia
Piso,Camino Viladaide-Cruce Anguie,115000,2,70,Lugo,Galicia
Piso,San Roque - As Fontiñas,93000,4,128,Lugo,Galicia
Chalet,San Julián deTor s/n,110000,4,8370,Lugo,Galicia
Chalet,Avenida Galicia s/n,47000,2,74,Lugo,Galicia
Piso,Calle San Eufrasio,178000,3,7,Lugo,Galicia
Estudio,Begonte,20000,0,90,Lugo,Galicia
Casa Rural,Trastulfe,60000,3,198,Lugo,Galicia
Piso,Calle dos Paxariños,123500,3,103,Lugo,Galicia
Chalet,Martul s/n,130000,4,200,Lugo,Galicia
Casa Rural,Sampaio 2,120000,5,165,Lugo,Galicia
Duplex,Calle Fiallega 2,275000,3,160,Lugo,Galicia
Chalet,Carretera de Trabada a Vilamar s/n,300000,8,88,Lugo,Galicia
Chalet,nois 48,250000,7,279,Lugo,Galicia
Piso,Calle Vicedo 7,140000,2,70,Lugo,Galicia
Casa Rural,A Casela 4,280000,4,400,Lugo,Galicia
Duplex,Ronda das Mercedes 48,195000,4,110,Lugo,Galicia
Chalet,Travesía Arias de Arbieto 14,90000,4,63,Lugo,Galicia
Duplex,Avenida Ollo do Mar 8,165000,3,117,Lugo,Galicia
Chalet,Cinxe 49,320000,8,325,Lugo,Galicia
Piso,Calle Rei Don García 60,114000,4,126,Lugo,Galicia
Casa Rural,Calle Andrés López Palmeiro 42,250000,8,332,Lugo,Galicia
Piso,Calle Buenos Aires 3,169000,3,42,Lugo,Galicia
Piso,Calle Urbanización el Palmeiro 1,99000,3,98,Lugo,Galicia
Casa Rural,Rosende - Santa María de Cuiña 3,53000,4,142,Lugo,Galicia
Piso,Calle Urbanización el Palmeiro 1,99000,3,98,Lugo,Galicia
Piso,Calle Rei Don García 60,114000,4,126,Lugo,Galicia
Casa Rural,LG VILAR OUSON - PQ CRUZUL 5,150000,6,63,Lugo,Galicia
Piso,Calle Xulia Minguillón,120000,3,120,Lugo,Galicia
Chalet,Trabada,120000,5,184,Lugo,Galicia
Casa Rural,N-634 30,110000,12,451,Lugo,Galicia
Casa Rural,Lugar O Covelo 3,285000,4,139,Lugo,Galicia
Piso,Plaza San Miguel,178000,2,68,Lugo,Galicia
Casa Rural,LU-P-1001 7,12000,4,70,Lugo,Galicia
Piso,Ronda das Fontiñas 194,110000,3,89,Lugo,Galicia
Casa Rural,Calle Moreira s/n,33900,4,127,Lugo,Galicia
Chalet,Calle da Esperanza 9,170000,3,60,Lugo,Galicia
Piso,Avenida de Viveiro 26,109000,3,91,Lugo,Galicia
Piso,Calle Nicolas Cora Montenegro 76,100000,4,121,Lugo,Galicia
Chalet,Calle Ramón Ferreiro s/n,98000,6,217,Lugo,Galicia
Duplex,Calle Monforte 10,350000,5,250,Lugo,Galicia
Chalet,LU-P-2901 s/n,78000,4,2061,Lugo,Galicia
Piso,Calle Buenos Aires 3,169000,3,42,Lugo,Galicia
Casa Rural,Penela 14,199000,4,120,Lugo,Galicia
Casa Rural,Lg Piñeiro-StaMªPiñeiro 5,255000,6,113,Lugo,Galicia
Piso,Carretera de la playa 4,75000,1,39,Lugo,Galicia
Casa Rural,Calle Andrés López Palmeiro 42,250000,8,312,Lugo,Galicia
Chalet,Avenida de Galicia 76,215000,6,545,Lugo,Galicia
Chalet,Lugar de Sabarei 40,110000,4,2000,Lugo,Galicia
Duplex,Avenida de Magoi 3,286000,4,133,Lugo,Galicia
Chalet,N-540 6,134000,3,97,Lugo,Galicia
Chalet,LU-P-1802 12,180000,6,119,Lugo,Galicia
Casa Rural,A Pena 2,65000,6,65,Lugo,Galicia
Duplex,Calle Fiallega 2,275000,3,160,Lugo,Galicia
Chalet,Calle Terra Chá 5,135000,15,409,Lugo,Galicia
Duplex,Calle cardenal rodrigo de castro 57,182000,4,170,Lugo,Galicia
Chalet,Unnamed Road s/n,25000,3,91,Lugo,Galicia
Chalet,Aceña Nueva s/n SN,390000,4,200,Lugo,Galicia
Piso,Calle Otero Pedrayo,159900,3,20,Lugo,Galicia
Chalet,Entrerios 6,68000,3,90,Lugo,Galicia
Casa Rural,Pantón 1,40000,3,2613,Lugo,Galicia
Casa Rural,O Acido 1,50000,5,550,Lugo,Galicia
Casa Rural,Vilaosende 6,1200000,12,700,Lugo,Galicia
Casa Rural,Vilamane 12,59900,3,256,Lugo,Galicia
Chalet,Puebla San Julian s/n,92000,3,120,Lugo,Galicia
Piso,Avenida de Viveiro 26,109000,3,91,Lugo,Galicia
Casa Rural,A Casela 4,280000,4,400,Lugo,Galicia
Piso,Calle Urbanización el Palmeiro 1,99000,3,98,Lugo,Galicia
Piso,Calle Rei Don García 60,114000,4,126,Lugo,Galicia
Casa Rural,N-642 3,150000,6,221,Lugo,Galicia
Piso,Calle Pintor Laxeiro 7,110000,2,69,Lugo,Galicia
Casa Rural,Serode s/n sn,269000,4,548,Lugo,Galicia
Casa Rural,N-634 30,110000,12,451,Lugo,Galicia
Piso,Plaza San Miguel,178000,2,79,Lugo,Galicia
Casa Rural,Lugar Curbian 28,145000,5,194,Lugo,Galicia
Chalet,Trabada,120000,5,184,Lugo,Galicia
Chalet,Viladonga s/n ACasela,120000,4,180,Lugo,Galicia
Casa Rural,Calle Andrés López Palmeiro 42,250000,8,399,Lugo,Galicia
Casa Rural,Calle real 1,60000,2,76,Lugo,Galicia
Piso,Camino Xeral 127,90000,11,200,Lugo,Galicia
Chalet,Souto-Teilan 29,124900,2,1180,Lugo,Galicia
Chalet,Vilar de Francos 1,110000,3,2540,Lugo,Galicia
Chalet,LU-P-2901 s/n,78000,4,2061,Lugo,Galicia
Chalet,Calle Pedraza 23,750000,6,180,Lugo,Galicia
Duplex,Calle cardenal rodrigo de castro 57,182000,4,170,Lugo,Galicia
Casa Rural,Lg Piñeiro-StaMªPiñeiro 5,255000,6,113,Lugo,Galicia
Casa Rural,LU-P-2007 8,71000,1,51,Lugo,Galicia
Casa Rural,Camino Porta De Xan 8 -9,345000,8,375,Lugo,Galicia
Chalet,LU-P-1802 12,180000,6,119,Lugo,Galicia
Chalet,Calle do Río Ouro 19,390000,6,224,Lugo,Galicia
Chalet,nois 48,250000,7,279,Lugo,Galicia
Casa Rural,Carretera Vnu 5,99000,0,8000,Lugo,Galicia
Chalet,Calle Burón 95,80000,3,81,Lugo,Galicia
Casa Rural,Camino Aquel Cabo 1,569000,5,90,Lugo,Galicia
Casa Rural,LUGAR LAGOA -PARROQUIA CICILLÓN 6,98000,5,381,Lugo,Galicia
Chalet,Unnamed Road s/n,25000,3,96,Lugo,Galicia
Casa Rural,Cellan de Mosteiro s/n,130000,4,400,Lugo,Galicia
Chalet,Guitiriz,36000,3,2988,Lugo,Galicia
Casa Rural,Lamas 4,230000,3,3500,Lugo,Galicia
Duplex,Calle Monforte 10,350000,5,250,Lugo,Galicia
Piso,Residencia - Abella,146300,4,142,Lugo,Galicia
Chalet,Cinxe 49,320000,8,325,Lugo,Galicia
Piso,Calle Otero Pedrayo,159900,3,20,Lugo,Galicia
Chalet,Avenida Arcadio Pardiñas 173,600000,7,616,Lugo,Galicia
Chalet,Calle Ramón Ferreiro s/n,98000,6,205,Lugo,Galicia
Piso,Camino Ameixoa 11,130000,3,200,Lugo,Galicia
Chalet,Vilapoupre s/n,275000,3,132,Lugo,Galicia
Chalet,Camino Pirixel 15,325000,5,198,Lugo,Galicia
Chalet,Avenida Arcadio Pardiñas 173,600000,7,616,Lugo,Galicia
Casa Rural,Pantón 1,40000,3,2613,Lugo,Galicia
Chalet,Calle Rosalía de Castro 19,250000,5,170,Lugo,Galicia
Chalet,Aldea Penarrubia s/n,48000,2,60,Lugo,Galicia
Chalet,Sagrado Corazón,40000,1,30,Lugo,Galicia
Piso,Calle Rei Don García 60,114000,4,126,Lugo,Galicia
Piso,Calle Illas Cíes,117000,2,69,Lugo,Galicia
Piso,Calle Buenos Aires 3,169000,3,42,Lugo,Galicia
Chalet,Carretera de Trabada a Vilamar s/n,300000,8,88,Lugo,Galicia
Piso,Calle Vicedo 7,140000,2,66,Lugo,Galicia
Chalet,LU-P-0603 10,180000,3,88,Lugo,Galicia
Casa Rural,Serode s/n sn,269000,4,548,Lugo,Galicia
Piso,Avenida Ramón Canosa 30,186000,2,60,Lugo,Galicia
Casa Rural,Camino do cementerio 1,38000,2,78,Lugo,Galicia
Duplex,Avenida de Magoi 3,286000,4,131,Lugo,Galicia
Chalet,80 metros cuadrados Totalidad: 89,"97 metros cuadrados""",1,55,Lugo,Galicia
Piso,Calle Nicolas Cora Montenegro 76,100000,4,154,Lugo,Galicia
Piso,Fontiñas,120000,3,104,Lugo,Galicia
Piso,San Roque - As Fontiñas,142400,3,111,Lugo,Galicia
Casa Rural,Lg Piñeiro-StaMªPiñeiro 5,255000,6,113,Lugo,Galicia
Chalet,Entrerios 6,68000,3,90,Lugo,Galicia
Casa Rural,Lugar O Portal 3,70000,6,750,Lugo,Galicia
Casa Rural,Carretera Vnu 5,99000,0,8000,Lugo,Galicia
Casa Rural,Calle Lope de Vega 6,115000,5,170,Lugo,Galicia
Chalet,pobra do brollon 10,119000,5,300,Lugo,Galicia
Chalet,Recinto Amurallado,150000,4,97,Lugo,Galicia
Casa Rural,N-642 3,150000,6,239,Lugo,Galicia
Chalet,Cinxe 49,320000,8,325,Lugo,Galicia
Casa Rural,Calle Amando Pérez 22,380000,5,70,Lugo,Galicia
Piso,Camino Xeral 127,90000,11,200,Lugo,Galicia
Piso,Avenida Breogán 160,110000,2,64,Lugo,Galicia
Chalet,As Eiras 15,400000,8,18500,Lugo,Galicia
Casa Rural,Lugar Muiña 16,70000,4,120,Lugo,Galicia
Chalet,Lugar Rochela Esteiro 21,312000,4,850,Lugo,Galicia
Chalet,Calle Espasantes 1,114000,5,161,Lugo,Galicia
Piso,Calle Rego das Frores 3,90000,2,78,Lugo,Galicia
Chalet,Monterroso,80000,0,4340,Lugo,Galicia
Chalet,As Eiras 15,400000,8,18500,Lugo,Galicia
Casa Rural,Lugar Serantes 4 D,115000,4,2660,Lugo,Galicia
Chalet,Figueiras 14,39000,2,67,Lugo,Galicia
Chalet,Calle do Instituto s/n Sn,400000,5,190,Lugo,Galicia
Casa Rural,Villalba,89000,4,128,Lugo,Galicia
Casa Rural,Alto DE CHAVAGA 1 N,30000,3,118,Lugo,Galicia
Casa Rural,Lugar Muiña 16,70000,4,132,Lugo,Galicia
Ático,Camino Arealonga 1,120000,2,90,Lugo,Galicia
Casa Rural,Calle Lavandeiras 30,250000,4,125,Lugo,Galicia
Casa Rural,Camino Ferreira Cangas 20,110000,5,270,Lugo,Galicia
Casa Rural,Vilaxuxa s/n,9000,2,58,Lugo,Galicia
Piso,Plaza do Conselleiro Fernando Salgado 30,67000,2,67,Lugo,Galicia
Casa Rural,A Pontenova,80000,4,267,Lugo,Galicia
Chalet,Calle villamartin grande s/n,350000,7,485,Lugo,Galicia
Duplex,Pravia 42,98000,3,91,Lugo,Galicia
Chalet,Avenida Adolfo Suárez,59000,3,2000,Lugo,Galicia
Piso,Calle Grande 79,90000,2,60,Lugo,Galicia
Casa Rural,Pinel s/n sn,100000,6,964,Lugo,Galicia
Piso,Calle Aduana 21,156000,4,125,Lugo,Galicia
Chalet,Calle dos Matos 2,400000,5,176,Lugo,Galicia
Chalet,Lugar Santa Cristina 5,69900,4,126,Lugo,Galicia
Casa Rural,Santa Maria de Chavin 1,180000,3,10,Lugo,Galicia
Piso,Avenida Arcadio Pardiñas,89000,4,120,Lugo,Galicia
Piso,Avenida de A Coruña,135000,2,73,Lugo,Galicia
Ático,Calle Roberto Baamonde 129,99500,2,16,Lugo,Galicia
Piso,Calle Montirón,199000,4,145,Lugo,Galicia
Chalet,seteventos s/n,165000,3,105,Lugo,Galicia
Chalet,Friol,155000,6,207,Lugo,Galicia
Piso,Camino de Barranca 18,80000,2,61,Lugo,Galicia
Piso,Calle Rego das Frores 3,90000,2,60,Lugo,Galicia
Casa Rural,Tosende 2,197000,5,265,Lugo,Galicia
Casa Rural,Panton,99000,4,86,Lugo,Galicia
Chalet,Calle Espasantes 1,114000,5,183,Lugo,Galicia
Piso,Avenida Álvaro Cunqueiro 19,160000,4,121,Lugo,Galicia
Duplex,Calle Congostra 22,199000,3,96,Lugo,Galicia
Piso,Avenida Breogán 160,110000,2,64,Lugo,Galicia
Piso,Rúa Plácido Peña,69000,3,113,Lugo,Galicia
Piso,Calle da Lamestra 24,148000,3,114,Lugo,Galicia
Piso,Villalba,74000,2,62,Lugo,Galicia
Chalet,Monterroso,49000,4,135,Lugo,Galicia
Chalet,Antas de Ulla,39000,4,994,Lugo,Galicia
Piso,Calle Rego das Frores 3,90000,2,76,Lugo,Galicia
Chalet,Calle dos Matos 2,400000,5,176,Lugo,Galicia
Chalet,martul,130000,4,2243,Lugo,Galicia
Estudio,Ronda do Carme 84,192000,0,7,Lugo,Galicia
Chalet,Monterroso,42000,0,46,Lugo,Galicia
Chalet,tosende 8,35000,3,80,Lugo,Galicia
Piso,Rúa Plácido Peña,67450,3,81,Lugo,Galicia
Piso,Calle Nicomedes Pastor Díaz,209000,4,142,Lugo,Galicia
Chalet,Monterroso,196500,4,156,Lugo,Galicia
Casa Rural,Casteda s/n Sn,260000,3,91,Lugo,Galicia
Chalet,Calle Rebordelo 16 Rebordelo,160000,3,1616,Lugo,Galicia
Piso,Calle Montirón,199000,4,126,Lugo,Galicia
Chalet,Calle da Capela 6,309000,3,100,Lugo,Galicia
Casa Rural,Arco Lugar O 3 D,97499,4,126,Lugo,Galicia
Piso,Avenida Arcadio Pardiñas 130,120000,5,179,Lugo,Galicia
Piso,Plaza do Conselleiro Fernando Salgado 30,67000,2,67,Lugo,Galicia
Chalet,Lugar Santa Cristina 5,69900,4,137,Lugo,Galicia
Piso,Calle Corporaciones Municipales,115000,2,74,Lugo,Galicia
Piso,Avenida Álvaro Cunqueiro 19,160000,4,153,Lugo,Galicia
Chalet,Caspedro 3,70000,3,400,Lugo,Galicia
Ático,Camino Arealonga 1,120000,2,90,Lugo,Galicia
Casa Rural,Lugar Serantes 4 D,115000,4,2660,Lugo,Galicia
Chalet,o pacio,50000,3,3000,Lugo,Galicia
Piso,Calle Grande 79,90000,2,79,Lugo,Galicia
Piso,Calle Chantada,240000,3,101,Lugo,Galicia
Chalet,Monterroso,80000,0,4340,Lugo,Galicia
Casa Rural,Antas de Ulla,148700,4,144,Lugo,Galicia
Chalet,As Eiras 15,400000,8,18500,Lugo,Galicia
Chalet,Taboada,41000,0,50,Lugo,Galicia
Chalet,Figueiras 14,39000,2,66,Lugo,Galicia
Casa Rural,Lugar Segan Arriba s/n Pieiro,38000,10,591,Lugo,Galicia
Piso,Calle Corporacións Municipais 62,69000,1,3,Lugo,Galicia
Chalet,Calle Salmón s/n,68000,9,479,Lugo,Galicia
Piso,Plácido Peña,69000,3,102,Lugo,Galicia
Chalet,Via Láctea 38,180000,4,138,Lugo,Galicia
Piso,CASIANO MORENO 35,130000,2,64,Lugo,Galicia
Casa Rural,Muras,69000,4,149,Lugo,Galicia
Casa Rural,A Pontenova,48000,3,74,Lugo,Galicia
Piso,Residencia - Abella,130000,2,75,Lugo,Galicia
