C. Autonoma,Provincia,Tipo de inmueble,Direccion,m2,Habitaciones,Precio
Aragon,Teruel,Piso,Calle de la Parra 2,163.0,5,190000
Aragon,Teruel,Chalet,Urbanization Aguanaces,5.0,4,375000
Aragon,Teruel,Casa Rural,Mirambel,541.0,6,375000
Aragon,Teruel,Piso,Avenida de America 7,151.0,4,175000
Aragon,Teruel,Chalet,poligono 12 109,115.0,3,69000
Aragon,Teruel,Chalet,Calle Reja s/n,104.0,3,148000
Aragon,Teruel,Chalet,Calle Ferrando 18,173.0,5,59000
Aragon,Teruel,Chalet,Calle San Jose 13,73.0,2,118000
Aragon,Teruel,Chalet,Calle Parra 14,361.0,8,145000
Aragon,Teruel,Piso,Calle Albalate,182.0,5,135000
Aragon,Teruel,Chalet,Calle San Jose 12,152.0,4,39000
Aragon,Teruel,Piso,Calle Vallado,40.0,3,75000
Aragon,Teruel,Chalet,Calle la Iglesia,120.0,3,85000
Aragon,Teruel,Piso,Carretera Andorra 1,129.0,4,110000
Aragon,Teruel,Piso,Calle Ramon y Cajal 17,47.0,1,155000
Aragon,Teruel,Casa Rural,Samper de Calanda,169.0,5,370000
Aragon,Teruel,Casa Rural,Calle San Ramon,30.0,3,35000
Aragon,Teruel,Piso,Calle Tomas Nougues 1,265.0,4,135000
Aragon,Teruel,Piso,Calle Tomas Nougues 1,265.0,4,155000
Aragon,Teruel,Piso,Avenida America,155.0,4,220000
Aragon,Teruel,Atico,Calle Nueva 4,48.0,1,139000
Aragon,Teruel,Piso,Albarracin 5,94.0,3,110000
Aragon,Teruel,Duplex,Calle Ramon y Cajal 17,15.0,4,265000
Aragon,Teruel,Chalet,Calle Arrabal,119.0,3,59807
Aragon,Teruel,Duplex,Calle Iglesia,100.0,3,99000
Aragon,Teruel,Chalet,Camino San Miguel 5,95.0,4,194000
Aragon,Teruel,Casa Rural,Calle Fuenhonda,383.0,3,130000
Aragon,Teruel,Piso,Calle Doctor Gomez Ferrer,100.0,3,123000
Aragon,Teruel,Casa Rural,Castellote,695.0,16,275000
Aragon,Teruel,Piso,Valdelinares,10.0,1,70000
Aragon,Teruel,Chalet,Calle Alta,300.0,6,55000
Aragon,Teruel,Chalet,Calle Sepulcro,145.0,4,110000
Aragon,Teruel,Chalet,Cucalon,130.0,4,45000
Aragon,Teruel,Chalet,calvo sotelo s/n,223.0,5,145000
Aragon,Teruel,Piso,San Agustin,60.0,3,85000
Aragon,Teruel,Chalet,Poligono 37 parcela 12,100.0,7,850000
Aragon,Teruel,Chalet,Hijar,428.0,9,362500
Aragon,Teruel,Casa Rural,Beceite,346.0,1,450000
Aragon,Teruel,Atico,Avenida VALENCIA 22,53.0,1,85000
Aragon,Teruel,Casa Rural,Albentosa,25.0,4,35000
Aragon,Teruel,Casa Rural,Monterde de Albarracin,10.0,3,98000
Aragon,Teruel,Piso,San Leon - El Carmen,18.0,3,89000
Aragon,Teruel,Casa Rural,San Agustin,80.0,2,67500
Aragon,Teruel,Piso,Centro,126.0,4,155000
Aragon,Teruel,Chalet,CRTA. CASTRALVO s/n SN,509.0,8,695000
Aragon,Teruel,Casa Rural,La Puebla de Valverde,247.0,6,50000
Aragon,Teruel,Piso,Avenida de Sagunto,98.0,3,245000
Aragon,Teruel,Chalet,Nogueruelas,800.0,7,980000
Aragon,Teruel,Chalet,Calle Rociadero,282.0,4,12000
Aragon,Teruel,Piso,Calle Canadizos,70.0,2,79000
Aragon,Teruel,Piso,Carrel - San Julian - Arrabal,86.0,3,166000
Aragon,Teruel,Piso,Calle Iglesia,76.0,2,53000
Aragon,Teruel,Casa Rural,Virgen del Pilar 1 nmero,356.0,9,142439
Aragon,Teruel,Casa Rural,Mora de Rubielos,130000.0,6,1400000
Aragon,Teruel,Piso,Calle Arrabal 1,44.0,1,83000
Aragon,Teruel,Piso,Meson de Jativa 15,68.0,2,41100
Aragon,Teruel,Piso,Calle Arrabal s/n na,40.0,1,59000
Aragon,Teruel,Chalet,Calle Talega,144.0,4,36000
Aragon,Teruel,Duplex,Albalate,123.0,5,135000
Aragon,Teruel,Piso,Carretera Alcaniz 6,187.0,5,185000
Aragon,Teruel,Piso,Barrio el Molino 24 H,93.0,3,150000
Aragon,Teruel,Piso,Avenida Sanz Gadea,125.0,5,140000
Aragon,Teruel,Chalet,Valjunquera,231.0,4,99000
Aragon,Teruel,Chalet,La Fresneda,517.0,5,350000
Aragon,Teruel,Casa Rural,Fornoles,4.4,5,200000
Aragon,Teruel,Chalet,Lledo,528.0,1,65000
Aragon,Teruel,Chalet,La Portellada,668.0,6,690000
Aragon,Teruel,Chalet,Penarroya de Tastavins,430.0,6,135000
Aragon,Teruel,Piso,Portillo s/n,82.0,3,135000
Aragon,Teruel,Piso,Calle Chantria,118.0,3,207000
Aragon,Teruel,Piso,Eras del Canton,108.0,3,78000
Aragon,Teruel,Piso,Calle de Fuentebuena,99.0,3,115000
Aragon,Teruel,Chalet,Calaceite,480.0,6,280000
Aragon,Teruel,Chalet,Valderrobres,494.0,8,135000
Aragon,Teruel,Chalet,Olba,94.0,3,140000
Aragon,Teruel,Casa Rural,Calle Calvo Sotelo 39,232.0,6,200000
Aragon,Teruel,Chalet,Arens de Lledo,38.0,4,300000
Aragon,Teruel,Chalet,Cretas,264.0,4,299000
Aragon,Teruel,Chalet,Valjunquera,333.0,6,157500
Aragon,Teruel,Chalet,Beceite,941.0,7,650000
Aragon,Teruel,Chalet,Valderrobres,343.0,8,130000
Aragon,Teruel,Duplex,Ensanche - Fuenfresca,156.0,4,310000
Aragon,Teruel,Piso,Calle mayor,121.0,4,45000
Aragon,Teruel,Casa Rural,Calle Zaragoza 28,20.0,4,50000
Aragon,Teruel,Piso,San Francisco,72.0,2,105000
Aragon,Teruel,Chalet,Calle Neveria,350.0,6,370000
Aragon,Teruel,Chalet,Jarque de la Val,293.0,6,80000
Aragon,Teruel,Chalet,Celadas,546.0,17,250000
Aragon,Teruel,Chalet,San Leon - El Carmen,89.0,3,160000
Aragon,Teruel,Chalet,Belmonte de San Jose,279.0,4,18000
Aragon,Teruel,Duplex,Acceso Urb Vega de la Selva  9,94.0,2,139000
Aragon,Teruel,Piso,Acceso Urb Vega de la Selva  9,58.0,2,149000
Aragon,Teruel,Duplex,Acceso Urb Vega de la Selva  9,94.0,1,129500
Aragon,Teruel,Duplex,Acceso Urb Vega de la Selva  9,90.0,2,149000
Aragon,Teruel,Piso,Acceso Urb Vega de la Selva  9,52.0,2,145000
Aragon,Teruel,Chalet,Caminreal,100.0,7,120000
Aragon,Teruel,Chalet,Alcala de la Selva,4.0,5,900000
Aragon,Teruel,Duplex,Valderrobres,175.0,4,100000
Aragon,Teruel,Chalet,Calle Mayor,149.0,4,56737
Aragon,Teruel,Piso,Calle Rubio 2,81.0,2,79000
Aragon,Teruel,Piso,Calle Castillo Bajo,80.0,2,90000
Aragon,Teruel,Chalet,Calle Vicente Pascual y Esteban s/n,146.0,4,430900
Aragon,Teruel,Chalet,Calle Vicente Pascual y Esteban s/n,129.0,4,429900
Aragon,Teruel,Chalet,Camino Mas de la Poma s/n,51.0,1,60000
Aragon,Teruel,Casa Rural,Calle Josefa Villanueva 2,152.0,3,144000
Aragon,Teruel,Piso,Calle San Francisco,88.0,3,115000
Aragon,Teruel,Duplex,SAN MIGUEL 7,61.0,2,149000
Aragon,Teruel,Piso,Calle Vicente Pascual y Esteban s/n,142.0,4,299895
Aragon,Teruel,Casa Rural,Plaza DE LA IGLESIA 6,286.0,7,30000
Aragon,Teruel,Piso,Calle Vicente Pascual y Esteban s/n,170.0,5,399000
Aragon,Teruel,Duplex,Calle Vicente Pascual y Esteban s/n,190.0,5,399000
Aragon,Teruel,Piso,Calle Vicente Pascual y Esteban s/n,144.0,4,319875
Aragon,Teruel,Piso,Calle Vicente Pascual y Esteban s/n,125.0,4,318400
Aragon,Teruel,Duplex,Avenida Ruiz Jarabo,248.0,6,680000
Aragon,Teruel,Piso,Calle Vicente Pascual y Esteban s/n,101.0,3,260800
Aragon,Teruel,Chalet,Jaime I,445.0,9,250000
Aragon,Teruel,Casa Rural,Descanso 4,10.0,4,39000
Aragon,Teruel,Casa Rural,Calle Pendiente 1,25.0,4,99000
Aragon,Teruel,Chalet,Calle Castillo Bajo,107.0,3,195000
Aragon,Teruel,Chalet,real 22,481.0,4,58000
Aragon,Teruel,Piso,Plaza Carlos Castel 7,138.0,4,240000
Aragon,Teruel,Chalet,Canton Plano Bajo,124.0,4,274900
Aragon,Teruel,Piso,Calle Fuente de la Sarga,89.0,3,105000
Aragon,Teruel,Casa Rural,Barrio Aliagarico,131.0,4,98000
Aragon,Teruel,Casa Rural,Calle cuatro esquinas,111.0,5,99500
Aragon,Teruel,Piso,Avenida Galan Bergua,122.0,4,53000
Aragon,Teruel,Piso,Baron de la Linde 3,65.0,3,89000
Aragon,Teruel,Piso,Centro,87.0,3,150000
Aragon,Teruel,Casa Rural,Calle Obispo Sanchez,387.0,4,175000
Aragon,Teruel,Piso,Calle San Francisco,80.0,2,73000
Aragon,Teruel,Casa Rural,Calle Mayor,140.0,4,53000
Aragon,Teruel,Piso,Arrenal 101,115.0,3,125000
Aragon,Teruel,Chalet,Calaceite,162.0,2,115000
Aragon,Teruel,Piso,Calle Mazaleon 10,123.0,4,259000
Aragon,Teruel,Piso,Calle Mazaleon 10,75.0,2,139000
Aragon,Teruel,Chalet,Calle Bernardo Zapater 4,408.0,8,130000
Aragon,Teruel,Piso,Calle Mazaleon 10,62.0,2,137000
Aragon,Teruel,Duplex,Calle Mazaleon 10,84.0,3,257000
Aragon,Teruel,Piso,Calle Mazaleon 10,61.0,2,138000
Aragon,Teruel,Piso,Calle Mazaleon 10,159.0,4,249000
Aragon,Teruel,Atico,Doctor Lopez 109,108.0,2,70000
Aragon,Teruel,Chalet,Calle de la Infanzonia,47.0,1,30875
Aragon,Teruel,Piso,Avenida Albalate,79.0,2,59400
Aragon,Teruel,Casa Rural,Iglesia 8,169.0,5,145000
Aragon,Teruel,Casa Rural,Calle San Juan 4,357.0,8,76500
Aragon,Teruel,Piso,hijar paseo san francisco,109.0,3,60000
Aragon,Teruel,Piso,ERAS CANTON 8,110.0,3,95000
Aragon,Teruel,Casa Rural,978140185,550.0,95000,0
Aragon,Teruel,Chalet,Calle Carretera,256.0,2,4000
Aragon,Teruel,Casa Rural,Calle la Fuente 19,349.0,8,60000
Aragon,Teruel,Piso,Carretera Alcaniz 30,128.0,4,134000
Aragon,Teruel,Piso,Carretera a Albarracin 17,68.0,2,90000
Aragon,Teruel,Casa Rural,Calle Iglesia 29,100.0,4,10500
Aragon,Teruel,Chalet,Calle Santa Lucia 11,179.0,5,45000
Aragon,Teruel,Casa Rural,Libros,190.0,5,60000
Aragon,Teruel,Casa Rural,alfonso toran 2,340.0,11,120000
Aragon,Teruel,Casa Rural,Calle tras Iglesia 8,80.0,2,50000
Aragon,Teruel,Piso,Centro,39.0,3,450000
Aragon,Teruel,Chalet,Plaza mayor s/n,560.0,17,275000
Aragon,Teruel,Chalet,Barrios perifericos,156.0,4,142000
Aragon,Teruel,Casa Rural,Calle las Parras 12,531.0,14,120000
Aragon,Teruel,Chalet,Barrios perifericos,135.0,4,142000
Aragon,Teruel,Chalet,Barrios perifericos,149.0,4,124000
Aragon,Teruel,Chalet,Diseminado Diseminados,175.0,5,79000
Aragon,Teruel,Chalet,Molino 26,122.0,4,300000
Aragon,Teruel,Piso,Avenida Valencia,80.0,2,89000
Aragon,Teruel,Chalet,Calle Hilador,172.0,5,130000
Aragon,Teruel,Piso,Calle San Cristobal 63 -69,88.0,3,126000
Aragon,Teruel,Piso,Calle Temprado 10,9.0,3,120000
Aragon,Teruel,Chalet,Pocetas 12,299.0,1,125000
Aragon,Teruel,Casa Rural,Calle mayor s/n,30.0,3,34990
Aragon,Teruel,Chalet,Alto CASTILLO 6,203.0,6,190000
Aragon,Teruel,Casa Rural,Plaza Iglesia 7,844.0,7,250000
Aragon,Teruel,Piso,rubio,62.0,2,80000
Aragon,Teruel,Casa Rural,san bernardo 11,90.0,3,36000
Aragon,Teruel,Chalet,Barrio Virgen de la Vega 89,121.0,4,625000
Aragon,Teruel,Casa Rural,Cuatro Esquinas 9,256.0,6,69000
Aragon,Teruel,Duplex,Calle Arrenal,99.0,3,139000
Aragon,Teruel,Casa Rural,Arrabal 29,86.0,3,120000
Aragon,Teruel,Casa Rural,Calle Herreria 6,68.0,2,169000
Aragon,Teruel,Casa Rural,Moreria 9,62.0,3,39000
Aragon,Teruel,Atico,Pasaje Cra Mora-Rio Alcala 60,70.0,2,130000
Aragon,Teruel,Piso,Paseo Fernando el Catolico 2,95.0,3,125000
Aragon,Teruel,Piso,Plaza Trucharte 1,83.0,2,85000
Aragon,Teruel,Piso,Miguel de Cervantes 7,157.0,4,198000
Aragon,Teruel,Chalet,TERUEL s/n,64.0,2,128000
Aragon,Teruel,Chalet,Calle Carcel 4,73.0,2,25000
Aragon,Teruel,Piso,Avenida Bartolome Esteban,120.0,3,155000
Aragon,Teruel,Casa Rural,Calle Penas 13,68.0,2,135000
Aragon,Teruel,Piso,Huesca 3,106.0,3,105000
Aragon,Teruel,Duplex,San Jose 69,159.0,4,105800
Aragon,Teruel,Chalet,SOL Y NIEVE 30,173.0,5,298000
Aragon,Teruel,Chalet,Valderrobres,150.0,3,39000
Aragon,Teruel,Chalet,Calle Alforja 30,334.0,8,185000
Aragon,Teruel,Chalet,Medio 7,153.0,4,160000
Aragon,Teruel,Casa Rural,Calle maella 31,167.0,5,250000
Aragon,Teruel,Atico,La Fontana 1,113.0,3,110000
Aragon,Teruel,Casa Rural,mayor 2,274.0,7,175000
Aragon,Teruel,Chalet,Calle Fuente Moreno 29,199.0,5,165000
Aragon,Teruel,Casa Rural,Calle la Virgen 8,143.0,4,78000
Aragon,Teruel,Casa Rural,Avenida San Miguel 22,52.0,4,125000
Aragon,Teruel,Duplex,urbanizacion vega de la selva 1 4,94.0,2,145000
Aragon,Teruel,Piso,Avenida Zaragoza 22,20.0,2,99000
Aragon,Teruel,Casa Rural,Calle Herreria 6,60.0,2,169000
Aragon,Teruel,Duplex,Avenida Corona de Aragon 2,145.0,4,145000
Aragon,Teruel,Piso,Huesca 3,84.0,3,105000
Aragon,Teruel,Casa Rural,Mas de L'Ombreta 1,601.0,9,725000
Aragon,Teruel,Chalet,Calle Fuente Moreno 29,168.0,5,165000
Aragon,Teruel,Casa Rural,Calle Barrio la Canadilla 25,585.0,14,44000
Aragon,Teruel,Duplex,Calle Arrenal,80.0,3,139000
Aragon,Teruel,Chalet,Calle Carcel 4,63.0,2,25000
Aragon,Teruel,Chalet,Barrio la Escaleruela s/n,146.0,4,285000
Aragon,Teruel,Casa Rural,Carretera Estacion 16,239.0,6,198000
Aragon,Teruel,Casa Rural,Calle Baja 13,502.0,0,87500
Aragon,Teruel,Casa Rural,Calle Santa Rosa 6,600.0,10,19000
Aragon,Teruel,Chalet,Valderrobres,150.0,3,39000
Aragon,Teruel,Chalet,LLano del Arrabal 7,230.0,8,350000
Aragon,Teruel,Piso,Calle Jaca,157.0,4,225000
Aragon,Teruel,Chalet,Camino Cerrito Mas de Peiron 2,92.0,3,259000
Aragon,Teruel,Casa Rural,Plaza Primo Rivera 5,291.0,7,120000
Aragon,Teruel,Casa Rural,Calle Barranco,228.0,6,75000
Aragon,Teruel,Casa Rural,Plaza Mayor 19,135.0,3,95000
Aragon,Teruel,Duplex,La Iglesia 2,100.0,3,79000
Aragon,Teruel,Duplex,Calle Palomera,122.0,4,129000
Aragon,Teruel,Chalet,Calle Baja 21,401.0,9,330000
Aragon,Teruel,Casa Rural,ROGERIO SANCHEZ 14,289.0,7,350000
Aragon,Teruel,Duplex,Avenida Maestrazgo 3,145.0,4,170000
Aragon,Teruel,Piso,San Martin 9,132.0,4,165000
Aragon,Teruel,Chalet,Calle de Sansebastian,182.0,5,99000
Aragon,Teruel,Chalet,Sol s/n,92.0,3,65000
Aragon,Teruel,Piso,Mayor 6,30.0,3,55000
Aragon,Teruel,Piso,Plaza Ampliacion Aligarico,87.0,3,112000
Aragon,Teruel,Casa Rural,Carretera Mora-Rubielos,728.916,3,455000
Aragon,Teruel,Casa Rural,Camino albarracin s/n,55.0,1,14000
Aragon,Teruel,Chalet,CARRETERA 20,20.0,0,15000
Aragon,Teruel,Chalet,Arrabal San Pascual 12 -16,114.0,10,139000
Aragon,Teruel,Casa Rural,Azaila,1200.0,6,29900
Aragon,Teruel,Chalet,Avenida 9 de marzo 3,163.0,5,80000
Aragon,Teruel,Chalet,cerraja s/n,4.5,4,99000
Aragon,Teruel,Chalet,Calle Mayor 11,218.0,6,220000
Aragon,Teruel,Chalet,cerraja s/n,4.5,4,99000
Aragon,Teruel,Chalet,La Fuente s/n,200.0,4,165000
Aragon,Teruel,Chalet,Cuesta Rama 1,123.0,3,45000
Aragon,Teruel,Chalet,alta s/n,88.0,3,44000
Aragon,Teruel,Chalet,Alfambra,87.0,3,84000
Aragon,Teruel,Casa Rural,Antillon,88.0,3,32000
Aragon,Teruel,Casa Rural,San Roque 28,115.0,3,49500
Aragon,Teruel,Casa Rural,Castillo 27,248.0,6,38000
Aragon,Teruel,Casa Rural,Iglesia 35,258.0,5,9000
Aragon,Teruel,Chalet,Calle Sanchez de Motos 78,159.0,4,105000
Aragon,Teruel,Chalet,Calle Mayor 11,244.0,6,220000
Aragon,Teruel,Chalet,Carretera San Blas 3,30.0,4,240000
Aragon,Teruel,Piso,Calle correos 8,86.0,3,60000
Aragon,Teruel,Duplex,Calle Santa Teresa,75.0,2,122000
Aragon,Teruel,Chalet,Calle Polideportivo,28.0,4,149000
Aragon,Teruel,Chalet,Calle deposito 6 -10,860.0,10,440000
Aragon,Teruel,Casa Rural,Alto barrio 26,159.0,4,39000
Aragon,Teruel,Chalet,Diseminado Diseminados 49,184.0,3,139500
Aragon,Teruel,Duplex,Avenida Albalate 11,192.0,5,135000
Aragon,Teruel,Chalet,generalisimo 8,300.0,16,275000
Aragon,Teruel,Chalet,San Jaime,148.0,4,53000
Aragon,Teruel,Chalet,Calle Mayor,400.0,11,240000
Aragon,Teruel,Casa Rural,fronton 9,84.0,3,49000
Aragon,Teruel,Casa Rural,Valjunquera,30.0,2,15000
Aragon,Teruel,Casa Rural,Calle Armeria,72.0,2,84500
Aragon,Teruel,Duplex,Urbanizacion Solano de la Vega,26.0,3,119000
Aragon,Teruel,Casa Rural,Barrio Calvo Sotelo,88.0,5,145000
Aragon,Teruel,Chalet,Calle baja 3,114.0,3,23000
Aragon,Teruel,Chalet,Ronda Castelseras,153.0,3,300000
Aragon,Teruel,Casa Rural,Calle Mayor,107.0,3,149000
Aragon,Teruel,Casa Rural,Fornoles,135.0,1,13500
Aragon,Teruel,Casa Rural,Camino Cerraja,93.0,6,85000
Aragon,Teruel,Chalet,Calle Horno,300.0,4,310000
Aragon,Teruel,Casa Rural,san jose 27,430.0,7,245000
Aragon,Teruel,Chalet,Mazaleon,138.0,1,50000
Aragon,Teruel,Casa Rural,Las Parras,267.0,14,120000
Aragon,Teruel,Casa Rural,Calle Canal,230.0,6,980000
Aragon,Teruel,Duplex,Santa Ana,100.0,4,149000
Aragon,Teruel,Chalet,Penarroya de Tastavins,159.0,4,15000
Aragon,Teruel,Chalet,Beceite,156.0,4,90000
Aragon,Teruel,Piso,Medio,81.0,3,113000
Aragon,Teruel,Piso,San Roque,106.0,3,98000
Aragon,Teruel,Chalet,Penarroya de Tastavins,159.0,4,15000
Aragon,Teruel,Casa Rural,Calle Belen,130.0,4,28000
Aragon,Teruel,Duplex,Santa Ana,100.0,4,149000
Aragon,Teruel,Chalet,Beceite,139.0,4,90000
Aragon,Teruel,Chalet,Calle Leocadio Brun,137.0,4,385000
Aragon,Teruel,Duplex,Urbanizacion Vega de la Selva,88.0,2,128000
Aragon,Teruel,Piso,San Leon - El Carmen,111.0,3,139000
Aragon,Teruel,Casa Rural,Mayor,134.0,4,65000
Aragon,Teruel,Casa Rural,Torres,189.0,5,48000
Aragon,Teruel,Casa Rural,Calle la Fuente 18,50.0,5,55000
Aragon,Teruel,Casa Rural,Villel,1.15,4,59000
Aragon,Teruel,Piso,Centro,195.0,7,210000
Aragon,Teruel,Chalet,Costera,107.0,3,29000
Aragon,Teruel,Casa Rural,Puertos 1,71.0,0,180000
Aragon,Teruel,Piso,Calle Baja,91.0,3,13000
Aragon,Teruel,Piso,ERAS CANTON 8,30.0,3,89000
Aragon,Teruel,Piso,Calle Antonio Mingote  13,82.0,3,236000
Aragon,Teruel,Chalet,Valbona,92.0,3,118181
Aragon,Teruel,Piso,Calle Antonio Mingote  13,61.0,2,176000
Aragon,Teruel,Casa Rural,Partida Canimases s/n,200.0,0,48000
Aragon,Teruel,Casa Rural,Val San Miguel s/n,108.0,0,85000
Aragon,Teruel,Piso,Calle San Damian 1,157.0,4,249000
Aragon,Teruel,Piso,Calle San Damian 1,142.0,4,269000
Aragon,Teruel,Chalet,Alto Calvario 18,117.0,3,98000
Aragon,Teruel,Piso,Orihuela del Tremedal,9.0,2,91000
Aragon,Teruel,Chalet,Castillo,119.0,3,14000
Aragon,Teruel,Piso,Orihuela del Tremedal,72.0,1,78000
Aragon,Teruel,Chalet,Avenida de la Constitucion,120.0,4,38000
Aragon,Teruel,Piso,Calle Padre Tomas Lozano 1,139.0,4,80000
Aragon,Teruel,Piso,Calle San Damian 1,82.0,3,214900
Aragon,Teruel,Piso,Orihuela del Tremedal,41.0,2,51000
Aragon,Teruel,Chalet,Barrios perifericos,150.0,4,110000
Aragon,Teruel,Casa Rural,San juan 18,80.0,3,69000
Aragon,Teruel,Piso,Calle San Damian 1,68.0,2,165000
Aragon,Teruel,Piso,Orihuela del Tremedal,9.0,2,101000
Aragon,Teruel,Chalet,Calle Son del Puerto,64.0,2,14900
Aragon,Teruel,Piso,Orihuela del Tremedal,72.0,1,84000
Aragon,Teruel,Piso,Calle San Damian 1,84.0,3,239000
Aragon,Teruel,Piso,Calle San Damian 1,94.0,3,239000
Aragon,Teruel,Duplex,Calle el Cerezo,100.0,3,125000
Aragon,Teruel,Casa Rural,Calle Tosco Adelante,334.0,6,99500
Aragon,Teruel,Piso,Centro,16.0,3,235000
Aragon,Teruel,Chalet,Calle Moron,102.0,3,79600
Aragon,Teruel,Casa Rural,Calle Baja,136.0,2,31000
Aragon,Teruel,Casa Rural,Riodeva,88.0,3,55000
Aragon,Teruel,Duplex,Calle Sauras,121.0,2,40000
Aragon,Teruel,Piso,Doctor Gomez Ferrer 46,70.0,2,77500
Aragon,Teruel,Casa Rural,3m2 Acceso a corral de 20m2 - PLANTA CALLE: 68m2 * Hall de 18,600.0,4,0
Aragon,Teruel,Piso,Avenida Bartolome Esteban,79.0,2,29600
Aragon,Teruel,Chalet,Barrios perifericos,201.0,6,168000
Aragon,Teruel,Chalet,Carrel - San Julian - Arrabal,10.0,5,410000
Aragon,Teruel,Chalet,Camino Cerrito-Mas Peiron 15,83.0,3,215000
Aragon,Teruel,Casa Rural,Rafales,415.0,6,305000
Aragon,Teruel,Chalet,Beceite,249.0,5,115000
Aragon,Teruel,Chalet,Valdealgorfa,354.0,4,69000
Aragon,Teruel,Casa Rural,Valderrobres,219.0,1,75000
Aragon,Teruel,Chalet,Alcaniz,507.0,7,250000
Aragon,Teruel,Chalet,La Fresneda,326.0,5,85000
Aragon,Teruel,Chalet,Penarroya de Tastavins,156.0,2,68000
Aragon,Teruel,Casa Rural,Lledo,8.0,1,20000
Aragon,Teruel,Chalet,La Fresneda,452.0,7,395000
Aragon,Teruel,Piso,Beceite,73.0,2,95000
Aragon,Teruel,Chalet,Beceite,126.0,3,135000
Aragon,Teruel,Piso,Andorra,88.0,3,274334
Aragon,Teruel,Chalet,Valjunquera,288.0,6,550000
Aragon,Teruel,Casa Rural,Penarroya de Tastavins,350.0,1,85000
Aragon,Teruel,Chalet,Cretas,227.0,3,45000
Aragon,Teruel,Chalet,La Portellada,102.0,3,90000
Aragon,Teruel,Chalet,Monroyo,471.0,5,260000
Aragon,Teruel,Chalet,Penarroya de Tastavins,384.0,5,100000
Aragon,Teruel,Chalet,Calaceite,174.0,2,105000
Aragon,Teruel,Chalet,Calaceite,201.0,4,60000
Aragon,Teruel,Casa Rural,Calle Mayor,165.0,5,69000
Aragon,Teruel,Chalet,Valderrobres,248.0,4,150000
Aragon,Teruel,Piso,Beceite,75.0,3,125000
Aragon,Teruel,Chalet,Cretas,532.0,6,85000
Aragon,Teruel,Piso,Rosario 31,149.0,4,115000
Aragon,Teruel,Chalet,Torre del Compte,176.0,2,55000
Aragon,Teruel,Casa Rural,Valderrobres,219.0,1,75000
Aragon,Teruel,Casa Rural,Lledo,8.0,1,20000
Aragon,Teruel,Chalet,Beceite,126.0,3,135000
Aragon,Teruel,Chalet,Fuentespalda,189.0,2,144000
Aragon,Teruel,Casa Rural,Penarroya de Tastavins,350.0,1,85000
Aragon,Teruel,Chalet,La Fresneda,326.0,5,85000
Aragon,Teruel,Chalet,Rafales,292.0,2,169000
Aragon,Teruel,Chalet,Monroyo,471.0,5,260000
Aragon,Teruel,Chalet,Valjunquera,288.0,6,550000
Aragon,Teruel,Chalet,Valdealgorfa,829.0,4,150000
Aragon,Teruel,Chalet,La Fresneda,317.0,1,93750
Aragon,Teruel,Piso,Valderrobres,100.0,3,95000
Aragon,Teruel,Piso,Valderrobres,96.0,3,135000
Aragon,Teruel,Chalet,Beceite,249.0,5,115000
Aragon,Teruel,Chalet,Monroyo,493.0,3,130000
Aragon,Teruel,Chalet,Valderrobres,202.0,4,65000
Aragon,Teruel,Chalet,Valderrobres,163.0,3,39000
Aragon,Teruel,Chalet,Calaceite,201.0,4,60000
Aragon,Teruel,Casa Rural,Castellote,300.0,6,95000
Aragon,Teruel,Chalet,Valderrobres,138.0,5,120000
Aragon,Teruel,Piso,Calle Santa Ana,53.0,1,67000
Aragon,Teruel,Casa Rural,Mosqueruela,105.0,3,125000
Aragon,Teruel,Casa Rural,Mora de Rubielos,52.0,4,125000
Aragon,Teruel,Casa Rural,Mora de Rubielos,152.0,4,320000
Aragon,Teruel,Casa Rural,La Iglesuela del Cid,340.0,6,260000
Aragon,Teruel,Chalet,Mas de los Pastores 15,60.0,1,85000
Aragon,Teruel,Casa Rural,Fortanete,386.0,8,95000
Aragon,Teruel,Casa Rural,Calle la paz 10,300.0,4,63000
Aragon,Teruel,Casa Rural,Alta 1,124.0,4,125000
Aragon,Teruel,Casa Rural,Mora de Rubielos,52.0,4,125000
Aragon,Teruel,Chalet,Mosqueruela,120.0,4,57000
Aragon,Teruel,Casa Rural,Mirambel,290.0,7,170000
Aragon,Teruel,Chalet,Calle Pintor el Greco 6,142.0,4,107000
Aragon,Teruel,Casa Rural,Calle NUEVA,126.0,4,70000
Aragon,Teruel,Chalet,Bordon,205.0,6,35000
Aragon,Teruel,Chalet,Mora de Rubielos,52.0,4,125000
Aragon,Teruel,Casa Rural,Castellote,300.0,5,59000
Aragon,Teruel,Casa Rural,La Portellada,460.0,1,214000
Aragon,Teruel,Casa Rural,Torrecilla de Alcaniz,300.0,8,195000
Aragon,Teruel,Chalet,Bordon,933.0,10,220000
Aragon,Teruel,Casa Rural,Plaza de la fuente 5,48.0,1,195000
Aragon,Teruel,Piso,Calle Santa Barbara,64.0,2,96000
Aragon,Teruel,Casa Rural,SIN CABO BAJO 13,150.0,4,110000
Aragon,Teruel,Piso,Orihuela del Tremedal,78.0,1,76000
Aragon,Teruel,Casa Rural,Calle la Parra 6,78.0,2,25000
Aragon,Teruel,Chalet,Centro,290.0,7,410000
Aragon,Teruel,Chalet,Cedrillas,20.0,3,89000
Aragon,Teruel,Piso,San Leon - El Carmen,95.0,3,86500
Aragon,Teruel,Casa Rural,Manzanera,766.0,3,165000
Aragon,Teruel,Piso,Calle Yague de Salas 22,93.0,3,120000
Aragon,Teruel,Casa Rural,Manzanera,4.0,6,95000
Aragon,Teruel,Atico,San Roque 41,67.0,2,90000
Aragon,Teruel,Piso,Vega de la Selva 7,58.0,1,70000
Aragon,Teruel,Chalet,Cella,124.0,3,72000
Aragon,Teruel,Chalet,Urbanizacion Vega de la Selva,86.0,3,115000
Aragon,Teruel,Casa Rural,Torrecilla del Rebollar,383.0,8,60000
Aragon,Teruel,Casa Rural,Calle San Roque Alto 8,100.0,4,43000
Aragon,Teruel,Casa Rural,Camarena de la Sierra,167.0,5,150000
Aragon,Teruel,Piso,Manzanera,93.0,3,91000
Aragon,Teruel,Casa Rural,Calle Parador 19 -21,260.0,5,160000
Aragon,Teruel,Duplex,Rubielos de Mora,91.0,3,175000
Aragon,Teruel,Chalet,Cella,170.0,3,79000
Aragon,Teruel,Duplex,Calle Teruel 7,84.0,3,128000
Aragon,Teruel,Duplex,Calle el Cerezo,65.0,2,80800
Aragon,Teruel,Casa Rural,Calle torre 5,140.0,3,20000
Aragon,Teruel,Duplex,Las Flores 5,4.0,2,109000
Aragon,Teruel,Piso,vega de la selva 8,58.0,1,70000
Aragon,Teruel,Casa Rural,Manzanera,155.0,4,75000
Aragon,Teruel,Chalet,Cedrillas,20.0,2,90000
Aragon,Teruel,Duplex,Urbanizacion Vega de la Selva 1 11,60.0,2,125000
Aragon,Teruel,Casa Rural,Rubielos de Mora,206.0,6,315000
Aragon,Teruel,Casa Rural,Albarracin,145.0,4,250000
Aragon,Teruel,Chalet,Calle Santa Barbara 35,86.0,3,120000
Aragon,Teruel,Casa Rural,Mora de Rubielos,450.28,1,280000
Aragon,Teruel,Casa Rural,La Puebla de Valverde,460.0,1,460600
Aragon,Teruel,Casa Rural,Camarena de la Sierra,30.0,4,65000
Aragon,Teruel,Casa Rural,Calle Eras 1,108.0,4,20000
Aragon,Teruel,Piso,Calle el Cerezo,105.0,3,89900
Aragon,Teruel,Piso,SAN MIGUEL 7,86.0,3,181000
Aragon,Teruel,Piso,Calle Carmen 9,116.0,3,112000
Aragon,Teruel,Chalet,Cedrillas,20.0,3,89000
Aragon,Teruel,Piso,Manzanera,75.0,2,80000
Aragon,Teruel,Casa Rural,Castralvo - Villaespesa - Aldehuela,350.0,4,198000
Aragon,Teruel,Chalet,Cella,124.0,3,72000
Aragon,Teruel,Casa Rural,Manzanera,766.0,3,165000
Aragon,Teruel,Piso,SAN MIGUEL 7,88.0,3,181000
Aragon,Teruel,Casa Rural,Albentosa,70.0,4,75000
Aragon,Teruel,Chalet,Calle las Parras,300.0,5,320000
Aragon,Teruel,Casa Rural,Cella,30.0,3,43000
Aragon,Teruel,Piso,Vega de la Selva 7,51.0,1,70000
Aragon,Teruel,Casa Rural,Rubielos de Mora,237.0,6,315000
Aragon,Teruel,Casa Rural,San valero,21.0,0,22000
Aragon,Teruel,Chalet,MAYOR 16,127.0,4,110000
Aragon,Teruel,Casa Rural,Manzanera,153.0,4,75000
Aragon,Teruel,Casa Rural,Manzanera,245.0,5,42000
Aragon,Teruel,Atico,San Roque 41,73.0,2,90000
Aragon,Teruel,Piso,Calle Yague de Salas 22,88.0,3,120000
Aragon,Teruel,Casa Rural,Camarena de la Sierra,70.0,8,130000
Aragon,Teruel,Casa Rural,Albentosa,1.4,1,595000
Aragon,Teruel,Casa Rural,Torres de Albarracin,216.0,6,157500
Aragon,Teruel,Casa Rural,Manzanera,235.603,1,85000
Aragon,Teruel,Casa Rural,Calle Calvario 13,296.0,5,42000
Aragon,Teruel,Casa Rural,Calle Carmen 33 -31,79.0,2,18000
Aragon,Teruel,Duplex,Calle el Cerezo,65.0,2,80800
Aragon,Teruel,Chalet,Centro,299.0,7,410000
Aragon,Teruel,Duplex,SANTA LUCIA 11,131.0,4,170000
Aragon,Teruel,Casa Rural,La Puebla de Valverde,787.0,1,150000
Aragon,Teruel,Chalet,Cedrillas,20.0,2,90000
Aragon,Teruel,Casa Rural,Calle Parador 19 -21,260.0,5,160000
Aragon,Teruel,Casa Rural,Monreal del Campo,4.727,31,350000
Aragon,Teruel,Casa Rural,Manzanera,71.0,2,75000
Aragon,Teruel,Duplex,Urbanizacion Vega de la Selva 1 11,77.0,2,125000
Aragon,Teruel,Casa Rural,Mora de Rubielos,13.79,4,145000
Aragon,Teruel,Casa Rural,Mora de Rubielos,450.28,1,280000
Aragon,Teruel,Piso,Cella,123.0,4,85000
Aragon,Teruel,Casa Rural,Calle San Roque Alto 8,100.0,4,43000
Aragon,Teruel,Casa Rural,San Juan,158.0,4,48000
Aragon,Teruel,Chalet,Calle baja,412.0,0,45000
Aragon,Teruel,Casa Rural,Calle Castillo 23,295.0,5,48000
Aragon,Teruel,Duplex,Calle Trascorrales,128.0,3,160000
Aragon,Teruel,Chalet,Calle los Azafranes 1,71.0,4,115000
Aragon,Teruel,Chalet,Calle Baja de Carlos I,190.0,2,148000
Aragon,Teruel,Piso,Alcala de la Selva,120.0,3,123000
Aragon,Teruel,Casa Rural,Fuentes-Claras,42.0,3,75000
Aragon,Teruel,Casa Rural,Fuentes-Calientes,145.0,5,120000
Aragon,Teruel,Piso,San Leon - El Carmen,32.0,3,160000
Aragon,Teruel,Chalet,Calle baja,412.0,0,45000
Aragon,Teruel,Piso,Orihuela del Tremedal,4.0,2,39000
Aragon,Teruel,Duplex,Calle Valdelinares 2,80.0,2,112000
Aragon,Teruel,Chalet,Barrios perifericos,250.0,6,95000
Aragon,Teruel,Casa Rural,Villel,89.0,3,25000
Aragon,Teruel,Piso,Avenida Manuel Gonzalvo,75.0,2,138500
Aragon,Teruel,Piso,Torres de Albarracin,74.0,4,110000
Aragon,Teruel,Casa Rural,Villarquemado,147.0,6,75000
Aragon,Teruel,Chalet,San Agustin,10.018,2,90000
Aragon,Teruel,Casa Rural,unnamed road,500.0,0,283000
Aragon,Teruel,Piso,Desvio,127.0,4,92000
Aragon,Teruel,Duplex,Calle Trascorrales,128.0,3,160000
Aragon,Teruel,Piso,Ensanche - Fuenfresca,60.0,1,138000
Aragon,Teruel,Piso,Calle Mayor,258.0,3,70000
Aragon,Teruel,Chalet,Calle Palomera 4,156.0,4,129000
Aragon,Teruel,Piso,Carrel - San Julian - Arrabal,121.0,4,160000
Aragon,Teruel,Piso,Cella,4.0,3,95000
Aragon,Teruel,Chalet,San Leon - El Carmen,45.0,6,295000
Aragon,Teruel,Chalet,Mas Blanco s/n SN,87.0,6,249000
Aragon,Teruel,Chalet,Calle del Rosario,119.0,3,17500
Aragon,Teruel,Casa Rural,Alcala de la Selva,39.369,1,85000
Aragon,Teruel,Duplex,CANIZAREJO,237.0,4,127000
Aragon,Teruel,Chalet,Calle Horno Alto,358.0,3,490000
Aragon,Teruel,Casa Rural,Torres de Albarracin,272.0,7,220000
Aragon,Teruel,Casa Rural,Alcala de la Selva,48.888,1,85000
Aragon,Teruel,Chalet,Calaceite,630.0,6,320000
Aragon,Teruel,Piso,Barrios perifericos,60.0,1,72000
Aragon,Teruel,Casa Rural,Castralvo - Villaespesa - Aldehuela,350.0,5,198000
Aragon,Teruel,Piso,Cella,4.0,3,92000
Aragon,Teruel,Chalet,Calle Aduana 9,18.0,6,49900
Aragon,Teruel,Chalet,Calle del Carmen,138.0,4,89000
Aragon,Teruel,Casa Rural,Barrios perifericos,2.121,2,99000
Aragon,Teruel,Casa Rural,Sarrion,100.0,3,112000
Aragon,Teruel,Casa Rural,Guadalaviar,64.0,2,100000
Aragon,Teruel,Casa Rural,Torres de Albarracin,272.0,7,220000
Aragon,Teruel,Piso,San Leon - El Carmen,32.0,3,160000
Aragon,Teruel,Chalet,San Leon - El Carmen,45.0,6,295000
Aragon,Teruel,Casa Rural,San Juan,126.0,4,48000
Aragon,Teruel,Piso,Carrel - San Julian - Arrabal,86.0,3,119000
Aragon,Teruel,Chalet,Barrios perifericos,250.0,6,95000
Aragon,Teruel,Casa Rural,Cretas,8.368,6,499000
Aragon,Teruel,Chalet,Calle Baja de Carlos I,190.0,2,148000
Aragon,Teruel,Piso,Calle Arrabal,80.0,2,95000
Aragon,Teruel,Piso,Cella,4.0,3,92000
Aragon,Teruel,Piso,Torres de Albarracin,74.0,4,110000
Aragon,Teruel,Duplex,Calle Valdelinares 2,80.0,2,112000
Aragon,Teruel,Piso,Torres de Albarracin,74.0,4,110000
Aragon,Teruel,Piso,Valacloche,77.0,2,55000
Aragon,Teruel,Casa Rural,Albentosa,15.0,4,77000
Aragon,Teruel,Piso,Carrel - San Julian - Arrabal,175.0,5,163000
Aragon,Teruel,Casa Rural,Guadalaviar,76.0,2,100000
Aragon,Teruel,Casa Rural,Villarquemado,147.0,6,75000
Aragon,Teruel,Duplex,Calle Trascorrales,128.0,3,160000
Aragon,Teruel,Chalet,Calle Aduana 9,18.0,6,49900
Aragon,Teruel,Piso,Calle el Puntal,78.0,2,64000
Aragon,Teruel,Piso,Ensanche - Fuenfresca,41.0,1,118000
Aragon,Teruel,Casa Rural,Calle Iglesia,443.0,8,66000
Aragon,Teruel,Chalet,Calle Sol,150.0,8,150000
Aragon,Teruel,Casa Rural,Calle Prado,64.0,6,44000
Aragon,Teruel,Casa Rural,Camanas,10.0,1,67000
Aragon,Teruel,Chalet,Calle Barrio Verde,174.0,2,48000
Aragon,Teruel,Chalet,Plaza Castel,450.0,11,130000
Aragon,Teruel,Chalet,Barrios perifericos,2.154,3,270000
Aragon,Teruel,Piso,Manzanera,97.0,3,42000
Aragon,Teruel,Piso,San Agustin,75.0,2,90000
Aragon,Teruel,Piso,Plaza Jaime Garcia Herranz 9,100.0,4,68000
Aragon,Teruel,Casa Rural,Calle Castillo,180.0,5,35000
Aragon,Teruel,Piso,Calle Ainsas,140.0,4,169000
Aragon,Teruel,Piso,Calle Brenca,105.0,3,75000
Aragon,Teruel,Casa Rural,Calle Horno,129.0,4,78000
Aragon,Teruel,Chalet,Calle Alfonso II,40.0,3,99000
Aragon,Teruel,Casa Rural,Calle Aragon,230.0,5,93000
Aragon,Teruel,Casa Rural,Manzanera,59.0,1,25000
Aragon,Teruel,Chalet,Barrio la Guea,7.0,3,228000
Aragon,Teruel,Piso,Plaza Jaime Garcia Herranz 9,100.0,4,68000
Aragon,Teruel,Chalet,Barrios perifericos,2.154,3,270000
Aragon,Teruel,Casa Rural,Royuela,96.0,3,23000
Aragon,Teruel,Piso,Manzanera,82.0,3,42000
Aragon,Teruel,Casa Rural,Villel,50.0,6,65000
Aragon,Teruel,Casa Rural,Calle Aragon,230.0,5,93000
Aragon,Teruel,Chalet,Plaza Cervantes,85.0,6,70000
Aragon,Teruel,Casa Rural,Calle Horno,152.0,4,78000
Aragon,Teruel,Piso,Calle el Puntal,68.0,2,48000
Aragon,Teruel,Chalet,Calle Sol,150.0,8,150000
Aragon,Teruel,Casa Rural,Calle Castillo,164.0,5,35000
Aragon,Teruel,Chalet,Calle Baja 26,30.0,2,18500
Aragon,Teruel,Casa Rural,Via sin nombre s/n,499.0,1,80000
Aragon,Teruel,Casa Rural,Calle Rocasolano 43,270.0,7,160000
Aragon,Teruel,Piso,Plaza Cervantes 10,116.0,3,36500
Aragon,Teruel,Chalet,Alcala de la Selva,4.0,5,900000
Aragon,Teruel,Casa Rural,Calaceite,80.0,3,420000
Aragon,Teruel,Piso,Avenida Valencia s/n,80.0,2,79000
Aragon,Teruel,Casa Rural,Calle Rincon,46.0,1,175000
Aragon,Teruel,Chalet,TE-V-9025,368.0,4,24000
Aragon,Teruel,Casa Rural,Rubielos de Mora,189.0,3,225000
Aragon,Teruel,Piso,Avenida de Aragon 41,142.0,5,250000
Aragon,Teruel,Casa Rural,Calle Fuentes Altas 26,204.0,6,33000
Aragon,Teruel,Piso,Avenida Zaragoza 15,18.0,3,89500
Aragon,Teruel,Chalet,Calle Estrella Polar,113.0,3,160000
Aragon,Teruel,Duplex,Camino de Gea,122.0,4,135000
Aragon,Teruel,Casa Rural,Calle Santa Barbara 15,156.0,4,23000
Aragon,Teruel,Piso,Calle Santa Ana 4,43.0,1,67000
Aragon,Teruel,Casa Rural,Calle Iglesia 4,446.0,8,25000
Aragon,Teruel,Piso,Rambla San Julian,107.0,3,139000
Aragon,Teruel,Chalet,Calle calvario 2,152.0,4,69000
Aragon,Teruel,Piso,Avenida Zaragoza s/n,100.0,3,29500
Aragon,Teruel,Casa Rural,Norte 1,190.0,4,23500
Aragon,Teruel,Duplex,Calle Amantes 1,80.0,2,215000
Aragon,Teruel,Chalet,Mora de Rubielos,171.0,5,145000
Aragon,Teruel,Estudio,Calle Muro Santiago,43.0,0,69000
Aragon,Teruel,Piso,Calle Nuestra Senora de Loreto,66.0,2,109000
Aragon,Teruel,Casa Rural,Urbanizacion Sol y Nieve 10,111.0,3,320000
Aragon,Teruel,Casa Rural,Calle San Anton 26,30.0,3,15000
Aragon,Teruel,Estudio,Rambla Baja 214,166.0,0,45000
Aragon,Teruel,Estudio,Rambla Baja 214,166.0,0,45000
Aragon,Teruel,Piso,Avenida Zaragoza 15,18.0,3,89500
Aragon,Teruel,Chalet,Calle calvario 2,146.0,4,69000
Aragon,Teruel,Casa Rural,Calle Hospital 16,168.0,5,120000
Aragon,Teruel,Duplex,Camino de Gea,143.0,4,135000
Aragon,Teruel,Casa Rural,Calle Iglesia 4,446.0,8,25000
Aragon,Teruel,Casa Rural,Urbanizacion Sol y Nieve 10,115.0,3,320000
Aragon,Teruel,Chalet,Calle Muro,1.27,5,500000
Aragon,Teruel,Casa Rural,Rambla PARTIDA LA,139.0,4,185000
Aragon,Teruel,Casa Rural,Singra,91.0,3,60000
Aragon,Teruel,Piso,Avenida Albalate 11,119.0,3,68200
Aragon,Teruel,Piso,Urbanizacion Santa Maria,79.0,2,69000
Aragon,Teruel,Casa Rural,Avenida San Miguel 22,217.0,6,125000
Aragon,Teruel,Chalet,Calle molino,150.0,3,65000
Aragon,Teruel,Piso,Avenida Bartolome Esteban,40.0,2,80000
Aragon,Teruel,Casa Rural,Pozondon,80.0,2,35000
Aragon,Teruel,Chalet,Calle Minas 10,155.0,4,395000
Aragon,Teruel,Chalet,Castralvo - Villaespesa - Aldehuela,100.0,5,400000
Aragon,Teruel,Chalet,alta 15,138.0,4,27500
Aragon,Teruel,Piso,Herreria s/n,58.0,1,20000
Aragon,Teruel,Chalet,Calle Poniente Alta 34,128.0,4,150000
Aragon,Teruel,Casa Rural,Calle jose rivera 23,108.0,3,60000
Aragon,Teruel,Piso,Calle Santa Ana 103,37.0,2,110000
Aragon,Teruel,Piso,Calle fuente 7,79.0,2,75000
Aragon,Teruel,Chalet,Calle Muro Santiago 63,74.0,8,480000
Aragon,Teruel,Chalet,Ronda Castelseras 1 KmdesdeAlcaiz,2.0,4,320000
Aragon,Teruel,Casa Rural,Calle San Roque 10,200.0,6,59500
Aragon,Teruel,Casa Rural,Calle EL SOL 52,180.0,3,65000
Aragon,Teruel,Chalet,Calle Joaquin Costa 30,26.0,4,24900
Aragon,Teruel,Chalet,Carretera de Aliaga 1,210.0,4,190000
Aragon,Teruel,Casa Rural,Calle Pena Grande 38,60.0,6,95000
Aragon,Teruel,Casa Rural,Calle San Roque,46.0,1,10500
Aragon,Teruel,Casa Rural,Calle la Palanqueta 10,60.0,8,145000
Aragon,Teruel,Chalet,Calle las Eras 17,100.0,3,153000
Aragon,Teruel,Casa Rural,Calle Isidro Amela 26,49.0,2,30000
Aragon,Teruel,Casa Rural,Poligono 29 1,5.8,2,150000
Aragon,Teruel,Chalet,Cuesta Jardinera 23,228.0,6,225000
Aragon,Teruel,Piso,Ensanche - Fuenfresca,158.0,4,179000
Aragon,Teruel,Piso,Calle el Pilar 1,18.0,2,94000
Aragon,Teruel,Chalet,Barrio los Ibanez s/n Sinnumero,102.0,3,75000
Aragon,Teruel,Piso,Calle el Pilar 1,18.0,2,94000
Aragon,Teruel,Chalet,Pedro Lain Entralgo 10,250.0,3,229000
Aragon,Teruel,Chalet,Calle Plana Sancho 71,250.0,4,155000
Aragon,Teruel,Piso,Avenida Albalate 11,135.0,5,135000
Aragon,Teruel,Chalet,Calle Iglesia 26,238.0,6,300000
Aragon,Teruel,Piso,Calle Santa Ana 103,37.0,2,110000
Aragon,Teruel,Chalet,Calle Virgen de Nazaret 3,169.0,5,440000
Aragon,Teruel,Casa Rural,BALSA,86.0,3,15000
Aragon,Teruel,Casa Rural,Calle Pena Grande 38,60.0,6,95000
Aragon,Teruel,Casa Rural,Calle Carmen 2,180.0,5,73000
Aragon,Teruel,Chalet,Calle Fondon 20,299.0,7,60000
Aragon,Teruel,Casa Rural,Calle Tres Esquinas 5 -7,223.0,5,55000
Aragon,Teruel,Chalet,Cuesta Jardinera 23,240.0,6,225000
Aragon,Teruel,Piso,Calle Nueva 4,40.0,5,550000
Aragon,Teruel,Piso,Ensanche - Fuenfresca,134.0,4,179000
Aragon,Teruel,Chalet,Cella,170.0,3,85000
Aragon,Teruel,Chalet,Calle la Fuente s/n sn,83.0,5,120000
Aragon,Teruel,Casa Rural,Calle Cubillo 1 N,164.0,5,95000
Aragon,Teruel,Casa Rural,Calle Pio XII 1 A,374.0,8,82000
Aragon,Teruel,Chalet,Calle Motorrita 3,242.0,6,250000
Aragon,Teruel,Casa Rural,Calle Medio 33,200.0,5,25000
Aragon,Teruel,Chalet,Calle las Eras 17,100.0,3,153000
Aragon,Teruel,Casa Rural,Calle San Cristobal 10,120.0,3,125000
Aragon,Teruel,Chalet,Avenida de Zaragoza 38,346.0,2,80000
Aragon,Teruel,Chalet,Calle Joaquin Costa 30,26.0,4,24900
Aragon,Teruel,Casa Rural,Calle Carniceria 5,350.0,4,52000
Aragon,Teruel,Chalet,Calle Muro Santiago 63,74.0,8,480000
Aragon,Teruel,Casa Rural,- s/n,13.0,5,47000
Aragon,Teruel,Casa Rural,Poligono 29 1,5.8,2,150000
Aragon,Teruel,Casa Rural,Calle San Lorenzo 15,181.0,5,44950
Aragon,Teruel,Casa Rural,Calle la Vuelta 2,350.0,8,215000
Aragon,Teruel,Casa Rural,Calle Cantarerias 12,8.0,3,42000
Aragon,Teruel,Casa Rural,Unnamed Road s/n,211.0,6,595000
Aragon,Teruel,Piso,Valderrobres,105.0,3,100000
Aragon,Teruel,Casa Rural,Calle Isidro Amela 26,49.0,2,30000
Aragon,Teruel,Casa Rural,Calle la Palanqueta 10,60.0,8,145000
Aragon,Teruel,Duplex,Barrio Troya,78.0,2,115000
Aragon,Teruel,Casa Rural,Calle Carlos Prats 45,139.0,4,20000
Aragon,Teruel,Chalet,Calle Pedrera 8,119.0,3,200000
Aragon,Teruel,Casa Rural,Calle San Roque 10,221.0,6,59500
Aragon,Teruel,Chalet,Calle Virgen de Nazaret 3,164.0,5,440000
Aragon,Teruel,Piso,Calle fuente 7,61.0,2,75000
Aragon,Teruel,Casa Rural,Calle Tres Esquinas 5 -7,223.0,5,55000
Aragon,Teruel,Casa Rural,Extramuro 1,99.0,3,115000
Aragon,Teruel,Piso,Utrillas,30.0,3,36500
Aragon,Teruel,Casa Rural,Calle EL SOL 52,180.0,3,65000
Aragon,Teruel,Piso,Ensanche - Fuenfresca,150.0,4,179000
Aragon,Teruel,Casa Rural,La Fresneda,45.0,1,14500
Aragon,Teruel,Casa Rural,Calle Cantarerias 12,8.0,3,42000
Aragon,Teruel,Piso,Valderrobres,105.0,3,100000
Aragon,Teruel,Casa Rural,Calle Carmen 2,180.0,5,73000
Aragon,Teruel,Chalet,Cella,170.0,3,85000
Aragon,Teruel,Chalet,Avenida de Zaragoza 38,346.0,2,80000
Aragon,Teruel,Casa Rural,Calle Pena Grande 38,60.0,6,95000
Aragon,Teruel,Casa Rural,Calle Cubillo 1 N,194.0,5,95000
Aragon,Teruel,Chalet,Cabra de Mora,299.0,7,299000
Aragon,Teruel,Chalet,Calle Horno Viejo 16,298.0,7,115323
Aragon,Teruel,Chalet,Calle Teruel 8,68.0,2,92000
Aragon,Teruel,Piso,Eras del Molino,51.0,1,83000
Aragon,Teruel,Piso,Cella,4.0,3,95000
Aragon,Teruel,Chalet,Calle Jeronimo Soriano 13,200.0,6,696000
Aragon,Teruel,Chalet,Cabra de Mora,291.0,7,299000
Aragon,Teruel,Casa Rural,CV-175 40,207.0,6,550000
Aragon,Teruel,Chalet,Visiedo,196.0,5,10000
Aragon,Teruel,Casa Rural,Calle Mayor 56,185.0,5,90000
Aragon,Teruel,Piso,Cella,11.0,3,90000
Aragon,Teruel,Duplex,Urbanizacion Vega de la Selva 1,73.0,2,92000
Aragon,Teruel,Chalet,Camino Cerrito Mas de Peiron 15,250.0,3,215000
Aragon,Teruel,Casa Rural,Calle Calvario Bajo 1,176.0,5,67000
Aragon,Teruel,Chalet,Celadas,144.0,4,198000
Aragon,Teruel,Chalet,Calle Rociadero 11 A,215.0,6,157500
Aragon,Teruel,Piso,Avenida Mijares,143.0,4,65000
Aragon,Teruel,Casa Rural,Calle La Iglesia 18,81.0,3,85000
Aragon,Teruel,Piso,Calle La Parra,107.0,3,59500
Aragon,Teruel,Chalet,Visiedo,119.0,3,47000
Aragon,Teruel,Casa Rural,Calle de la Iglesia 10,350.0,8,29000
Aragon,Teruel,Piso,Avenida Zaragoza s/n,85.0,3,86500
Aragon,Teruel,Piso,Ronda del Parque 2,126.0,4,183000
Aragon,Teruel,Piso,Medio,82.0,3,95000
Aragon,Teruel,Casa Rural,Real,100.0,3,48000
Aragon,Teruel,Duplex,Urbanizacion Vega de la Selva 1,74.0,2,92000
Aragon,Teruel,Chalet,Calle Horno Viejo 16,294.0,7,115323
Aragon,Teruel,Piso,Olba,91.0,3,88000
Aragon,Teruel,Chalet,Oliete,331.0,6,79000
Aragon,Teruel,Chalet,Fuentes de Rubielos,227.0,6,163000
Aragon,Teruel,Chalet,Castellote,190.0,5,180000
Aragon,Teruel,Piso,Agustin Planas Sancho,70.0,2,70000
Aragon,Teruel,Casa Rural,Partida Blanquillo s/n,380.0,0,48000
Aragon,Teruel,Chalet,Penarroya de Tastavins,143.0,4,49000
Aragon,Teruel,Chalet,Mosqueruela,183.0,5,125000
Aragon,Teruel,Piso,Rubielos de Mora,60.0,2,74500
Aragon,Teruel,Casa Rural,Calle Aguera 12,175.0,5,58000
Aragon,Teruel,Piso,Bronchales,86.0,3,99000
Aragon,Teruel,Chalet,Castellote,144.0,4,85000
Aragon,Teruel,Piso,CL SAN JORGE 4,249.0,6,150000
Aragon,Teruel,Casa Rural,Alcaniz,176.0,4,37000
Aragon,Teruel,Chalet,Calle San Lorenzo s/n,154.0,4,36500
Aragon,Teruel,Chalet,Orrios,216.0,7,36000
Aragon,Teruel,Casa Rural,Calle el mas 3,53.0,2,68900
Aragon,Teruel,Casa Rural,Andorra,136.0,4,37000
Aragon,Teruel,Casa Rural,Calle Hispano America,56.0,3,59500
Aragon,Teruel,Casa Rural,La Rocha Alta,172.0,5,110000
Aragon,Teruel,Chalet,Fuentes de Rubielos,96.0,3,255000
Aragon,Teruel,Piso,Monreal del Campo,106.0,3,62000
Aragon,Teruel,Chalet,Nogueruelas,120.0,4,132000
Aragon,Teruel,Piso,Calle Teniente Moore 16,113.0,3,105500
Aragon,Teruel,Chalet,Rubielos de Mora,127.0,4,215000
Aragon,Teruel,Chalet,Castellote,112.0,3,166000
Aragon,Teruel,Chalet,CASA VOLEA -LA VERDEJA s/n,111.0,3,265000
Aragon,Teruel,Chalet,Castellote,266.0,5,45000
Aragon,Teruel,Piso,MAYOR 92,132.0,4,105000
Aragon,Teruel,Casa Rural,Valderrobres,122.0,4,350000
Aragon,Teruel,Casa Rural,Calaceite,619.0,10,650000
Aragon,Teruel,Piso,Calle El Plano,85.0,2,83000
Aragon,Teruel,Chalet,CL SAN JOSE 25,112.0,3,34000
Aragon,Teruel,Chalet,Calle Santa Barbara,274.0,4,38000
Aragon,Teruel,Piso,Calle Mayor,45.0,2,49100
Aragon,Teruel,Duplex,Avenida America,155.0,4,247000
Aragon,Teruel,Piso,Calle Caldereros,113.0,3,32000
Aragon,Teruel,Piso,Calle Mayor,56.0,3,37000
Aragon,Teruel,Chalet,Calle Horno,198.0,4,40700
Aragon,Teruel,Piso,Calle Caldereros,93.0,3,32000
Aragon,Teruel,Piso,Ensanche - Fuenfresca,125.0,4,440000
Aragon,Teruel,Piso,Cuesta la Casica,72.0,2,44700
Aragon,Teruel,Piso,Avenida Valencia,74.0,2,69000
Aragon,Teruel,Piso,Calle Montalban,82.0,3,60300
Aragon,Teruel,Piso,Calle Nuestra Senora de Loreto,45.0,1,79000
Aragon,Teruel,Chalet,Calle Zaragoza,170.0,5,88000
Aragon,Teruel,Chalet,Cella,98.0,3,208000
Aragon,Teruel,Chalet,Calle Hispano America,245.0,6,220000
Aragon,Teruel,Chalet,Plaza Plazuela,83.0,3,86000
Aragon,Teruel,Piso,Calle Meson de Jativa,62.0,2,41100
Aragon,Teruel,Piso,Ronda de Teruel,54.0,2,37000
Aragon,Teruel,Piso,Calle Santa Pau,84.0,3,145300
Aragon,Teruel,Chalet,Calle Carretera,109.0,3,37000
Aragon,Teruel,Piso,Calle Hispano America,238.0,6,220000
Aragon,Teruel,Piso,Calle bronchales,113.0,3,99000
Aragon,Teruel,Piso,Calle Mayor,56.0,3,37000
Aragon,Teruel,Chalet,Calle Santa Barbara,274.0,4,38000
Aragon,Teruel,Piso,Calle Subida San Vicente,118.98,3,66600
Aragon,Teruel,Chalet,Celadas,285.0,7,125000
Aragon,Teruel,Piso,MAYOR,73.0,2,54840
Aragon,Teruel,Chalet,Calle de Luna,0.0,4,47000
Aragon,Teruel,Chalet,Penarroya de Tastavins,278.0,2,195000
Aragon,Teruel,Chalet,Calle San Jaime 12,99.0,3,15500
Aragon,Teruel,Chalet,Beceite,192.0,5,45000
Aragon,Teruel,Chalet,Penarroya de Tastavins,127.0,2,30000
Aragon,Teruel,Casa Rural,Cretas,300.0,4,550000
Aragon,Teruel,Casa Rural,Calaceite,35.0,1,33000
Aragon,Teruel,Casa Rural,Calle Callejuela 11,199.0,5,50000
Aragon,Teruel,Chalet,Valderrobres,184.0,3,108000
Aragon,Teruel,Casa Rural,La Portellada,100.0,1,26000
Aragon,Teruel,Chalet,Valderrobres,124.0,3,115000
Aragon,Teruel,Chalet,Calle San Miguel 25,550.0,4,355000
Aragon,Teruel,Casa Rural,Valderrobres,40.0,1,22000
Aragon,Teruel,Piso,Calle la Merced s/n,79.0,2,57800
Aragon,Teruel,Piso,Alcala de la Selva,85.0,3,100000
Aragon,Teruel,Casa Rural,Valderrobres,35.0,0,18000
Aragon,Teruel,Casa Rural,Penarroya de Tastavins,515.0,1,65000
Aragon,Teruel,Chalet,Beceite,373.0,7,200000
Aragon,Teruel,Chalet,Valderrobres,124.0,3,115000
Aragon,Teruel,Chalet,La Portellada,307.0,1,36000
Aragon,Teruel,Chalet,Valderrobres,300.0,4,45000
Aragon,Teruel,Casa Rural,Valderrobres,220.0,1,58000
Aragon,Teruel,Chalet,La Ginebrosa,144.0,3,85000
Aragon,Teruel,Chalet,Penarroya de Tastavins,432.0,4,45000
Aragon,Teruel,Casa Rural,Valderrobres,50.0,1,22000
Aragon,Teruel,Casa Rural,Cretas,100.0,1,85000
Aragon,Teruel,Chalet,Torrecilla de Alcaniz,252.0,1,27500
Aragon,Teruel,Casa Rural,La Fresneda,5.0,1,24000
Aragon,Teruel,Chalet,Cretas,78.0,3,85000
Aragon,Teruel,Piso,Cretas,115.0,3,80000
Aragon,Teruel,Chalet,Valderrobres,216.0,3,137750
Aragon,Teruel,Chalet,Valderrobres,124.0,2,65000
Aragon,Teruel,Casa Rural,Valderrobres,30.0,1,31750
Aragon,Teruel,Chalet,Calle San Miguel 25,550.0,4,355000
Aragon,Teruel,Chalet,Fuentespalda,172.0,2,110000
Aragon,Teruel,Duplex,Urbanizacion Vega de la Selva 1 1,87.0,3,123000
Aragon,Teruel,Chalet,Beceite,346.0,4,450000
Aragon,Teruel,Chalet,Penarroya de Tastavins,140.0,3,20000
Aragon,Teruel,Casa Rural,La Portellada,100.0,1,26000
Aragon,Teruel,Chalet,Calle San Jaime 12,112.0,3,15500
Aragon,Teruel,Casa Rural,Calle San Roque,86.0,3,19900
Aragon,Teruel,Chalet,Cretas,138.0,5,75000
Aragon,Teruel,Chalet,Rafales,184.0,2,159000
Aragon,Teruel,Casa Rural,Cretas,300.0,4,550000
Aragon,Teruel,Casa Rural,Penarroya de Tastavins,515.0,1,65000
Aragon,Teruel,Duplex,Cretas,105.0,5,65000
Aragon,Teruel,Piso,Alcaniz,73.0,2,46000
Aragon,Teruel,Casa Rural,Calle Callejuela 11,177.0,5,50000
Aragon,Teruel,Casa Rural,Valderrobres,7.0,1,70000
Aragon,Teruel,Chalet,Beceite,180.0,6,110000
Aragon,Teruel,Casa Rural,Calaceite,35.0,1,33000
Aragon,Teruel,Chalet,Calle Nueva,170.0,3,29000
Aragon,Teruel,Chalet,Valjunquera,679.0,5,60000
Aragon,Teruel,Casa Rural,Avenida de Zaragoza 52,246.0,6,100000
Aragon,Teruel,Chalet,Valdeltormo,174.0,4,29000
Aragon,Teruel,Duplex,Calle Arrabal 3,62.0,2,135000
Aragon,Teruel,Casa Rural,Calle Horno 24,180.0,5,50000
Aragon,Teruel,Casa Rural,La Portellada,54.0,1,35000
Aragon,Teruel,Chalet,Calaceite,10.0,1,40000
Aragon,Teruel,Chalet,Visiedo,176.0,5,74000
Aragon,Teruel,Casa Rural,La Fresneda,183.0,0,200000
Aragon,Teruel,Duplex,Calle Arrabal 3,80.0,2,135000
Aragon,Teruel,Casa Rural,La Canada de Verich,131.0,4,69000
Aragon,Teruel,Chalet,Calle Rocasolano 45,89.0,3,52000
Aragon,Teruel,Piso,Calle San Miguel 8,98.0,3,135000
Aragon,Teruel,Chalet,Valdeltormo,174.0,4,29000
Aragon,Teruel,Piso,Camino de Gea,76.0,2,115000
Aragon,Teruel,Chalet,La Codonera,418.0,3,24000
Aragon,Teruel,Piso,Ronda de Ambeles,69.0,2,155000
Aragon,Teruel,Chalet,Calle Rosario 14,141.0,3,12000
Aragon,Teruel,Atico,La Fresneda,152.0,3,148000
Aragon,Teruel,Chalet,Monreal del Campo,132.0,4,79000
Aragon,Teruel,Chalet,Valderrobres,298.0,0,64000
Aragon,Teruel,Chalet,Valjunquera,130.0,4,42000
Aragon,Teruel,Chalet,Penarroya de Tastavins,432.0,4,45000
Aragon,Teruel,Chalet,Calle de Atras 12,156.0,2,55000
Aragon,Teruel,Chalet,Monroyo,532.0,0,145000
Aragon,Teruel,Chalet,Beceite,277.0,5,187000
Aragon,Teruel,Casa Rural,Valderrobres,148.0,0,105000
Aragon,Teruel,Casa Rural,Calle Rociadero,195.0,5,90000
Aragon,Teruel,Casa Rural,Calamocha,183.0,5,99500
Aragon,Teruel,Casa Rural,Lledo,182.0,0,390000
Aragon,Teruel,Casa Rural,ARRABAL 82,89.0,3,50000
Aragon,Teruel,Chalet,Torrecilla de Alcaniz,241.0,1,50000
Aragon,Teruel,Chalet,Penarroya de Tastavins,222.0,4,60000
Aragon,Teruel,Piso,Alcaniz,110.0,4,115000
Aragon,Teruel,Piso,Calle Obispo Sanchez,108.0,3,63000
Aragon,Teruel,Atico,Calle Tenor Marin 3,126.0,4,138000
Aragon,Teruel,Casa Rural,Gudar,162.0,1,65000
Aragon,Teruel,Piso,Mora de Rubielos,74.0,2,98000
Aragon,Teruel,Casa Rural,Linares de Mora,76.0,2,45000
Aragon,Teruel,Casa Rural,La Portellada,60.0,1,28000
Aragon,Teruel,Casa Rural,Calle Aragon,173.0,4,41700
Aragon,Teruel,Casa Rural,Manzanera,40.0,1,35000
Aragon,Teruel,Piso,Plaza Trucharte,93.0,3,33900
Aragon,Teruel,Piso,Manzanera,90.0,3,60000
Aragon,Teruel,Chalet,Valjunquera,244.0,4,57000
Aragon,Teruel,Casa Rural,Gea de Albarracin,112.0,1,149000
Aragon,Teruel,Casa Rural,Albentosa,14.366,3,85000
Aragon,Teruel,Casa Rural,Albentosa,148.0,4,75000
Aragon,Teruel,Casa Rural,Manzanera,40.0,1,35000
Aragon,Teruel,Casa Rural,La Portellada,41.0,1,28000
Aragon,Teruel,Chalet,Valdeltormo,303.0,3,35000
Aragon,Teruel,Casa Rural,Manzanera,50.0,4,90000
Aragon,Teruel,Casa Rural,Manzanera,93.0,3,65000
Aragon,Teruel,Casa Rural,Riodeva,190.0,5,30000
Aragon,Teruel,Chalet,Calle Hospital,0.0,3,21500
Aragon,Teruel,Piso,Manzanera,47.0,1,15000
Aragon,Teruel,Chalet,Calle Medio,598.0,9,36100
Aragon,Teruel,Casa Rural,Alcala de la Selva,46.794,1,79000
Aragon,Teruel,Casa Rural,Gea de Albarracin,112.0,1,149000
Aragon,Teruel,Casa Rural,Calle Aragon,173.0,4,41700
Aragon,Teruel,Chalet,Monroyo,85.0,3,135000
Aragon,Teruel,Piso,Calle Teniente Moore,102.0,3,105500
Aragon,Teruel,Piso,Mora de Rubielos,71.0,2,98000
Aragon,Teruel,Casa Rural,Calle Norte,134.0,2,15800
Aragon,Teruel,Piso,Mora de Rubielos,69.0,2,123000
Aragon,Teruel,Duplex,Manzanera,94.0,3,75000
Aragon,Teruel,Piso,Cella,25.0,4,105000
Aragon,Teruel,Piso,Manzanera,118.0,3,45000
Aragon,Teruel,Chalet,Valjunquera,244.0,4,57000
Aragon,Teruel,Piso,Teruel,68.0,2,75000
Aragon,Teruel,Casa Rural,Manzanera,89.0,3,165000
Aragon,Teruel,Piso,Manuel Marina,147.0,4,96000
Aragon,Teruel,Chalet,Calle Maria Moliner 2,111.0,3,109531
Aragon,Teruel,Casa Rural,Urb. Solano de la Vega-Panticosa 208,96.0,3,120000
Aragon,Teruel,Piso,Valderrobres,83.0,2,140000
Aragon,Teruel,Casa Rural,Arens de Lledo,58.0,1,57000
Aragon,Teruel,Piso,Calle la Iglesia 3,110.0,3,136000
Aragon,Teruel,Chalet,Lledo,30.0,1,12000
Aragon,Teruel,Piso,Cedrillas,60.0,2,60000
Aragon,Teruel,Chalet,La Fresneda,252.0,4,240000
Aragon,Teruel,Piso,Ensanche - Fuenfresca,75.0,2,155000
Aragon,Teruel,Chalet,Calle los Azafranes 1 -B,134.0,4,200000
Aragon,Teruel,Piso,Cedrillas,68.0,2,60000
Aragon,Teruel,Piso,Castralvo - Villaespesa - Aldehuela,80.0,2,95000
Aragon,Teruel,Piso,Poligono Industrial Noguera,75.0,2,110000
Aragon,Teruel,Casa Rural,Calle del Oro 11,229.0,6,95000
Aragon,Teruel,Casa Rural,Arens de Lledo,59.0,1,57000
Aragon,Teruel,Piso,Cedrillas,72.0,2,60000
Aragon,Teruel,Piso,Poligono Industrial Noguera,75.0,2,110000
Aragon,Teruel,Piso,Cedrillas,76.0,2,60000
Aragon,Teruel,Casa Rural,Calle del Oro 11,234.0,6,95000
Aragon,Teruel,Piso,Ensanche - Fuenfresca,74.0,2,155000
Aragon,Teruel,Piso,Plaza Samper 5,100.0,3,52900
Aragon,Teruel,Piso,Centro,85.0,3,135000
Aragon,Teruel,Chalet,Calle de Antonio Campillo,65.0,2,63000
Aragon,Teruel,Casa Rural,San Roque,151.0,4,39500
Aragon,Teruel,Chalet,Calle Cuevas Puente la Reina 74,45.0,1,70000
Aragon,Teruel,Casa Rural,LA ROCHA 37,182.0,5,58000
Aragon,Teruel,Casa Rural,Tormon,45.0,2,25000
Aragon,Teruel,Casa Rural,LA MINA,88.0,3,89900
Aragon,Teruel,Casa Rural,Carretera de San Agustin,80.0,2,49000
Aragon,Teruel,Casa Rural,Calle Canton,85.0,3,97300
Aragon,Teruel,Piso,Calle San Miguel,113.0,3,155000
Aragon,Teruel,Casa Rural,Calle Trascasa s/n,196.0,5,55000
Aragon,Teruel,Duplex,Calle la Canaleta 5,63.0,2,70000
Aragon,Teruel,Duplex,IBANEZ MARTIN 6,159.0,4,120000
Aragon,Teruel,Piso,IBANEZ MARTIN 50,108.0,3,105000
Aragon,Teruel,Casa Rural,Camino del Espligar s/n caminodelespligar,80.0,1,20000
Aragon,Teruel,Estudio,Calle Casanova 41,28.0,0,39000
Aragon,Teruel,Piso,Calle Urbanizacion Sagrada Familia 7,113.0,3,104000
Aragon,Teruel,Casa Rural,"41deg00'16.2""N 0deg14'47.2""E 41 deg00'16.2""N 0deg14'47.2""E",200.0,4,45000
Aragon,Teruel,Chalet,Joaquin Costa 2,128.0,4,17000
Aragon,Teruel,Casa Rural,Calle Portillo 7,213.0,6,15000
Aragon,Teruel,Atico,Avenida Valencia 4,20.0,1,89000
Aragon,Teruel,Casa Rural,Retiro 11,125.0,2,53000
Aragon,Teruel,Casa Rural,C/Sol 2,30.0,4,29000
Aragon,Teruel,Casa Rural,Castralvo - Villaespesa - Aldehuela,54.111,1,131000
Aragon,Teruel,Casa Rural,Calle Vallado 20,86.0,3,34000
Aragon,Teruel,Chalet,Calle Iglesia 16,550.0,10,28000
Aragon,Teruel,Chalet,Centro,91.0,1,60000
Aragon,Teruel,Piso,AAIUN 1 -3,100.0,3,150000
Aragon,Teruel,Casa Rural,Calle del Rosario 14,70.0,4,15000
Aragon,Teruel,Casa Rural,San Agustin,48.5,1,10000
Aragon,Teruel,Piso,Avenida Corona de Aragon 18,77.0,2,100000
Aragon,Teruel,Casa Rural,Manzanera,318.0,1,19000
Aragon,Teruel,Casa Rural,Manzanera,66.0,2,15000
Aragon,Teruel,Duplex,Manzanera,115.0,3,75000
Aragon,Teruel,Casa Rural,Pasaje Cra Mora-Rio Alcala 5,750.0,4,330000
Aragon,Teruel,Casa Rural,Manzanera,318.0,1,19000
Aragon,Teruel,Piso,Calle Italia,65.0,2,239000
Aragon,Teruel,Casa Rural,Calle la Fuente 120,657.0,0,13000
Aragon,Teruel,Casa Rural,San Antonio 9,152.0,4,99000
Aragon,Teruel,Piso,Carrel - San Julian - Arrabal,98.0,3,80000
Aragon,Teruel,Estudio,Calle Andaquilla 4,130.0,0,90000
Aragon,Teruel,Casa Rural,Albentosa,138.0,1,20000
Aragon,Teruel,Piso,Barrios perifericos,90.0,2,50360
Aragon,Teruel,Piso,La Iglesia 2,71.0,2,45000
Aragon,Teruel,Piso,Centro,103.0,3,75000
Aragon,Teruel,Casa Rural,Torrecilla del Rebollar,128.0,1,40000
Aragon,Teruel,Piso,Avenida Ruiz Jarabo,158.0,4,160000
Aragon,Teruel,Piso,Avenida Sagunto 32,71.0,2,110000
Aragon,Teruel,Piso,Calle Cuatro Esquinas 4,137.0,4,109000
Aragon,Teruel,Piso,Manzanera,77.0,2,93000
Aragon,Teruel,Casa Rural,Manzanera,72.0,2,15000
Aragon,Teruel,Casa Rural,Jabaloyas,232.0,4,20000
Aragon,Teruel,Casa Rural,Calle Baja 2,65.0,2,63000
Aragon,Teruel,Piso,Plaza del Ayuntamiento,158.0,4,69900
Aragon,Teruel,Casa Rural,Cuesta de Teruel 3,264.0,7,135000
Aragon,Teruel,Casa Rural,Plaza 1,136.0,4,35000
Aragon,Teruel,Casa Rural,Camino de La Muela 29,13.0,3,225000
Aragon,Teruel,5 y 7,677612501,160.0,4,0
Aragon,Teruel,Chalet,Orihuela del Tremedal,966.0,5,375000
Aragon,Teruel,Chalet,Calle Aragon,152.0,4,37000
Aragon,Teruel,Piso,Centro,18.0,2,95000
Aragon,Teruel,Casa Rural,Calle Iglesia,186.0,5,41000
Aragon,Teruel,Chalet,Calle Virgen del Carmen,149.0,1,26000
Aragon,Teruel,Chalet,Calle Abadia,157.0,4,36000
Aragon,Teruel,Piso,Calle Arrabal,111.0,3,75000
Aragon,Teruel,Casa Rural,Calle Cantarerias 5,160.0,4,35000
Aragon,Teruel,Piso,Calle la Dalia,148.0,4,118000
Aragon,Teruel,Chalet,Calamocha,250.0,6,149000
Aragon,Teruel,Casa Rural,Olba,45.0,1,15000
Aragon,Teruel,Casa Rural,Berge,114.0,6,135000
Aragon,Teruel,Chalet,Avenida Madrid,671.0,7,85000
Aragon,Teruel,Chalet,Plaza Joaquin Ros 1,180.0,7,48000
Aragon,Teruel,Atico,Calle del Mas 7,12.0,2,65000
Aragon,Teruel,Casa Rural,Calle Mayor s/n,185.0,5,45000
Aragon,Teruel,Casa Rural,CASTILLO 39,141.0,4,60000
Aragon,Teruel,Piso,Calle la pecha 2,118.0,3,29000
Aragon,Teruel,Chalet,Calle Calasanz Rabaza 16,60.0,3,169000
Aragon,Teruel,Casa Rural,Calle Carrasalinas s/n sn,186.0,5,50000
Aragon,Teruel,Piso,Calle Utrillas 2,103.0,3,46000
Aragon,Teruel,Piso,Avenida valencia 5,75.0,2,79000
Aragon,Teruel,Casa Rural,Calle las Fuentes 28,89.0,3,42000
Aragon,Teruel,Chalet,Calle Carretera 37,149.0,4,79500
Aragon,Teruel,Casa Rural,Camino de Escriche 1,46.0,0,1900000
Aragon,Teruel,Casa Rural,Plaza 3,413.0,10,220000
Aragon,Teruel,Casa Rural,Plano San Blas 1,65.0,4,79000
Aragon,Teruel,Casa Rural,Calle la Muela 36,466.0,5,65000
Aragon,Teruel,Atico,Camino de la Estacion 3,66.0,2,135000
Aragon,Teruel,Chalet,Calle Loreto 16,188.59,3,130000
Aragon,Teruel,Casa Rural,Calle Candela 48,118.0,3,50000
Aragon,Teruel,Chalet,San jose 9,125.0,4,58900
Aragon,Teruel,Casa Rural,Calle de la Virgen 23,335.0,8,80000
Aragon,Teruel,Casa Rural,Calle Canton de Minon 3,158.0,4,45000
Aragon,Teruel,Casa Rural,Calle Padre Piquer 1,121.0,4,98000
Aragon,Teruel,Chalet,Calle Mayor 130,585.0,5,80000
Aragon,Teruel,Piso,Calle el Pilar 10,92.0,3,169000
Aragon,Teruel,Chalet,Plaza San Blas 13,120.0,4,18000
Aragon,Teruel,Chalet,Calle trinidad 47,471.0,10,55000
Aragon,Teruel,Casa Rural,Mazaleon,106.0,3,20000
Aragon,Teruel,Duplex,Calle Molino s/n sn,125.0,4,115000
Aragon,Teruel,Piso,Calle las Arribas 19,70.0,2,83500
Aragon,Teruel,Casa Rural,Sarrion,21.0,1,5500
Aragon,Teruel,Chalet,Calle de Teruel 36,119.0,3,140000
Aragon,Teruel,Piso,Avenida de America 32,104.0,3,300000
Aragon,Teruel,Chalet,Centro,60.4,1,257000
Aragon,Teruel,Casa Rural,Calle Meson Viejo 36,78.0,2,159000
Aragon,Teruel,Piso,Calle la Dalia 3,136.0,4,170000
Aragon,Teruel,Atico,Calle del Mas 7,12.0,2,65000
Aragon,Teruel,Casa Rural,Torre 3,124.0,4,13000
Aragon,Teruel,Casa Rural,Calle DEL TRULLO 11,64.0,2,110000
Aragon,Teruel,Chalet,Urbanizacion las Majadas 22,64.0,2,175000
Aragon,Teruel,Casa Rural,Calle plana sancho 30,128.0,5,70000
Aragon,Teruel,Casa Rural,Calle Alta 13,340.0,6,29000
Aragon,Teruel,Chalet,Carmen 43,40.0,3,200000
Aragon,Teruel,Chalet,Calle Carretera 37,125.0,4,79500
Aragon,Teruel,Piso,Avenida de America 32,104.0,3,300000
Aragon,Teruel,Casa Rural,Calle Carrasalinas s/n sn,162.0,5,50000
Aragon,Teruel,Casa Rural,Camino de Escriche 1,22.0,0,1900000
Aragon,Teruel,Casa Rural,Calle Meson Viejo 36,63.0,2,159000
Aragon,Teruel,Atico,Camino de la Estacion 3,69.0,2,135000
Aragon,Teruel,Casa Rural,Calle Mayor 4,310.0,7,120000
Aragon,Teruel,Casa Rural,canton 14,191.0,5,20000
Aragon,Teruel,Chalet,Urbanizacion las Majadas 22,64.0,2,175000
Aragon,Teruel,15,670039709,412.0,15,0
Aragon,Teruel,Casa Rural,Calle San Bartolome 47,1.143,4,40000
Aragon,Teruel,Chalet,San jose 9,125.0,4,58900
Aragon,Teruel,Casa Rural,Calle Padre Piquer 1,148.0,4,98000
Aragon,Teruel,Chalet,Centro,60.4,1,257000
Aragon,Teruel,Casa Rural,Calle Canton de Minon 3,120.0,4,45000
Aragon,Teruel,Chalet,Calle de Teruel 36,105.0,3,140000
Aragon,Teruel,Casa Rural,Calle Mayor s/n,183.0,5,45000
Aragon,Teruel,Casa Rural,Torre 3,139.0,4,13000
Aragon,Teruel,Chalet,Plaza Mayor 3,425.0,16,275000
Aragon,Teruel,Atico,Calle del Mas 7,12.0,2,65000
Aragon,Teruel,Casa Rural,CASTILLO 39,124.0,4,60000
Aragon,Teruel,Chalet,Avenida Estacion Nueva 50,12.0,4,159000
Aragon,Teruel,Chalet,Calle Calasanz Rabaza 16,60.0,3,169000
Aragon,Teruel,Casa Rural,Calle Sol 6,140.0,6,270000
Aragon,Teruel,Casa Rural,Plaza 3,435.0,10,220000
Aragon,Teruel,Chalet,Rincon del Horno 4,98.0,3,64000
Aragon,Teruel,Chalet,Carmen 43,40.0,3,200000
Aragon,Teruel,Casa Rural,Calle Mayor 23,297.0,7,25999
Aragon,Teruel,Casa Rural,Plano San Blas 1,65.0,4,79000
Aragon,Teruel,Piso,Urbanizacion el Ciervo 1,68.0,2,53000
Aragon,Teruel,Piso,Calle de la cruz 6,101.0,3,175000
Aragon,Teruel,Estudio,Calle Pintor el Greco 6,40.0,0,35000
Aragon,Teruel,Piso,Plaza del Carmen 3,78.0,2,165000
Aragon,Teruel,Casa Rural,Cuesta Postigo 28,60.0,3,39000
Aragon,Teruel,Casa Rural,Calle Rocasolano 118,15.0,5,80000
Aragon,Teruel,Piso,Ronda de Ambeles 18,80.0,3,155500
Aragon,Teruel,Casa Rural,El Arrabal 62,300.0,5,65000
Aragon,Teruel,Chalet,Calle de Horno 32,71.0,2,15000
Aragon,Teruel,Chalet,Camino Cerrito Mas de Peiron 12 E,90.0,3,325000
Aragon,Teruel,Piso,Calle Herreria 1,90.0,4,90000
Aragon,Teruel,Piso,YAGUE DE SALAS 22,105.0,3,90000
Aragon,Teruel,Casa Rural,Calle Plana 1,40.0,0,12000
Aragon,Teruel,Chalet,Ronda OESTE s/n,120.0,3,160000
Aragon,Teruel,Casa Rural,Calle Pilon 5,76.0,5,116000
Aragon,Teruel,Casa Rural,Calle Baja 19,85.0,3,38000
Aragon,Teruel,Casa Rural,Calle el Pilar 12,100.0,3,55000
Aragon,Teruel,Casa Rural,C/Amargura 4,75.0,3,146000
Aragon,Teruel,Casa Rural,Cuesta Postigo 28,60.0,3,39000
Aragon,Teruel,Piso,Urbanizacion el Ciervo 1,72.0,2,53000
Aragon,Teruel,Casa Rural,El Arrabal 62,300.0,5,65000
Aragon,Teruel,Estudio,Calle Pintor el Greco 6,40.0,0,35000
Aragon,Teruel,Casa Rural,Avenida Agustin Plana 32,112.0,7,180000
Aragon,Teruel,Chalet,Calle Alta 3,107.0,3,95000
Aragon,Teruel,Casa Rural,Calle Mayor 10,371.0,8,89500
Aragon,Teruel,Casa Rural,TRASCORRALES 47,24.0,0,39000
Aragon,Teruel,Casa Rural,Calle Ramon y Cajal 17,70.0,2,12000
Aragon,Teruel,Piso,Calle de la cruz 6,108.0,3,175000
Aragon,Teruel,Piso,Camino Vega 4  1deg A,53.0,4,65000
Aragon,Teruel,Chalet,Calle san pedro 42,145.0,4,13000
Aragon,Teruel,Piso,Ronda de Ambeles 18,107.0,3,155500
Aragon,Teruel,Chalet,Calle Nicanor Villalta 1,171.0,5,230000
Aragon,Teruel,Casa Rural,Calle el Cerezo 17,107.0,6,95000
Aragon,Teruel,Piso,Plaza del Carmen 3,64.0,2,165000
Aragon,Teruel,Casa Rural,Calle Pez 15,83.0,3,17000
Aragon,Teruel,Duplex,San Agustin,20.0,2,95000
Aragon,Teruel,Piso,Baja,81.0,3,69000
Aragon,Teruel,Piso,Calle Mayor,60.0,1,73000
Aragon,Teruel,Piso,Calle Manuel Garcia Perez,103.0,3,49000
Aragon,Teruel,Chalet,Albalate del Arzobispo,167.0,3,18000
Aragon,Teruel,Casa Rural,Calle Hospital 21,108.0,3,29000
Aragon,Teruel,Chalet,Pancrudo,235.0,6,42000
Aragon,Teruel,Casa Rural,Avenida de Zaragoza s/n,60.0,2,25000
Aragon,Teruel,Piso,Avenida Aragon,137.0,4,49900
Aragon,Teruel,Duplex,Urbanizacion Vega de la Selva 1,94.0,3,100000
Aragon,Teruel,Casa Rural,Callizo Trinquete,109.0,3,39000
Aragon,Teruel,Piso,Rubielos de Mora,73.0,2,135000
Aragon,Teruel,Piso,Avenida Aragon,148.0,4,39000
Aragon,Teruel,Chalet,Rubielos de Mora,20.0,8,59000
Aragon,Teruel,Piso,El Puntal. Los Olmos s/n sn,88.0,3,43000
Aragon,Teruel,Piso,Calle Mosen Pedro Dosset,112.0,3,16000
Aragon,Teruel,Casa Rural,Calle San Justo 16,40.0,5,28000
Aragon,Teruel,Chalet,Calle virgen pilar 23,160.0,4,149000
Aragon,Teruel,Chalet,Baguena,43.0,1,75000
Aragon,Teruel,Casa Rural,Calle Horno 40,242.0,6,160000
Aragon,Teruel,Piso,Calle Mosen Pedro Dosset,105.0,1,12500
Aragon,Teruel,Casa Rural,Plaza Santa Lucia 16,515.0,6,55000
Aragon,Teruel,Piso,Barrio Troya,44.0,1,73000
Aragon,Teruel,1oc 1,652894797,136.0,4,0
Aragon,Teruel,Casa Rural,Diseminado Pastores 62,50.0,2,105000
Aragon,Teruel,Casa Rural,Calle Centro 78,136.0,4,69700
Aragon,Teruel,Piso,Calle Mayor,64.0,2,17600
Aragon,Teruel,Piso,Carretera cuenca 4,99.0,3,120000
Aragon,Teruel,Chalet,urb el ciervo 32,210.0,6,180000
Aragon,Teruel,Casa Rural,Plaza Placeta 4,212.0,6,95000
Aragon,Teruel,Piso,Plaza Bajo Aragon 4  1o D,114.0,3,65000
Aragon,Teruel,Casa Rural,Placeta Vieja 7,28.0,0,140000
Aragon,Teruel,Casa Rural,Plaza Andrade 1,1.109,8,190000
Aragon,Teruel,Casa Rural,Calle Alta 25,101.0,3,42000
Aragon,Teruel,Casa Rural,Calle mayor 71,100.0,3,11000
Aragon,Teruel,Piso,Plaza de las Cortes de Aragon 1,114.0,3,22000
Aragon,Teruel,Chalet,Calle Ancha 10,129.0,4,120000
Aragon,Teruel,Chalet,Calle San Jorge 9,738.0,4,125000
Aragon,Teruel,Piso,Avenida Aragon,152.0,4,105000
Aragon,Teruel,Chalet,Urbanizacion Vega de la Selva,141.27,3,110000
Aragon,Teruel,Casa Rural,Calle Val de Zafan 8,248.0,6,50000
Aragon,Teruel,Chalet,Calle Santiago 2,140.0,2,26000
Aragon,Teruel,Casa Rural,Calle Vicente Pascual 20,227.0,6,120000
Aragon,Teruel,Casa Rural,Puente el Batan 20,101.0,5,40000
Aragon,Teruel,Casa Rural,Calle Giles 14,124.0,4,33500
Aragon,Teruel,Piso,Calle el Prado,68.0,3,25000
Aragon,Teruel,Casa Rural,Calle San Jose 12,50.0,5,60000
Aragon,Teruel,Casa Rural,Calle de la Fuente 1,56.0,2,57000
Aragon,Teruel,Piso,Calle Mosen Pedro Dosset,112.0,3,16000
Aragon,Teruel,Piso,Calle Quevedo 3,77.0,2,91000
Aragon,Teruel,Chalet,Calle Teniente Moore,160.0,3,20900
Aragon,Teruel,Casa Rural,Calle Horno 6  bajo,157.0,4,310000
Aragon,Teruel,Piso,Urbanizacion vega de la selva 3 -17,69.0,2,145000
Aragon,Teruel,Chalet,Calle Mayor,40.0,1,15200
Aragon,Teruel,Casa Rural,costera 7,288.0,4,70000
Aragon,Teruel,Casa Rural,Calle Arrabal 10,125.0,4,60000
Aragon,Teruel,Piso,Calle Mosen Pedro Dosset,112.0,3,16000
Aragon,Teruel,Casa Rural,Calle Arrabal 10,125.0,4,60000
Aragon,Teruel,Casa Rural,Calle San Justo 16,40.0,5,28000
Aragon,Teruel,Casa Rural,Calle las Eras 18,177.0,5,50000
Aragon,Teruel,Casa Rural,Calle Eras 6,139.0,4,22000
Aragon,Teruel,Casa Rural,Calle Placeta 38,109.0,3,35000
Aragon,Teruel,Casa Rural,A-1515,50.0,1,32500
Aragon,Teruel,Chalet,Calle Mayor,41.0,1,15200
Aragon,Teruel,Casa Rural,Plaza Placeta 4,229.0,6,95000
Aragon,Teruel,Chalet,Calle Santiago 2,140.0,2,26000
Aragon,Teruel,Chalet,Calle Moron,241.0,6,75000
Aragon,Teruel,Casa Rural,Alcala 7,231.0,6,240000
Aragon,Teruel,Piso,Alcaniz,207.29,1,75100
Aragon,Teruel,Casa Rural,Calle Marques de Lema 96,231.0,6,100000
Aragon,Teruel,Casa Rural,Barrio Troya 83,139.0,4,90000
Aragon,Teruel,Chalet,Calle Medio 28,236.0,6,120000
Aragon,Teruel,Piso,Calle Pedro Ruiz de Moros 2,88.0,3,175000
Aragon,Teruel,Chalet,Cuesta Carbon,290.0,3,114600
Aragon,Teruel,Casa Rural,Calle Rosario 17,259.0,7,70000
Aragon,Teruel,Casa Rural,Calle Territorio,24.0,1,18000
Aragon,Teruel,Casa Rural,Calle Doctor Lopez 34,429.0,6,75000
Aragon,Teruel,Casa Rural,Calle Mayor 3,70.0,2,28000
Aragon,Teruel,Casa Rural,Calle Mayor Baja 14,591.0,12,30000
Aragon,Teruel, 27,690324075,550.0,27,0
Aragon,Teruel,Piso,Carretera de San Julian 46,100.0,3,78000
Aragon,Teruel,Casa Rural,Calle Liriazo 43,36.0,0,30000
Aragon,Teruel,Casa Rural,Finca Torre de Compte 1209,28.0,0,60000
Aragon,Teruel,Casa Rural,Calle San Roque 12,272.0,9,50000
Aragon,Teruel,Casa Rural,Avenida de Blas Murria 7,166.0,5,90000
Aragon,Teruel,Casa Rural,Plaza de la Iglesia 3,111.0,3,95000
Aragon,Teruel,Chalet,Nogueruelas,99.0,2,20000
Aragon,Teruel,Casa Rural,Calle Tremedal 49,135.0,8,30000
Aragon,Teruel,Piso,Urbanizacion Parque de la Vega,117.0,3,80000
Aragon,Teruel,Piso,Amargura,76.0,2,95000
Aragon,Teruel,Chalet,Calle tio jorje 20 20 Nmero,289.0,7,150000
Aragon,Teruel,Chalet,Calle la Costera 28,125.0,4,72000
Aragon,Teruel,Casa Rural,Avenida Madrid 15,392.0,4,85000
Aragon,Teruel,Casa Rural,Calle Mosen Andres 38,228.0,6,82000
Aragon,Teruel,Casa Rural,Calle Amargura 15,73.0,2,33000
Aragon,Teruel,Casa Rural,Calle Canonigo Buj 6,150.0,4,25000
Aragon,Teruel,Chalet,Nogueruelas,99.0,2,20000
Aragon,Teruel,Piso,Urbanizacion Parque de la Vega,110.0,3,80000
Aragon,Teruel,Piso,Amargura,74.0,2,95000
Aragon,Teruel,Chalet,Pancrudo,68.0,2,68000
Aragon,Teruel,Casa Rural,Calle Pellerin 30,176.0,5,55000
Aragon,Teruel,Piso,Calle Feliciano Sanchez 8,93.0,3,125000
Aragon,Teruel,Casa Rural,Calle Mayor Baja 14,491.0,12,30000
Aragon,Teruel,Casa Rural,Finca Torre de Compte 1209,48.0,0,60000
Aragon,Teruel,Casa Rural,Calle Meson 4,167.0,5,89000
Aragon,Teruel,Chalet,Calle Ricos hombres s/n,132.0,0,57000
Aragon,Teruel,Casa Rural,Calle Tremedal 49,135.0,8,30000
Aragon,Teruel,Casa Rural,Calle Territorio,24.0,1,18000
Aragon,Teruel,Piso,Calle Estercuel 5,94.0,3,67000
Aragon,Teruel,Casa Rural,Calle Liriazo 43,41.0,0,30000
Aragon,Teruel,Chalet,Calle Mayor 64,280.0,7,42000
Aragon,Teruel,Casa Rural,Calle Mosen Andres 38,205.0,6,82000
Aragon,Teruel,Chalet,Calle San Miguel 9,162.0,5,24000
Aragon,Teruel,Casa Rural,Calle Doctor Lopez 92,100.0,4,45000
Aragon,Teruel,Piso,Calle Canizarejo 10,119.0,3,96000
Aragon,Teruel,Chalet,VEGA DE LA SELVA,99.0,3,130000
Aragon,Teruel,Casa Rural,Avenida de Blas Murria 7,174.0,5,90000
Aragon,Teruel,Piso,Calle serreria 6 -8,115.0,3,110000
Aragon,Teruel,Casa Rural,Calle Mayor 3,68.0,2,28000
Aragon,Teruel,Chalet,Pj El Batan 41 (Virgen de la Vega) 41,186.0,5,350000
Aragon,Teruel,Duplex,Calle Arrabal 9  . 2 A,163.0,5,132000
Aragon,Teruel,Casa Rural,Plaza de la Iglesia 3,86.0,3,95000
Aragon,Teruel,Piso,Carretera de San Julian 46,93.0,3,78000
Aragon,Teruel,Casa Rural,Los Baltasares s/n sn,256.0,1,25000
Aragon,Teruel,Chalet,Calanda,244.0,6,55100
Aragon,Teruel,Casa Rural,Plaza Loreto 13,660.0,4,292500
Aragon,Teruel,Casa Rural,Calle del Rosario 1,126.0,1,52000
Aragon,Teruel,Chalet,Loscos,119.0,3,72000
Aragon,Teruel,Casa Rural,San Juan 8,97.0,3,39000
Aragon,Teruel,Atico,Calle Arrabal 9,169.0,5,140000
Aragon,Teruel,Chalet,Calle Aljezares 12,256.0,7,770000
Aragon,Teruel,Chalet,Calle Alta,102.0,3,8000
Aragon,Teruel,Duplex,San Agustin,71.0,2,67500
Aragon,Teruel,Casa Rural,Calle Horno Nuevo 5,120.0,5,100000
Aragon,Teruel,Chalet,Alcaniz,109.0,3,156000
Aragon,Teruel,Piso,Centro,130.0,4,150000
Aragon,Teruel,Chalet,Calle Portillo 19,91.0,3,85000
Aragon,Teruel,Casa Rural,Calle juego s/n,48.0,1,3600
Aragon,Teruel,Casa Rural,Calle Mayor 22,211.0,6,260000
Aragon,Teruel,Casa Rural,Cl. San Antonio 31,95.0,3,62000
Aragon,Teruel,Casa Rural,Beceite,21.0,0,69000
Aragon,Teruel,Chalet,Mas de las Matas,661.0,9,57000
Aragon,Teruel,Chalet,Calle Eras 53,119.0,3,136000
Aragon,Teruel,Casa Rural,Calle la Paz 3,194.0,5,60000
Aragon,Teruel,Piso,Plaza Samper 2,200.0,5,75000
Aragon,Teruel,Casa Rural,Valderrobres,75.0,0,72000
Aragon,Teruel,Casa Rural,Valderrobres,198.0,0,42000
Aragon,Teruel,Casa Rural,Arriba 3,75.0,2,50000
Aragon,Teruel,Casa Rural,Calle Aire 5,245.0,6,95000
Aragon,Teruel,Chalet,Castralvo - Villaespesa - Aldehuela,126.0,4,256000
Aragon,Teruel,Chalet,Villafranca del Campo,93.0,4,30000
Aragon,Teruel,Casa Rural,Calle Daroca 8,200.0,5,25001
Aragon,Teruel,Casa Rural,Calle horno 11,68.0,2,35000
Aragon,Teruel,Piso,Centro,134.0,4,150000
Aragon,Teruel,Chalet,Valderrobres,128.0,4,29000
Aragon,Teruel,Chalet,Alcaniz,89.0,3,156000
Aragon,Teruel,Piso,ZARAGOZA 3,107.0,3,135000
Aragon,Teruel,Chalet,Urbanizacion Espinoso 44,326.0,8,432000
Aragon,Teruel,Chalet,Travesia Ferial,150.0,4,30000
Aragon,Teruel,Chalet,Valjunquera,211.0,4,25000
Aragon,Teruel,Casa Rural,Valjunquera,100.0,0,60000
Aragon,Teruel,Chalet,Pancrudo,82.0,3,14000
Aragon,Teruel,Chalet,Valjunquera,142.0,3,48000
Aragon,Teruel,Piso,Mayor 92 . 3-B,99.0,3,79500
Aragon,Teruel,Piso,Avenida Aragon 61,82.0,3,130000
Aragon,Teruel,Casa Rural,Calle Hispanoamerica,676.0,12,120000
Aragon,Teruel,Chalet,Valjunquera,446.0,6,87000
Aragon,Teruel,Chalet,Centro,140.0,4,99000
Aragon,Teruel,Chalet,Penarroya de Tastavins,163.0,2,13500
Aragon,Teruel,Chalet,Samper de Calanda,135.0,4,39000
Aragon,Teruel,Chalet,Beceite,220.0,5,130000
Aragon,Teruel,Casa Rural,Mazaleon,90.0,1,50000
Aragon,Teruel,Piso,Valderrobres,116.0,3,90000
Aragon,Teruel,Casa Rural,La Portellada,255.0,1,32000
Aragon,Teruel,Casa Rural,Valderrobres,38.0,1,21000
Aragon,Teruel,Chalet,Valderrobres,158.0,3,64000
Aragon,Teruel,Estudio,Calle San Esteban 3,32.0,0,52500
Aragon,Teruel,Chalet,Valderrobres,158.0,3,64000
Aragon,Teruel,Casa Rural,Valderrobres,38.0,1,21000
Aragon,Teruel,Casa Rural,Penarroya de Tastavins,45.0,1,19500
Aragon,Teruel,Chalet,La Fresneda,591.0,4,38000
Aragon,Teruel,Casa Rural,Mazaleon,90.0,1,50000
Aragon,Teruel,Chalet,La Portellada,346.0,4,59000
Aragon,Teruel,Casa Rural,Fuentespalda,250.0,1,300000
Aragon,Teruel,Chalet,Mas de las Matas,404.0,3,44000
Aragon,Teruel,Chalet,Fuentespalda,84.0,3,185000
Aragon,Teruel,Chalet,Valderrobres,372.0,5,99000
Aragon,Teruel,Casa Rural,Arens de Lledo,52.0,1,33000
Aragon,Teruel,Piso,Calle el Pilar,90.0,3,85000
Aragon,Teruel,Casa Rural,Cretas,49.0,1,17000
Aragon,Teruel,Piso,Ronda Pintor Garate,96.0,3,51000
Aragon,Teruel,Piso,Valderrobres,125.0,4,94000
Aragon,Teruel,Casa Rural,La Portellada,255.0,1,32000
Aragon,Teruel,Piso,Utrillas,103.0,3,44200
Aragon,Teruel,Piso,Calle Marques de Lema s/n,158.0,4,19000
Aragon,Teruel,Estudio,EL PLANO,45.0,0,63000
Aragon,Teruel,Chalet,Calle Horno,130.0,4,50000
Aragon,Teruel,Piso,Alcaniz,139.0,4,49200
Aragon,Teruel,Casa Rural,Calle Baja 4,93.0,4,22000
Aragon,Teruel,Casa Rural,Camarillas,39.0,0,30000
Aragon,Teruel,Piso,Calle Amargura 14,87.0,3,55100
Aragon,Teruel,Chalet,Calle Poza 19,146.0,4,117000
Aragon,Teruel,Casa Rural,Calaceite,68.0,0,52000
Aragon,Teruel,Chalet,Valderrobres,150.0,1,112000
Aragon,Teruel,Casa Rural,Mas de Gil s/n,23.0,0,75500
Aragon,Teruel,Chalet,Calle Emaus 13,85.0,3,16900
Aragon,Teruel,Chalet,Mazaleon,94.0,3,27000
Aragon,Teruel,Casa Rural,Beceite,88.0,0,100000
Aragon,Teruel,Chalet,Alcaniz,128.0,4,33000
Aragon,Teruel,Piso,Alcaniz,130.0,3,140000
Aragon,Teruel,Chalet,Carretera de Torrevelilla s/n,76.0,2,82000
Aragon,Teruel,Piso,Alcaniz,106.0,3,101100
Aragon,Teruel,Piso,Pintor el Greco 21,82.0,3,115000
Aragon,Teruel,Piso,Manuel Solano 3,99.0,3,35000
Aragon,Teruel,Atico,Alfambra,188.0,5,49000
Aragon,Teruel,Chalet,Calle Santa Ana 3,170.0,5,42300
Aragon,Teruel,Chalet,Calle la Cueva 28,79.0,2,14900
Aragon,Teruel,Piso,Alcaniz,130.0,3,140000
Aragon,Teruel,Chalet,Alcaniz,121.0,4,33000
Aragon,Teruel,Piso,Plaza Santa Teresa,95.0,3,70000
Aragon,Teruel,Piso,Calle Casas Nuevas,0.0,3,26900
Aragon,Teruel,Casa Rural,Calle Dos de Mayo,174.0,5,32000
Aragon,Teruel,Casa Rural,Calle Santa Quiteria,91.0,3,35900
Aragon,Teruel,Chalet,San Leon - El Carmen,49.0,4,58000
Aragon,Teruel,Piso,Utrillas,146.0,4,55000
Aragon,Teruel,Chalet,Griegos,99.0,3,68400
Aragon,Teruel,Piso,La Puebla de Hijar,105.0,4,54200
Aragon,Teruel,Casa Rural,Calle Asociacion Cultural,75.0,2,13000
Aragon,Teruel,Piso,Albalate del Arzobispo,83.0,3,19300
Aragon,Teruel,Atico,Plaza del olmo,96.0,3,14900
Aragon,Teruel,Chalet,La Fresneda,148.0,2,39000
Aragon,Teruel,Casa Rural,Barrios perifericos,1028.0,1,35000
Aragon,Teruel,Chalet,Blesa,152.0,4,21200
Aragon,Teruel,Piso,Andorra,98.0,3,68900
Aragon,Teruel,Chalet,Valderrobres,223.0,6,112000
Aragon,Teruel,Piso,Alcaniz,44.0,1,24800
Aragon,Teruel,Casa Rural,Guadalaviar,187.0,5,42300
Aragon,Teruel,Piso,Calle Amargura,74.0,2,83700
Aragon,Teruel,Piso,Diseminado Diseminados 304,72.0,2,70100
Aragon,Teruel,Casa Rural,Rubielos de Mora,1.088,1,499000
Aragon,Teruel,Casa Rural,Castralvo - Villaespesa - Aldehuela,5.624,1,40000
Aragon,Teruel,Casa Rural,Calle Nueva 20,93.0,3,50000
Aragon,Teruel,Casa Rural,Calle el Patio 42,298.0,7,25000
Aragon,Teruel,Chalet,Alcorisa,360.0,8,102600
Aragon,Teruel,Chalet,Valderrobres,50.0,1,82000
Aragon,Teruel,Piso,Centro,57.0,1,52500
Aragon,Teruel,Casa Rural,Fuentespalda,300.0,1,195000
Aragon,Teruel,Chalet,Jatiel,112.0,3,22700
Aragon,Teruel,Chalet,Calle San Francisco,528.0,4,30000
Aragon,Teruel,Piso,Mora de Rubielos,96.0,3,67000
Aragon,Teruel,Piso,Alcorisa,81.0,3,67800
Aragon,Teruel,Casa Rural,Unnamed Road 44580  Valderrobres,152.0,4,375000
Aragon,Teruel,Chalet,La Fresneda,224.0,1,19000
Aragon,Teruel,Casa Rural,Arens de Lledo,48.0,1,50000
Aragon,Teruel,Casa Rural,Beceite,200.0,4,160000
Aragon,Teruel,Chalet,La Portellada,170.0,1,25000
Aragon,Teruel,Chalet,La Portellada,233.0,1,29000
Aragon,Teruel,Chalet,Monroyo,381.0,1,45000
Aragon,Teruel,Chalet,Jatiel,105.0,3,22700
Aragon,Teruel,Casa Rural,Beceite,200.0,4,160000
Aragon,Teruel,Casa Rural,Calle Marcos Pena Royo 21,176.0,5,19000
Aragon,Teruel,Piso,Centro,58.0,1,52500
Aragon,Teruel,Casa Rural,Calle Nueva 20,115.0,3,50000
Aragon,Teruel,Chalet,La Portellada,170.0,1,25000
Aragon,Teruel,Duplex,Avenida Aragon 20,128.0,4,95000
Aragon,Teruel,Casa Rural,Cretas,73.0,1,56000
Aragon,Teruel,Chalet,Calanda,107.0,3,29000
Aragon,Teruel,Piso,Alcorisa,90.0,3,46700
Aragon,Teruel,Chalet,Valderrobres,52.0,1,82000
Aragon,Teruel,Chalet,La Fresneda,224.0,1,19000
Aragon,Teruel,Casa Rural,Arens de Lledo,46.0,1,50000
Aragon,Teruel,Piso,Mora de Rubielos,111.0,3,67000
Aragon,Teruel,Piso,Centro,9.0,3,35000
Aragon,Teruel,Chalet,Arens de Lledo,245.0,1,25000
Aragon,Teruel,Piso,Calanda,44.0,1,48000
Aragon,Teruel,Casa Rural,Arens de Lledo,50.0,1,44000
Aragon,Teruel,Casa Rural,Beceite,549.0,1,59000
Aragon,Teruel,Casa Rural,Unnamed Road 44580  Valderrobres,160.0,4,375000
Aragon,Teruel,Chalet,Ferreruela de Huerva,41.0,1,35000
Aragon,Teruel,Piso,Calle Amargura,56.0,2,88100
Aragon,Teruel,Piso,Calle Amantes,134.0,4,205000
Aragon,Teruel,Casa Rural,Calle Aragon,303.0,4,80000
Aragon,Teruel,Casa Rural,Calle del medio 6,56.0,1,68000
Aragon,Teruel,Piso,Calle San Francisco,140.0,4,90000
Aragon,Teruel,Piso,Calle Arrabal,91.0,3,44900
Aragon,Teruel,Piso,Calle Moretilla 14,67.0,2,58000
Aragon,Teruel,Piso,Ensanche - Fuenfresca,82.0,3,125000
Aragon,Teruel,Piso,Carrel - San Julian - Arrabal,60.0,2,57800
Aragon,Teruel,Piso,Calle la Paz,72.0,2,14500
Aragon,Teruel,Casa Rural,Albalate del Arzobispo,285.0,7,55000
Aragon,Teruel,Piso,Calle Alejandre 20,87.0,3,60000
Aragon,Teruel,Chalet,Calle Barranco 29,293.0,7,52000
Aragon,Teruel,Casa Rural,Castralvo - Villaespesa - Aldehuela,6.695,1,20000
Aragon,Teruel,Piso,Calle Palacio,73.0,2,120000
Aragon,Teruel,Casa Rural,Calle Evaristo Escorihuela 19,200.0,5,95000
Aragon,Teruel,Casa Rural,Barrios perifericos,517.0,1,110000
Aragon,Teruel,Piso,Calle baja 78,50.0,1,80000
Aragon,Teruel,Piso,Alcaniz,138.0,4,40000
Aragon,Teruel,Casa Rural,Calle San Blas 9,172.0,5,20000
Aragon,Teruel,Casa Rural,Calle Meson Viejo 10,146.0,4,48500
Aragon,Teruel,Duplex,Calle Santa Ana 20,49.0,1,93000
Aragon,Teruel,Chalet,Calle Mayor 5,82.0,3,60000
Aragon,Teruel,Piso,Calle centro 41,90.0,3,129000
Aragon,Teruel,Piso,Plaza Goya 3,117.0,3,155000
Aragon,Teruel,Estudio,Urbanizacion Solano de la Vega 514,36.0,0,80000
Aragon,Teruel,Casa Rural,Calle hospital 9,91.0,3,40000
Aragon,Teruel,Chalet,Calle Collado 3,141.0,4,125000
Aragon,Teruel,Casa Rural,Grupo Locales del Diseminado s/n Sn,60.0,2,50000
Aragon,Teruel,Piso,Avenida Valencia 22,60.0,2,79000
Aragon,Teruel,Chalet,Calle la Fuente 4,57.0,1,55000
Aragon,Teruel,Piso,Calle Amantes,71.0,2,150000
Aragon,Teruel,Casa Rural,Calle Albarracin 2,98.0,3,19000
Aragon,Teruel,Casa Rural,Calle Cabezuelo,150.0,4,64500
Aragon,Teruel,Casa Rural,Calle Teruel 5,112.0,3,23000
Aragon,Teruel,Chalet,Calle Teruel 3,110.0,3,130000
Aragon,Teruel,Casa Rural,Calle calvario 18,91.0,3,48000
Aragon,Teruel,Casa Rural,Calle la Fuente s/n sn,98.0,3,29000
Aragon,Teruel,Chalet,Calle Eras 5,110.0,8,110000
Aragon,Teruel,Chalet,Calle Eras 2,227.0,6,300000
Aragon,Teruel,Casa Rural,Calle baja 25,150.0,4,19000
Aragon,Teruel,Casa Rural,Calle collado 5,166.0,5,34000
Aragon,Teruel,Casa Rural,Calle Fuensanta 60,224.0,6,159000
Aragon,Teruel,Casa Rural,Calle Mayor 1,193.0,5,26000
Aragon,Teruel,Piso,Calle Mayor 3,40.0,1,80000
Aragon,Teruel,Chalet,Calle Doctor Lopez 108,126.0,4,50000
Aragon,Teruel,Piso,Calle San Vicente de Paul 1,125.0,4,60000
Aragon,Teruel,Chalet,Calle el Pilar 1,221.0,6,90000
Aragon,Teruel,Casa Rural,Calle Carniceria 12,85.0,4,90000
Aragon,Teruel,Chalet,Camino Cerrito Mas de Peiron 10,93.0,3,235000
Aragon,Teruel,Piso,Calle Cabezuelo 34,20.0,3,65000
Aragon,Teruel,Casa Rural,Calle la Fuente 84,122.0,4,10000
Aragon,Teruel,Casa Rural,Calle San Roque 33,134.0,4,35000
Aragon,Teruel,Chalet,Casas de Bucar 10,600.0,2,11000
Aragon,Teruel,Chalet,Calle la Mateba 11,262.0,7,40000
Aragon,Teruel,Casa Rural,Calle Planillo 11,62.0,2,22000
Aragon,Teruel,Casa Rural,Barrio el Plano s/n,79.0,0,60000
Aragon,Teruel,Casa Rural,Calle hospital 9,85.0,3,40000
Aragon,Teruel,Chalet,Calle Eras 2,237.0,6,300000
Aragon,Teruel,Chalet,francia 5,156.0,4,45000
Aragon,Teruel,Casa Rural,Calle rocha alta s/n SN,229.0,6,110000
Aragon,Teruel,Piso,Calle Mayor 3,51.0,1,80000
Aragon,Teruel,Piso,Calle Marques de Lema 165,113.0,5,60000
Aragon,Teruel,Piso,Calle Amantes,71.0,2,150000
Aragon,Teruel,Chalet,Calle el Pilar 1,247.0,6,90000
Aragon,Teruel,Casa Rural,Calle san miguel 5,45.0,0,60000
Aragon,Teruel,Casa Rural,Calle Fuensanta 60,241.0,6,159000
Aragon,Teruel,Casa Rural,Santiago 16,131.0,4,265000
Aragon,Teruel,Casa Rural,Calle la Pilarica 6,130.0,4,100000
Aragon,Teruel,Casa Rural,Calle Cabezuelo,150.0,4,64500
Aragon,Teruel,Casa Rural,Calle la Fuente s/n sn,82.0,3,29000
Aragon,Teruel,Casa Rural,Paseo Turia 28,291.0,7,58500
Aragon,Teruel,Casa Rural,Calle Doctor Martinez Fornes 31,136.0,4,40000
Aragon,Teruel,Estudio,Urbanizacion Solano de la Vega 514,34.0,0,80000
Aragon,Teruel,Chalet,Calle San Juan 26,155.0,4,120000
Aragon,Teruel,Casa Rural,Calle Olmo 2,214.0,6,38800
Aragon,Teruel,Chalet,Valdealgorfa,158.0,4,79900
Aragon,Teruel,Chalet,Calle Mayor 5,90.0,3,60000
Aragon,Teruel,Piso,Calle centro 41,90.0,3,129000
Aragon,Teruel,Casa Rural,Calle baja 25,130.0,4,19000
Aragon,Teruel,Piso,Avenida Sanz Gadea 7,30.0,5,160000
Aragon,Teruel,Casa Rural,Calle collado 5,166.0,5,34000
Aragon,Teruel,Piso,Calle Nueva 30,108.0,3,88800
Aragon,Teruel,Piso,Calle Utrillas 4,110.0,3,50000
Aragon,Teruel,Piso,Calle Cabezuelo 34,20.0,3,65000
Aragon,Teruel,Chalet,Calle la Mateba 11,294.0,7,40000
Aragon,Teruel,Casa Rural,Calle San Blas 9,190.0,5,20000
Aragon,Teruel,Casa Rural,Grupo Locales del Diseminado s/n Sn,68.0,2,50000
Aragon,Teruel,Atico,Calle Ballester 5,93.0,3,144500
Aragon,Teruel,Piso,Calle Marques de Lema 53,77.0,2,60000
Aragon,Teruel,Chalet,Calle Alta 9,90.0,3,57500
Aragon,Teruel,Piso,Calle Estercuel 7,80.0,3,60000
Aragon,Teruel,Piso,Carrel - San Julian - Arrabal,109.0,3,130000
Aragon,Teruel,Chalet,Calle Santa Quiteria 29,193.0,5,90000
Aragon,Teruel,Chalet,Calle Eras 5,110.0,8,110000
Aragon,Teruel,Chalet,Mayor 40,190.0,5,35000
Aragon,Teruel,Casa Rural,Plaza espana 3,332.0,8,90000
Aragon,Teruel,Chalet,Calle Sol de Burillo 16,173.0,5,60101
Aragon,Teruel,Casa Rural,Calle Fuentes 10,124.0,4,32000
Aragon,Teruel,Chalet,Urbanizacion Las Majadas 1,66.0,2,99000
Aragon,Teruel,Casa Rural,Santiago 16,127.0,4,265000
Aragon,Teruel,Casa Rural,Calle Meson Viejo 10,125.0,4,48500
Aragon,Teruel,Piso,Calle de Joaquin Costa 21,65.0,2,245000
Aragon,Teruel,Chalet,Camino Cerrito Mas de Peiron 10,116.0,3,235000
Aragon,Teruel,Chalet,Calle Fuente 25,625.0,9,60000
Aragon,Teruel,Chalet,Calle Fray Francisco Palacios 18,182.0,5,160000
Aragon,Teruel,Casa Rural,Calle la Pilarica 6,131.0,4,100000
Aragon,Teruel,Piso,Plaza Goya 3,106.0,3,155000
Aragon,Teruel,Piso,Calle centro 41,90.0,3,129000
Aragon,Teruel,Piso,Calle Mayor 8,70.0,2,90000
Aragon,Teruel,Chalet,Calle el Pilar 1,237.0,6,90000
Aragon,Teruel,Casa Rural,Calle San Roque 30,137.0,4,45000
Aragon,Teruel,Chalet,Calle la Fuente 4,43.0,1,55000
Aragon,Teruel,Chalet,Calle Atarazana 9,242.0,6,590000
Aragon,Teruel,Duplex,Barrio Virgen de la Vega 7,82.0,3,149000
Aragon,Teruel,Casa Rural,Calle Carniceria 12,85.0,4,90000
Aragon,Teruel,Piso,Calle Lepanto 28,113.0,3,90000
Aragon,Teruel,Casa Rural,Camino de Beceite a Arnes 1,69.0,2,150000
Aragon,Teruel,Piso,Calle Comadre 11,55.0,1,89000
Aragon,Teruel,Chalet,Calle Eras 2,232.0,6,300000
Aragon,Teruel,Chalet,Valdealgorfa,153.0,4,79900
Aragon,Teruel,Piso,Calle Cabezuelo 34,20.0,3,65000
Aragon,Teruel,Piso,Calle Sevilla 1,98.0,3,130000
Aragon,Teruel,Chalet,teniente moore 35,138.0,4,28000
Aragon,Teruel,Piso,Calle 8 de Marzo 3,105.0,3,43000
Aragon,Teruel,Casa Rural,Calle Pardo Sastron 5,137.0,4,105000
Aragon,Teruel,Chalet,Calle Herrerias 8,28.0,2,47000
Aragon,Teruel,Chalet,Calle San Antonio 49,125.0,4,60000
Aragon,Teruel,Casa Rural,Calle Mayor 15,90.0,3,98500
Aragon,Teruel,Chalet,Calle Ramon y Cajal 49,145.0,4,55000
Aragon,Teruel,Casa Rural,Calle Luna 1,233.0,6,48000
Aragon,Teruel,Piso,Avenida de Aragon 16,123.0,4,109000
Aragon,Teruel,Piso,Calle San Lorenzo 1,86.0,3,58000
Aragon,Teruel,Casa Rural,Calle Barrio Alto 14,63.0,2,112000
Aragon,Teruel,Piso,Plaza Espana 3,70.0,4,40000
Aragon,Teruel,Casa Rural,Calle Santa Lucia 5,29.0,0,25000
Aragon,Teruel,Piso,Calle Ramon y Cajal 10,81.0,3,145000
Aragon,Teruel,Casa Rural,Calle Pardo Sastron 5,124.0,4,105000
Aragon,Teruel,Piso,Avenida de Aragon 16,148.0,4,109000
Aragon,Teruel,Piso,Segundo de Chomon 1,15.0,2,97000
Aragon,Teruel,Casa Rural,Calle Luna 1,222.0,6,48000
Aragon,Teruel,Piso,Calle Ramon y Cajal 10,105.0,3,145000
Aragon,Teruel,Casa Rural,Calle Mayor 15,117.0,3,98500
Aragon,Teruel,Casa Rural,Calle Empedrada 16,45.0,6,15000
Aragon,Teruel,Chalet,Beceite,110.0,3,75800
Aragon,Teruel,Chalet,Samper de Calanda,298.0,4,17900
Aragon,Teruel,Casa Rural,Calle Molino 5,129.0,4,22000
Aragon,Teruel,Casa Rural,Calle Mayor 13,162.0,5,150000
Aragon,Teruel,Chalet,Paseo Andrade 37,181.0,5,400000
Aragon,Teruel,Piso,Bronchales,113.0,3,84000
Aragon,Teruel,Duplex,Calle San Antonio 8,136.0,4,80000
Aragon,Teruel,Chalet,Villel,84.0,3,33000
Aragon,Teruel,Casa Rural,Trinquete 10,161.0,5,35000
Aragon,Teruel,Casa Rural,Calle Larga 23,135.0,4,35000
Aragon,Teruel,Piso,Carrel - San Julian - Arrabal,48.0,1,96500
Aragon,Teruel,Piso,Calle San Francisco 16,88.0,3,85000
Aragon,Teruel,Piso,Carrel - San Julian - Arrabal,64.0,2,140000
Aragon,Teruel,Piso,Bronchales,118.0,3,74000
Aragon,Teruel,Piso,Calle barrio de las charqueras s/n,88.0,3,140000
Aragon,Teruel,Casa Rural,Calle Carrapobo 8,147.0,4,10000
Aragon,Teruel,Casa Rural,Calle Plaza 24,140.0,4,18200
Aragon,Teruel,Duplex,Avenida Santa Ana 103,155.0,4,165000
Aragon,Teruel,Casa Rural,Calle Horno Viejo 4,234.0,6,45000
Aragon,Teruel,Casa Rural,Calle Churvilla 23,86.0,3,18000
Aragon,Teruel,Piso,Avenida Valencia 4,80.0,2,100000
Aragon,Teruel,Casa Rural,larga 60,149.0,4,15000
Aragon,Teruel,Casa Rural,Calle Picalva 12,114.0,3,24000
Aragon,Teruel,Piso,Calle Dos de Mayo 8,71.0,2,57000
Aragon,Teruel,Chalet,Calle Baja Virgen 8,166.0,5,27000
Aragon,Teruel,Casa Rural,Calle Zaragoza 14,157.0,4,80000
Aragon,Teruel,Casa Rural,Calle Segura 2,82.0,3,28000
Aragon,Teruel,Duplex,Calle Pintor el Greco 21,84.0,3,104000
Aragon,Teruel,Casa Rural,Calle Baron de la Linde 33,248.0,6,20000
Aragon,Teruel,Casa Rural,Calle Virgen de Arcos 5,200.0,5,50000
Aragon,Teruel,Casa Rural,Calle del Medio 20,144.0,4,49000
Aragon,Teruel,Chalet,Cella,101.0,3,54000
Aragon,Teruel,Casa Rural,Calleja Meson Viejo 3,141.0,4,22000
Aragon,Teruel,Duplex,Calle Santa Ana 103,109.0,3,98000
Aragon,Teruel,Piso,Avenida de Blas Murria 8,77.0,2,90000
Aragon,Teruel,Casa Rural,Calle la Rocha 128,54.0,4,52000
Aragon,Teruel,Casa Rural,Calle Mayor 29  Ny,100.0,3,24000
Aragon,Teruel,Casa Rural,A-2306 s/n,60.0,2,24000
Aragon,Teruel,Casa Rural,Calle baja s/n,116.0,3,12000
Aragon,Teruel,Casa Rural,Calle Hospital 3,43.0,1,12500
Aragon,Teruel,Casa Rural,Ronda del Pintor Garate 49,50.0,2,9000
Aragon,Teruel,Chalet,Calle Nueva 21,157.0,4,20000
Aragon,Teruel,Piso,Calle San Antonio 24,70.0,2,100000
Aragon,Teruel,Piso,Centro,75.0,2,68000
Aragon,Teruel,Piso,Calle Serreria 4,68.0,2,79000
Aragon,Teruel,Chalet,Calle General Moscardo 11,91.0,3,18500
Aragon,Teruel,Piso,Avenida Aragon 22,38.0,2,68000
Aragon,Teruel,Casa Rural,Calle Desamparados 14,58.0,3,30000
Aragon,Teruel,Casa Rural,Miguel de Cervantes Saavedra 1,99.0,3,42000
Aragon,Teruel,Piso,Calle san lorenzo 9,90.0,3,50000
Aragon,Teruel,Casa Rural,Calle Arriba 31,72.0,2,15999
Aragon,Teruel,Chalet,Francisco de Goya 21,132.0,4,95000
Aragon,Teruel,Piso,Calle Fuente Baja 20 A,117.0,3,85000
Aragon,Teruel,Piso,Urbanizacion Vega de la Selva 1 1,54.0,1,77500
Aragon,Teruel,Chalet,Calle Plaza 3,50.0,1,6000
Aragon,Teruel,Casa Rural,Calle Barrio Bajo 6,74.0,2,15000
Aragon,Teruel,Piso,Calle Mayor 1,79.0,2,70000
Aragon,Teruel,Casa Rural,Lugar Penaoliva s/n,37.0,0,15000
Aragon,Teruel,Piso,Plaza Mayor 2,72.0,2,70000
Aragon,Teruel,Piso,Barrio la Paja 21,40.0,3,115000
Aragon,Teruel,Casa Rural,Calle Eras 25,84.0,3,18000
Aragon,Teruel,Casa Rural,Carretera Monforte s/n  Sn,142.0,4,30000
Aragon,Teruel,Casa Rural,Calle Posteros 27,44.0,0,9500
Aragon,Teruel,Casa Rural,Calle Mayor s/n,87.0,3,35000
Aragon,Teruel,Chalet,Calle Loreto 38,99.0,3,105000
Aragon,Teruel,Chalet,Calle la Fuente 3,626.0,3,65000
Aragon,Teruel,Chalet,Calle Eras Bajas 111,51.0,1,55000
Aragon,Teruel,Casa Rural,Calle Montalban 2,136.0,4,45000
Aragon,Teruel,Piso,Avenida autonomia aragonesa 15,151.0,4,68000
Aragon,Teruel,Casa Rural,Pasaje el Parral 5,41.0,1,750000
Aragon,Teruel,Chalet,Calle Carmen 10,152.0,4,98000
Aragon,Teruel,Piso,Pueblo de Rudilla Apadronado a Huesa del Comun 2,77.0,2,30000
Aragon,Teruel,Piso,Camino de Gea 8,82.0,3,110000
Aragon,Teruel,Chalet,Barrio del Pueyo 55,68.0,2,200000
Aragon,Teruel,Casa Rural,Calle Mayor 29  Ny,100.0,3,24000
Aragon,Teruel,Piso,Pueblo de Rudilla Apadronado a Huesa del Comun 2,74.0,2,30000
Aragon,Teruel,Casa Rural,Calle mayor 49,35.0,0,35000
Aragon,Teruel,Chalet,Plaza Mayor 5,19.0,5,36000
Aragon,Teruel,Chalet,Calle Arrabal Alto 11,90.0,0,31000
Aragon,Teruel,Piso,Calle Serreria 1,81.0,3,120000
Aragon,Teruel,Chalet,Calle General Moscardo 11,119.0,3,18500
Aragon,Teruel,Chalet,Calle Loreto 38,95.0,3,105000
Aragon,Teruel,Piso,Calle la Fuente 81,153.0,4,100000
Aragon,Teruel,Piso,Calle san lorenzo 9,90.0,3,50000
Aragon,Teruel,Chalet,Calle COSTA 10,70.0,4,37000
Aragon,Teruel,Chalet,Carrel - San Julian - Arrabal,153.0,4,60000
Aragon,Teruel,Piso,Calle Fuensanta 21,85.0,3,15000
Aragon,Teruel,Piso,Carretera Castellote 7,69.0,2,31500
Aragon,Teruel,Casa Rural,Calle baja s/n,36.0,0,9000
Aragon,Teruel,Chalet,Calle la Fuente 3,626.0,3,65000
Aragon,Teruel,Casa Rural,Calle la Rocha 128,54.0,4,52000
Aragon,Teruel,Casa Rural,Travesia Primera Rambla 8,100.0,3,16000
Aragon,Teruel,Casa Rural,Calle Arriba 31,61.0,2,15999
Aragon,Teruel,Casa Rural,OTON 1,155.0,4,25000
Aragon,Teruel,Casa Rural,Calle Rey Alfonso 19,24.0,0,19000
Aragon,Teruel,Casa Rural,A-2306 s/n,69.0,2,24000
Aragon,Teruel,Chalet,Calle San Braulio 7,210.0,4,42000
Aragon,Teruel,Piso,Avenida autonomia aragonesa 15,146.0,4,68000
Aragon,Teruel,Casa Rural,Calle Doctor Gomez ferrer s/n,157.0,4,60000
Aragon,Teruel,Casa Rural,Calle Alta 19,149.0,4,60000
Aragon,Teruel,Casa Rural,Mas de pastores 57,73.0,2,110000
Aragon,Teruel,Casa Rural,Carretera Monforte s/n  Sn,152.0,4,30000
Aragon,Teruel,Casa Rural,Calle herreria 14,48.0,0,20000
Aragon,Teruel,Estudio,Calle fernandez de heredia 4,35.0,0,99000
Aragon,Teruel,Chalet,Calle barriete 30,65.0,2,75000
Aragon,Teruel,Piso,Calle quevedo 16,86.0,3,84000
Aragon,Teruel,Chalet,Calle Carmen 10,153.0,4,98000
Aragon,Teruel,Piso,Calle Mayor 8,60.0,4,47000
Aragon,Teruel,Chalet,Calle Eras Bajas 111,54.0,1,55000
Aragon,Teruel,Casa Rural,Calle Hospital 3,40.0,1,12500
Aragon,Teruel,Casa Rural,Lugar Penaoliva s/n,42.0,0,15000
Aragon,Teruel,Casa Rural,Calle Mayor 32,153.0,4,25000
Aragon,Teruel,Piso,Centro,76.0,2,68000
Aragon,Teruel,Piso,Calle san lorenzo 9,88.0,3,50000
Aragon,Teruel,Piso,Avenida de Blas Murria 8,62.0,2,90000
Aragon,Teruel,Chalet,Calle Maella 18,65.0,2,75000
Aragon,Teruel,Casa Rural,Calle Alta 19,130.0,4,60000
Aragon,Teruel,Duplex,Calle Santa Ana 103,103.0,3,98000
Aragon,Teruel,Casa Rural,Calle Posteros 27,43.0,0,9500
Aragon,Teruel,Chalet,Calle Francisco de Goya 17 CALLEFRANCISCODEGOYA,127.0,4,40000
Aragon,Teruel,Chalet,Calle Belen 3,92.0,3,60000
Aragon,Teruel,Piso,Urbanizacion Vega de la Selva 1 1,42.0,1,77500
Aragon,Teruel,Chalet,Avenida Europa 28,12.0,4,250000
Aragon,Teruel,Chalet,Calle Plaza 3,49.0,1,6000
Aragon,Teruel,Casa Rural,Ronda del Pintor Garate 49,50.0,2,9000
Aragon,Teruel,Casa Rural,Calle Martires 5,33.0,0,121000
Aragon,Teruel,Casa Rural,Calle empedrada 25,606.0,10,69000
Aragon,Teruel,Casa Rural,Calle Eras 25,112.0,3,18000
Aragon,Teruel,Casa Rural,Calleja Meson Viejo 3,123.0,4,22000
Aragon,Teruel,Chalet,Calle Mayor 6,188.0,5,22000
Aragon,Teruel,Chalet,Calle Iglesia 23,72.0,2,15000
Aragon,Teruel,Piso,Avenida Zaragoza 62,71.0,2,84000
Aragon,Teruel,Casa Rural,Plaza Fuente Lirio s/n,120.0,3,18000
Aragon,Teruel,Casa Rural,Calle San Antonio de Padua 18,271.0,7,400000
Aragon,Teruel,Piso,Calle 8 de Marzo 1,115.0,3,37000
Aragon,Teruel,Casa Rural,Alta 20,72.0,2,30000
Aragon,Teruel,Piso,Calle del Carrel 1,84.0,3,83000
Aragon,Teruel,Casa Rural,Calle Horno 9,149.0,4,30000
Aragon,Teruel,Chalet,Calle San Ramon 12,222.0,6,60000
Aragon,Teruel,Casa Rural,Torre del Compte,196.0,0,75000
Aragon,Teruel,Chalet,Fuentespalda,72.0,2,14000
Aragon,Teruel,Piso,Calle San Jorge 1,83.0,3,65000
Aragon,Teruel,Chalet,Plaza Constantino Lorente 8,50.0,4,95000
Aragon,Teruel,Casa Rural,Calle Eras 25,99.0,3,12000
Aragon,Teruel,Casa Rural,Valderrobres,1.189,0,15000
Aragon,Teruel,Chalet,Calle San Roque Alto 53,267.0,7,100000
Aragon,Teruel,Casa Rural,Calle Rocasolano 80,60.0,2,7500
Aragon,Teruel,Casa Rural,Calle Eras Altas 11,148.0,4,14000
Aragon,Teruel,Chalet,Calle Castillo 79,151.0,4,45000
Aragon,Teruel,Chalet,Calle San Lorenzo 7,127.0,4,40000
Aragon,Teruel,Chalet,Calle la Oliva 10,115.0,3,70000
Aragon,Teruel,Casa Rural,Calle de arriba 2,83.0,3,15000
Aragon,Teruel,Casa Rural,Calle de las eras 2,58.0,1,35500
Aragon,Teruel,Casa Rural,Calle Iglesia 6,75.0,2,69990
Aragon,Teruel,Chalet,Calle la Oliva 10,116.0,3,70000
Aragon,Teruel,Casa Rural,Placeta San Roque 21,50.0,4,60000
Aragon,Teruel,Casa Rural,Calle de las eras 2,47.0,1,35500
Aragon,Teruel,Piso,Rubielos de Mora,117.0,3,89000
Aragon,Teruel,Piso,Calle de Fuentebuena 5,74.0,2,92000
Aragon,Teruel,Casa Rural,Calle Fuensanta 21,104.0,3,15000
Aragon,Teruel,Chalet,Calle San Bartolome 37,170.0,5,38000
Aragon,Teruel,Chalet,Camino Cerrito Mas de Peiron 5,101.0,3,250000
Aragon,Teruel,Casa Rural,Calle San Juan 19,54.0,1,18500
Aragon,Teruel,Piso,Avenida Muro de Santiago 27,50.0,1,70000
Aragon,Teruel,Chalet,Blesa,238.0,4,56000
Aragon,Teruel,Piso,Calle Proyecto N2 10,67.0,2,69000
Aragon,Teruel,Casa Rural,Olba,127.0,4,55000
Aragon,Teruel,Chalet,Calle Pedregosa 18,160.0,4,70000
Aragon,Teruel,Casa Rural,Calle Nevera 77,55.0,1,13000
Aragon,Teruel,Piso,Avenida Maestrazgo 26,154.0,4,120000
Aragon,Teruel,Casa Rural,Olba,30.0,5,165000
Aragon,Teruel,Piso,Avenida Madrid 5,179.0,5,48990
Aragon,Teruel,Piso,Centro,73.0,2,90000
Aragon,Teruel,Piso,Calle Herreria 13,164.0,5,80000
Aragon,Teruel,Piso,Hijar,139.0,4,57300
Aragon,Teruel,Casa Rural,Arens de Lledo,170.0,5,79600
Aragon,Teruel,Chalet,Santa Eulalia,49.0,1,19900
Aragon,Teruel,Piso,Avenida Aragon 36,173.0,5,75000
Aragon,Teruel,Piso,Avenida Maestrazgo 36,123.0,4,120000
Aragon,Teruel,Piso,Andorra,169.0,5,27000
Aragon,Teruel,Casa Rural,Calle la Fuente 37,169.0,5,70000
Aragon,Teruel,Piso,Andorra,122.0,4,57000
Aragon,Teruel,Piso,Alcorisa,102.0,4,33000
Aragon,Teruel,Casa Rural,Lledo,50.0,0,12000
Aragon,Teruel,Casa Rural,Albalate del Arzobispo,79.0,2,90000
Aragon,Teruel,Piso,Escucha,103.0,3,45000
Aragon,Teruel,Chalet,Calle San Valero,143.0,4,20000
Aragon,Teruel,Duplex,Calle Alfarerias 8,113.0,3,127000
Aragon,Teruel,Chalet,Calle la Iglesia 31,68.0,2,35000
Aragon,Teruel,Casa Rural,Calle Baja 16,218.0,6,120000
Aragon,Teruel,Piso,Calle de la Virgen 42,74.0,2,21000
Aragon,Teruel,Casa Rural,Calle la Pecha 9,88.0,3,60000
Aragon,Teruel,Casa Rural,Calle las mazadetas 10,40.0,1,10000
Aragon,Teruel,Casa Rural,Calle la Pecha 9,92.0,3,60000
Aragon,Teruel,Piso,ensanche 1,120.0,4,299000
Aragon,Teruel,Casa Rural,Calle Collado 1,42.0,0,40000
Aragon,Teruel,Casa Rural,Barrio de San Blas s/n,598.0,10,120000
Aragon,Teruel,Casa Rural,Calle Nueva 9,154.0,4,15000
Aragon,Teruel,Piso,Calle Estercuel 7,108.0,3,60000
Aragon,Teruel,Chalet,Calle San Antonio de Padua 28,296.0,7,400000
Aragon,Teruel,Duplex,Calle mayor 8,91.0,3,130000
Aragon,Teruel,Piso,Calle de la Parra 25,63.0,2,60000
Aragon,Teruel,Piso,Plaza Goya 1,96.0,3,250000
Aragon,Teruel,Piso,Calle Castillo 123,100.0,4,95000
Aragon,Teruel,Casa Rural,Calle Moliner 5,132.0,4,26500
Aragon,Teruel,Chalet,Calle San Antonio 21,229.0,6,65000
Aragon,Teruel,Atico,Avenida San Jorge 3,90.0,4,120000
Aragon,Teruel,Casa Rural,Calle Fuente 28,139.0,4,65000
Aragon,Teruel,Casa Rural,Calle Altero 35,178.0,6,63000
Aragon,Teruel,Atico,C/Calvario 4,65.0,2,89000
Aragon,Teruel,Casa Rural,Calle Atras 17,160.0,4,175000
Aragon,Teruel,Casa Rural,Calle jose toran 4,181.0,5,80000
Aragon,Teruel,Casa Rural,Calle Baja 9 N,88.0,3,170000
Aragon,Teruel,Casa Rural,TE-V-3 s/n,20.0,0,150000
Aragon,Teruel,Chalet,Calle el Chorro 26,72.0,2,112000
Aragon,Teruel,Casa Rural,Calle Mayor 2  bis,300.0,5,235000
Aragon,Teruel,Chalet,Calle Zaragoza 14,111.0,3,87000
Aragon,Teruel,Piso,Calle industrial Noguera 7,79.0,2,95000
Aragon,Teruel,Casa Rural,Avenida Ibanez Martin 17,158.0,4,174000
Aragon,Teruel,Casa Rural,san antonio 8,236.0,6,60000
Aragon,Teruel,Casa Rural,Calle Arrabal 34,189.0,5,240000
Aragon,Teruel,Piso,Calle Amargura 11 A,66.0,2,100000
Aragon,Teruel,Chalet,Calle Granero 5,195.0,5,22000
Aragon,Teruel,Chalet,Calle San Antonio 5,228.0,6,230000
Aragon,Teruel,Piso,Calle Mayor 50,65.0,2,80000
Aragon,Teruel,Duplex,Calle Amargura 11 A,153.0,4,150000
Aragon,Teruel,Duplex,Avenida Ibanez Martin 17,133.0,4,174000
Aragon,Teruel,Piso,Plaza fray juan cebrian s/n,132.0,4,74000
Aragon,Teruel,Casa Rural,Calle Zaragoza 2,154.0,4,60000
Aragon,Teruel,Casa Rural,Estacion Mora 6,429.0,10,620000
Aragon,Teruel,Piso,Plaza parque infantil 1 Nd,78.0,2,65000
Aragon,Teruel,Estudio,Calle Casanova 41,40.0,0,50000
Aragon,Teruel,Chalet,Camino Cerrito Mas de Peiron 15 C,82.0,3,195000
Aragon,Teruel,Casa Rural,Calle Posteros 23,192.0,5,35000
Aragon,Teruel,Casa Rural,Calle Obispo Sanchez 34,250.0,7,170000
Aragon,Teruel,Chalet,Calle urbanizacion Vega de la Selva 1 5,87.0,3,120000
Aragon,Teruel,Casa Rural,Calle Asociacion Cultural 3,1.0,0,12000
Aragon,Teruel,Casa Rural,Calle Estrecha 8,184.0,5,125000
Aragon,Teruel,Casa Rural,Calle Alta 3,198.0,5,80000
Aragon,Teruel,Duplex,Avenida Dos de Mayo 48,175.0,5,100000
Aragon,Teruel,Casa Rural,Preguntar 1,140.0,4,20000
Aragon,Teruel,Casa Rural,Calle Mayor 14,234.0,6,100000
Aragon,Teruel,Casa Rural,Calle Barranco 22,245.0,6,75000
Aragon,Teruel,Casa Rural,Calle San Valentin 21,450.0,7,150000
Aragon,Teruel,Casa Rural,Avenida bartolome esteban 26,700.0,14,298900
Aragon,Teruel,Casa Rural,Calle Carmen 3,40.0,1,15000
Aragon,Teruel,Chalet,Camino Molino 10,60.0,4,140000
Aragon,Teruel,Casa Rural,Calle Pellerin 3,33.0,0,26700
Aragon,Teruel,Chalet,Calle josefa villanueva 2,86.0,3,144000
Aragon,Teruel,Chalet,Calle Mayor Alta 74,180.0,5,150000
Aragon,Teruel,Casa Rural,Calle Mayor 18,156.0,4,40000
Aragon,Teruel,Duplex,Calle San Roque 18,73.0,2,122000
Aragon,Teruel,Chalet,Calle Molino 2,30.0,5,30000
Aragon,Teruel,Piso,Calle Mayor 9,89.0,3,60000
Aragon,Teruel,Casa Rural,C/Madrid 26,88.0,3,15000
Aragon,Teruel,Casa Rural,Calle Horno 2,91.0,3,36000
Aragon,Teruel,Chalet,Calle Aguadores 3,74.0,2,50000
Aragon,Teruel,Chalet,Calle Madrid 18,117.0,3,29000
Aragon,Teruel,Piso,Calle San Anton 18,70.0,2,63000
Aragon,Teruel,Chalet,Carretera Orihuela Tremedal 5,141.0,4,120000
Aragon,Teruel,Piso,Avenida San Jorge 97,153.0,4,95000
Aragon,Teruel,Piso,Calle Viriato 21,128.0,4,159000
Aragon,Teruel,Chalet,Calle San Miguel 5,184.0,5,65000
Aragon,Teruel,Casa Rural,Calle Adalid 17,42.0,0,19500
Aragon,Teruel,Piso,Calle Los Doctores 18,103.0,3,110000
Aragon,Teruel,Casa Rural,Calle del estudio 26,75.0,4,42000
Aragon,Teruel,Duplex,OLMOS DE LA VEGA 20,69.0,2,180000
Aragon,Teruel,Casa Rural,Calle el Arrabal 3,162.0,5,27000
Aragon,Teruel,Chalet,Calle Mayor 1,103.0,3,120000
Aragon,Teruel,Casa Rural,Calle Virgen del Rosario 20,94.0,3,55000
Aragon,Teruel,Piso,Calle Gaspar Sanz 2,84.0,3,75000
Aragon,Teruel,Piso,Pasaje Olmos de la vega 10,76.0,2,175000
Aragon,Teruel,Piso,Calle Zariche 25,83.0,3,55000
