Tipo de inmueble,Dirección,Precio,Habitaciones
Piso,Calle Abad Maluenda,225000,3
Piso,Calle Sagrada Familia,159900,3
Piso,Calle de Santa Cruz,98000,3
Chalet,Calle Endrinal,220000,5
Piso,Calle Vitoria,89000,3
Piso,Calle Calera,375000,4
Piso,Calle San Zadornil,155000,3
Chalet,Carretera de Arcos,190000,6
Piso,Avenida Cantabria,169000,4
Duplex,Calle de Lain Calvo,480000,3
Chalet,Calle colombia,385000,3
Estudio,Paseo del Espolón,595000,0
Piso,Calle Bailen,255000,3
Piso,Paseo de la Isla,210000,3
Duplex,Calle Condesa Mencía,225000,4
Piso,Calle María Amigo,175000,3
Piso,Calle Vitoria,179000,3
Piso,Paseo de la Audiencia,255000,2
Piso,Paseo Espolón,520000,3
Piso,Paseo Espolón,390000,2
Chalet,Calle Isabel de Portugal,159900,4
Piso,Calle Alfonso VIII,320000,3
Piso,Calle Fundación Sonsoles Ballvé,185000,3
Chalet,Calle de Juan Albarellos,740000,7
Piso,Calle Sagrada Familia,129000,3
Piso,Calle Averroes,298000,4
Piso,Calle Marqués de Berlanga s/n,128000,2
Piso,Calle Emperador,79000,2
Piso,Calle San Bruno,160000,3
Piso,Avenida del Cid,224900,2
Piso,Calle del Morco,265000,3
Chalet,Calle Rey Don Pedro,390000,5
Duplex,Calle Haiti,179500,4
Chalet,Calle Padre Diego Luis San Vítores,820000,4
Piso,Calle Fuenteovejuna,169000,2
Piso,Calle Gonzalo de Berceo,213000,3
Piso,Calle Victoria Balfe,195000,4
Chalet,Calle Federico Salvador Puy,350000,4
Piso,Calle San Francisco,116000,3
Piso,Calle Aranda de Duero,398000,4
Piso,Calle Victoria Balfe,195000,3
Piso,Calle del Burgense,250000,6
Piso,Calle Oscar Romero,185000,3
Piso,Avenida Reyes Católicos,235000,4
Piso,Avenida de la Paz,380000,4
Piso,Avenida de la Constitución Española,149000,4
Piso,Plaza Roma,139900,3
Piso,Avenida de Valencia del Cid,115000,3
Piso,Avenida del Cid Campeador,298000,6
Piso,Calle Vitoria,325000,7
Piso,Calle Vitoria,360000,5
Piso,Calle Francisco Grandmontagne,89900,3
Duplex,Avenida de Castilla y León,199000,3
Piso,Calle Malaga,85000,3
Duplex,Calle de las Corazas,169500,2
Piso,Calle Santiago,169000,4
Piso,Calle Rey Don Pedro,175000,4
Piso,Plaza San Bruno,102000,3
Piso,Calle Fuenteovejuna,155000,2
Piso,Paseo Regino Sainz de la Maza,360000,5
Duplex,Calle María de Zayas 8,149900,3
Piso,Calle Francisco Grandmontagne,135000,3
Piso,Calle de Sevilla,103000,3
Piso,Calle de Calleja y Zurita,139900,3
Piso,Calle Aparicio y Ruiz,390000,5
Piso,Calle José María Codón,159000,2
Piso,Barriada Juan XXIII,70000,3
Piso,Universidad - Las Huelgas,216000,3
Piso,Calle Parque Juan Pablo II,146000,2
Piso,barrio Gamonal - San Bruno - G9,110000,3
Piso,Calle Antonio García Martín,139000,2
Piso,barrio Gamonal - San Bruno - G9,160000,3
Piso,Casco Antiguo,50000,1
Piso,barrio Juan XXIII - Las Torres - G2,75000,3
Piso,barrio Gamonal - San Bruno - G9,93500,3
Piso,Calle Severo Ochoa,118000,3
Piso,Calle San Pablo 12,118500,3
Piso,Avenida de la Paz,340000,3
Piso,Calle Luis Alberdi,103000,3
Chalet,Calle Hijos de Santiago Rodríguez,812000,4
Piso,barrio Los Vadillos - R. Sanitaria - Pozanos,109900,3
Piso,barrio Los Vadillos - R. Sanitaria - Pozanos,350000,5
Piso,barrio Los Vadillos - R. Sanitaria - Pozanos,84000,3
Piso,Calle Madrid,89000,3
Piso,Calle Vitoria,95000,2
Piso,Avenida de los Derechos Humanos 09007,89000,3
Duplex,Avenida de Castilla y León,205000,3
Piso,Calle Calzadas,399000,5
Piso,Calle Vitoria,77500,1
Piso,Calle La Merced,250000,6
Piso,Calle de Nuestra Señora de Belén,173000,3
Duplex,Calle Diego Laínez,970000,5
Piso,Calle Vitoria,239900,4
Piso,Calle Santiago Apóstol,139900,2
Piso,Calle Alejandro Yagüe,125000,3
Piso,Camino Casa de la Vega,96000,3
Piso,Camino Casa de la Vega,69000,3
Chalet,Villimar - V1 - V2 - S3 - S4 - San Cristobal,335000,4
Piso,Calle María de Zayas 6,153000,3
Piso,Calle de Calleja y Zurita 4,135000,3
Piso,barrio Gamonal - San Bruno - G9,129000,3
Piso,Calle Teresa Jornet Santa Fundadora,139900,2
Piso,San Pedro de la Fuente,155000,3
Chalet,Calle Iglesia,46000,2
Piso,Plantío - Alcampo,123000,3
Chalet,Villarcayo de Merindad de Castilla la Vieja,395000,4
Chalet,Calle Vitoria,333000,5
Chalet,Calle Valmoral s/n,257000,3
Chalet,Avenida Urbanización Río Arlanzón M1,784000,6
Duplex,Calle Bernardino Obregón,390000,4
Chalet,Villatoro,299000,3
Piso,Casco Antiguo,659000,6
Piso,Calle Cervantes,119000,4
Chalet,Calle Valle del Arlanzón,295000,3
Chalet,Calle San Roman,199000,3
Piso,Calle Navarrete,184500,3
Chalet,Camino Real,299500,4
Piso,Calle Avila,97000,1
Piso,C. Sagrada Familia 27,135000,3
Piso,Calle Guardia Civil,420000,3
Piso,Calle Martín Antolínez,180000,4
Piso,Calle Laín Calvo,220000,3
Piso,Calle Maese Calvo,129000,1
Piso,Palencia,180000,3
Piso,Calle Legión Española,128000,3
Piso,Calle Eduardo Martínez del Campo,185000,4
Piso,Calle Progreso,240000,3
Piso,Rosalía de Castro,182000,3
Piso,Calle Legión Española,99000,3
Chalet,Calle Virgen de las Aguas,199000,4
Piso,Calle Vitoria,155000,2
Piso,Avenida del Arlanzón,320000,4
Piso,Calle Francisco Salinas,115000,3
Chalet,Calle Cabestreros,179000,2
Piso,Calle Aparicio y Ruiz,338000,3
Piso,Calle de las Calzadas,134900,3
Casa Rural,Carretera Lezana 52 A,1900000,5
Piso,moratin 17  bis,135000,3
Piso,Avenida General Gutierrez 1,165000,4
Piso,Travesía san isidro 1,128000,2
Chalet,Calle Consistorial,175000,3
Piso,Calle Carrequemada 29,185000,3
Piso,Villarcayo de Merindad de Castilla la Vieja,54000,2
Chalet,Rubena,105000,2
Piso,barrio Gamonal - San Bruno - G9,125000,3
Piso,Avenida Reyes Católicos,165000,3
Piso,barrio Santa Teresa-San Pedro Cardeña,140000,1
Piso,Calle Diego de Siloé,115000,1
Piso,Plaza Lago Sanabria,145000,3
Chalet,Avenida PALENCIA 25,649000,5
Piso,barrio El Carmen-Barrio Gimeno,92000,2
Piso,Calle Carnicerías,196000,2
Piso,Avenida República Argentina,225000,3
Duplex,Calle Victoria Balfe,249000,4
Piso,Plantío - Alcampo,123000,3
Piso,Calle de la Igualdad,119900,3
Piso,Calle Molino Salinas,89900,3
Piso,Avenida El cid 1,75000,3
Chalet,Vía,344000,4
Piso,barrio San Julián-Bº de Cortes,110000,2
Piso,barrio Gamonal - San Bruno - G9,92000,3
Piso,Avenida Cantabria,185000,3
Piso,Avenida de los Derechos Humanos,115000,3
Casa Rural,Merindad de Cuesta-Urria,435000,5
Chalet,Calle Sancho Ortiz de Matienzo s/n,190000,5
Duplex,El Parral,133000,2
Chalet,Ibeas de Juarros,145000,3
Piso,Centro,140000,3
Piso,Calle de Sevilla,88000,3
Piso,Calle Alejandro Yagüe,88000,3
Piso,Calle Sagrada Familia,129000,3
Piso,Avenida Reyes Católicos,158000,3
Piso,Plaza 2 de mayo,180000,3
Piso,barrio Reyes Católicos,361000,4
Piso,Calle Huelva,210000,4
Chalet,Arcos,155000,3
Chalet,Camino Burgos,210000,4
Piso,Anduva - Miranda sur,155000,2
Chalet,Crucero - Aquende,115000,5
Chalet,Calle Beato Antonio Arribas,210000,3
Piso,barrio Los Vadillos - R. Sanitaria - Pozanos,130000,2
Chalet,Calle lago,189000,3
Piso,Avenida palencia,180000,3
Piso,Calle San Pedro y San Felices,120000,2
Piso,Plaza Luis Martín Santos,179000,3
Piso,Calle Esteban Sáez Alvarado,235000,3
Chalet,Calle 14 DE ABRIL,248900,4
Piso,Calle Benito Pérez Galdós,245000,3
Chalet,Burgos,188000,3
Duplex,BERNARDINO OBREGON,279000,3
Chalet,Calle San Juan s/n,95000,4
Casa Rural,loma de montija,510000,6
Casa Rural,Población de Arreba 6,30000,3
Piso,Avenida de Valencia del Cid,120000,3
Casa Rural,lain calvo,110000,5
Casa Rural,Calle Diseminados,325000,4
Piso,Calle Llana de Afuera,135900,2
Piso,Illera,236000,3
Piso,Avenida de la Constitución Española,117000,3
Piso,Calle Esteban Sáez Alvarado,240000,3
Chalet,Calle el Portón de los Guindales,590000,6
Estudio,Calle Maestro Quesada s/n,79000,0
Piso,Calle Santa Clara,123000,2
Chalet,Calle la Sementera,165000,4
Piso,Carretera de Arcos,80000,3
Chalet,Carretera San Pelayo s/n,350000,4
Piso,Calle Padre Flórez,140000,3
Chalet,LA PUEBLA DE ARGANZóN,285000,3
Piso,Calle San Cosme,117000,2
Chalet,Doroño-2,295000,3
Chalet,Calle Mayor,112000,3
Piso,Lovaina,240000,3
Piso,Calle San Antonio,110000,4
Piso,Plaza San Bruno,102000,3
Ático,Calle Lope de Vega,141500,3
Piso,Avenida de los Derechos Humanos,74000,3
Piso,Calle Alfareros,84000,3
Piso,Calle de Ávila,90000,3
Chalet,Calle Juan Manuel Durán,125000,2
Piso,Calle Briviesca,135000,2
Piso,Concepcion,99500,2
Piso,Avenida Vena,270000,5
Piso,Avenida de Valencia del Cid,120000,3
Piso,Avenida Alcalde Valentín Niño,165000,2
Piso,Calle Santa Águeda,410000,5
Piso,Calle Federico Martínez Varea,130000,3
Piso,Calle Fuenteovejuna  20,230000,3
Piso,Calle Pdte. Adolfo Suárez s/n,163500,2
Chalet,Condado de Treviño,352000,7
Piso,Calle Fuenteovejuna  20,120000,1
Piso,Calle Lovaina,205000,3
Piso,Calle Fuenteovejuna  20,240000,3
Piso,Calle Pdte. Adolfo Suárez s/n,195300,3
Piso,Calle Esteban Sáez Alvarado,235000,3
Chalet,Diseminado,500000,3
Piso,Avenida Vena,250000,3
Chalet,Calle Mirador de Entrambasaguas,325000,4
Piso,Calle Antonio García Martín s/n,158000,2
Piso,Calle Antonio García Martín s/n,137000,1
Piso,Calle Antonio García Martín s/n,167200,2
Chalet,Calle Miguel de Cervantes,150000,4
Piso,Calle Gonzalo Gustios,120000,3
Piso,Calle Gonzalo Gustios,61000,1
Piso,Calle Doctor Jaime de Santa Maria,169500,3
Piso,Calle Gonzalo Gustios,106000,2
Chalet,Carretera San Millán,150000,0
Piso,Calle de los Alfareros,97000,2
Casa Rural,san vicente,79000,5
Piso,Calle Labradores,65000,3
Piso,Plaza de España,350000,5
Piso,Calle Batalla Navas de Tolosa,139000,2
Piso,Calle Navarrete,184500,3
Piso,Calle Concepción,315000,5
Piso,Calle VIRGEN DEL MANZANO,256000,2
Piso,Avenida la paz,280000,2
Piso,Calle Francisco Sarmiento,115000,4
Piso,Plaza Mayor,120000,3
Piso,Calle Haití,179500,4
Piso,Calle Padre Flórez,178000,3
Piso,Camino de Villalonquéjar,115000,2
Piso,Calle de las Calzadas,135000,2
Piso,Calle Padre Aramburu,117000,2
Piso,Calle Francisco Sarmiento,110000,2
Piso,Calle Madrid,350000,4
Piso,Avenida de la Paz,280000,4
Piso,Calle san francisco,110000,3
Piso,Calle Fuente Lázaro,79800,2
Piso,Calle Lealtad,110000,3
Chalet,Carretera Villadiego,830000,8
Piso,Calle Frías,155000,3
Chalet,hospital yelmo,295000,3
Piso,Calle Francisco de Enzinas,210000,3
Piso,Vitoria,199000,3
Piso,Paseo Pisones,80000,3
Piso,Calle del Morco,250000,5
Piso,Calle San Lorenzo,170000,2
Piso,Calle La Paloma 09003 Burgos,99000,1
Piso,Calle Laín Calvo,275000,2
Casa Rural,Calle San Mames,28000,1
Chalet,Calle Virgen del Salterio,385000,5
Piso,Avenida de la Paz,280000,4
Piso,Calle Batalla Navas de Tolosa,139000,2
Piso,Avenida la paz,280000,2
Piso,Calle San Miguel,79000,3
Piso,Plaza Pl. Luis Martín Santos,179000,3
Duplex,Calle Murcia,144000,2
Chalet,Urbanización los Molinos,420000,6
Piso,Avenida del Cid Campeador,155000,3
Piso,Calle Crucero de San Julián,95000,3
Piso,CL ALFONSO X EL SABIO,180000,4
Piso,Calle de Lain Calvo,209900,3
Casa Rural,Calle Villalazara s/n,198000,7
Piso,Casco Antiguo,100000,3
Chalet,mayor 71,115000,4
Casa Rural,Barrio Villatoro s/n,75000,5
Chalet,pendiente 4,48000,4
Piso,San Anton 8,69000,3
Piso,Arco Isilla 7,110000,3
Casa Rural,Noceco 10,290000,9
Chalet,Calle Cornejo 86,103000,3
Chalet,Calle Mayor,360000,5
Piso,obras publicas 3,110000,3
Estudio,Calle de Alfonso XI,55000,0
Chalet,Condado de Treviño,200000,5
Chalet,Villarcayo de Merindad de Castilla la Vieja,247000,5
Chalet,Carcedo de Burgos,220000,3
Chalet,Castrillo del Val,68000,3
Piso,Calle la Tala s/n,139900,2
Piso,Calle Llana de Afuera,100000,3
Chalet,Calle del olmo,425000,5
Piso,Calle Santa Águeda,80000,1
Chalet,Calle Portal de Zaldiaran,330000,3
Chalet,Calle Portal de Zaldiaran,410000,4
Piso,Fuente Lugarejos 3,194500,2
Chalet,Calle Portal de Zaldiaran,360000,2
Chalet,Calle Portal de Zaldiaran,390000,3
Piso,Fuente Lugarejos 3,202500,2
Piso,Calle La Iglesia,203000,4
Chalet,palillos,470000,4
Piso,Calle Burgense,150000,2
Chalet,palillos,470000,4
Piso,Calle Arles,127000,3
Piso,Calle María Amigo,139000,4
Chalet,Paseo de los Pisones Burgos,395000,4
Piso,Benjamín Palencia,130000,2
Piso,Calle Teresa Jornet Santa Fundadora,139900,2
Piso,Avenida Vena,165000,2
Piso,Calle Pintor Miró,280000,3
Chalet,Nuestra Señora de Belen,103000,4
Piso,Bulevar Ferroviario s/n,150000,1
Chalet,Valparaíso,344000,5
Piso,Calle Lovaina 1,185000,3
Piso,Bulevar Ferroviario s/n,295000,3
Piso,Calle Lovaina 1,185000,3
Piso,Calle Luis Labín,195000,3
Piso,Calle Lovaina 1,175000,3
Piso,Calle San Pablo s/n,130000,2
Piso,Bulevar Ferroviario s/n,195000,2
Chalet,Calle Tirso de molina,260000,5
Piso,Universidad - Las Huelgas,170000,3
Chalet,Quintanapalla,79000,1
Piso,Calle Padre Flórez,169000,2
Piso,Calle Eduardo de Ontañón,235000,2
Chalet,Cayuela,158000,3
Casa Rural,Concepción 14,80000,3
Chalet,Celada del Camino,85000,4
Chalet,San Mamés de Burgos,69900,2
Chalet,Ibeas de Juarros,195000,3
Piso,barrio Los Vadillos - R. Sanitaria - Pozanos,185000,4
Chalet,Villafría - La Ventilla - Castañares,290000,4
Chalet,Calle Argentina,195000,3
Chalet,Calle Carmen Amaya,195000,3
Piso,Plaza Santo Domingo de Guzmán,104000,1
Piso,Calle Esteban Sáez Alvarado,206500,3
Piso,Calle Polvorín de las Rebolledas,123900,3
Piso,Calle Palma de Mallorca,179650,2
Piso,San Martín de la Bodega,185500,2
Chalet,Calle Candelas,95000,7
Piso,Calle Palma de Mallorca,171950,2
Chalet,Calle Doña Jimena,189900,4
Piso,Plaza Vega,185000,2
Piso,Calle Eras de San Francisco,89900,3
Piso,barrio Los Vadillos - R. Sanitaria - Pozanos,95000,2
Piso,Calle la Tala s/n,189900,3
Piso,Plaza Alonso Martínez  2,465000,3
Piso,barrio Gamonal - San Bruno - G9,158000,4
Piso,barrio Los Vadillos - R. Sanitaria - Pozanos,169000,2
Ático,Calle la Tala s/n,195600,2
Piso,las bodegas,56000,2
Piso,Plaza Alonso Martínez  2,990000,5
Piso,Calle Aparicio y Ruiz,390000,5
Piso,Plaza Alonso Martínez  2,390000,4
Ático,Calle Fuenteovejuna s/n,177000,2
Ático,Calle Fuenteovejuna s/n,178000,2
Piso,Calle Pdte. Adolfo Suárez s/n,204000,3
Piso,Calle Fuenteovejuna s/n,170000,2
Duplex,Avenida Monasterio de las Huelgas,780000,5
Chalet,Calle Cubillo del Cesar,69900,3
Piso,Calle Santo Toribio,64500,2
Chalet,Avenida Palencia,649000,6
Chalet,Calle de Fernán González,129000,3
Chalet,Calle Luis Rodríguez Arango,1280000,6
Piso,Paseo Espolón,230000,1
Piso,Camino de Villalón,135000,3
Chalet,Calle Alta (Mozoncillo Juarros),85000,3
Piso,Pozos 22,148000,2
Piso,Plaza Foramontanos,120000,3
Chalet,Calle la Iglesia,49000,4
Chalet,Calle Bolera,69000,5
Piso,Avenida Palencia,56000,3
Piso,Avenida Castilla Y León s/n,174000,3
Ático,Avenida Castilla Y León s/n,199000,2
Piso,Avenida Castilla Y León s/n,166000,2
Piso,Calle Padre Conde 21,216900,3
Piso,Calle Padre Conde 21,169329,2
Piso,Calle Padre Conde 21,189533,3
Piso,Calle de Rivalamora,179000,3
Piso,Calle Virgen de las Viñas 1,143000,2
Piso,barrio Villa Pilar,590000,4
Chalet,Calle San Vicente,189000,3
Piso,Quemada 2,88000,3
Piso,barrio Gamonal - San Bruno - G9,183000,3
Piso,pedrote 9,170000,2
Piso,Avenida Castilla 80,150000,4
Piso,Avenida general gutierrez 3,88000,4
Chalet,Canalejas 1,90000,4
Piso,Calle santiago 14,65000,2
Piso,duero 13,103000,4
Piso,Duero 14,55000,3
Chalet,Alfoz de Quintanadueñas,57000,2
Piso,agustina de aragon 11,129000,2
Piso,Pizarro 11,55000,3
Chalet,Carretera hontoria 19,82000,5
Piso,Nuño Rasura 2,53000,3
Piso,Duraton 1,90000,3
Piso,Avenida de los Derechos Humanos,92000,3
Chalet,Travesía Puerta Nueva 6,160000,2
Chalet,Calle Iglesia,99000,3
Chalet,Alcalde Jose luis valenciano 26,220000,4
Piso,Calle Condesa Mencía,225000,4
Duplex,Puerta Nueva 25,220000,4
Piso,Avenida Mencía de Velasco,59000,3
Piso,Calle Hermano Rafael,169000,3
Piso,Calle Santiago,112000,2
Chalet,San Roque 59,60000,3
Piso,Universidad - Las Huelgas,155000,2
Ático,Calle santiago,218000,4
Chalet,Calle Real 39,219000,3
Chalet,Villasana de Mena,450000,3
Piso,Avenida de los Derechos Humanos,89000,3
Piso,barrio San Julián-Bº de Cortes,172000,2
Piso,barrio Gamonal - San Bruno - G9,140000,2
Piso,Calle Santa Clara 52,125000,4
Piso,Pasaje de Radio Popular,280000,5
Chalet,Arcos,179000,3
Piso,barrio Los Vadillos - R. Sanitaria - Pozanos,80000,1
Piso,Plaza Jardines de Don Diego,143000,2
Piso,Plantío - Alcampo,95000,1
Piso,Calle Almacenes,149000,2
Casa Rural,Villarcayo de Merindad de Castilla la Vieja,395000,6
Piso,Calle Llana de Afuera,135900,2
Chalet,Juan de Juni,320000,4
Piso,Camino de Villalón,115000,2
Piso,Calle Santiago,84000,2
Piso,Calle Benito Pérez Galdós,56950,2
Piso,pedrote,99000,3
Duplex,San Antonio,228000,3
Duplex,bejar,229900,4
Piso,Paseo Espolón,595000,1
Duplex,Puerta comadres,179000,3
Piso,Calle Pedraja,83000,5
Piso,Paseo de la Isla 2,480000,4
Piso,Carretera la Estación,69500,3
Piso,Plaza Antonio de Pereda,128000,3
Piso,Avenida Cantabria,193000,5
Piso,Hospicio,35000,2
Ático,Laín Calvo 11,168000,1
Chalet,Calle Cerezo,395000,4
Chalet,Europa,217000,3
Piso,Calle El Chopo,155000,2
Piso,Avenida El Ferial,189900,4
Piso,Plaza Jesus Maria Jabato 6,189000,3
Duplex,Calle Empedrada,290000,3
Piso,Arco Isilla,230000,4
Piso,Calle Esteban Sáez Alvarado 41,195000,2
Piso,Plaza de España 6,415000,3
Piso,Villafría - La Ventilla - Castañares,50000,1
Casa Rural,ALBAINA s/n,62000,4
Chalet,barrio Los Vadillos - R. Sanitaria - Pozanos,1650000,6
Casa Rural,La Iglesia 2,410000,4
Piso,Calle Calzadas  13,340000,3
Piso,Calle San Isidro,47000,2
Chalet,barrio San Julián-Bº de Cortes,310000,3
Chalet,Abajas,69900,3
Chalet,Zazuar,479000,7
Chalet,Calle fresno,340000,5
Piso,Calle de Lain Calvo,239900,4
Piso,Calle Emperador,139000,3
Chalet,Camino Burgos,210000,4
Casa Rural,Calle San Miguel,99000,4
Piso,santa cruz,117000,3
Piso,Calle Vitoria,155000,2
Duplex,Avenida de Castilla y León,175000,3
Duplex,Calle Vicente Aleixandre,178000,2
Chalet,Calle las Traseras 7,117000,4
Piso,Calle Parque Juan Pablo II,155000,2
Piso,federico garcia lorca,130000,4
Piso,Calle Valle de Manzanedo,29000,2
Piso,Calle Padre Aramburu,190000,5
Chalet,Villarcayo de Merindad de Castilla la Vieja,340000,3
Ático,Calle Francisco Javier Ayala Carcedo,275000,3
Piso,barrio Juan XXIII - Las Torres - G2,120000,4
Chalet,real 41,25000,2
Chalet,Juan II de Castilla,164000,3
Piso,Calle Cadena,123000,2
Piso,barrio Gamonal - San Bruno - G9,195000,4
Piso,Calle María Amigo,195000,4
Piso,barrio Los Vadillos - R. Sanitaria - Pozanos,115000,4
Casa Rural,Calle Acorro,2395000,19
Piso,concepcion,229000,3
Piso,SAN FRANCISCO,99000,3
Chalet,Calle Santa Ana,40000,4
Chalet,Villasana de Mena,250000,3
Piso,barrio San Agustín-Parque Europa,79000,2
Piso,cardenal cisneros 1,114000,4
Chalet,Calle Peligros 5,85000,3
Piso,Calle Calera,180000,2
Piso,Camino Casa de la Vega,187000,4
Piso,Avenida Alcalde Valentín Niño,165000,2
Piso,Calle Doña Constanza,169000,3
Chalet,Villarcayo de Merindad de Castilla la Vieja,225000,4
Piso,Calle María Amigo,138000,4
Piso,Calle Padre Conde 21,173790,2
Piso,Calle General Santocildes,298000,4
Piso,vitoria,139900,3
Chalet,TIRSO DE MOLINA,260000,5
Piso,Carretera de Arcos,115000,3
Piso,Casco Antiguo,155000,2
Chalet,Calle Río Nela,280000,3
Chalet,Calle Gumiel de Izān,565000,4
Piso,vitoria,139900,3
Piso,Calle Vitoria,92000,3
Chalet,Paseo de los Pisones,395000,4
Chalet,Arcos,349000,3
Chalet,Encío,295000,5
Piso,Calle San Francisco,135000,4
Chalet,Dordoniz s/n,209000,3
Chalet,Centro,94000,3
Chalet,Calle mayor s/n,390000,3
Piso,Calle de Manuel Muñoz Guillén,239000,4
Piso,Calle Villalón 45,159000,2
Piso,Calle Obras Públicas,22000,3
Chalet,Calle Mayor,650000,7
Chalet,Villatoro,215000,3
Piso,Calle de la Igualdad,139000,2
Piso,Calle Esteban Sáez Alvarado 41,169000,2
Piso,Pasaje Del Mercado,189000,4
Piso,Calle Avellanos 1,275000,2
Piso,Calle Hernán Cortés 1,150000,3
Piso,Calle San Antonio,151900,2
Piso,Avenida Miranda do Douro,225000,3
Chalet,Villagonzalo-Pedernales,179000,4
Chalet,Calle Ángel García Bedoya 56,157000,4
Piso,Buniel,79900,2
Casa Rural,Espinosa de los Monteros,100000,2
Piso,Avenida de Valencia del Cid,120000,3
Chalet,Calle Espinosa de los Monteros 14,900000,5
Piso,Avenida Europa,155000,2
Chalet,Hontoria del Pinar,140000,4
Piso,Calle Graciliano Urbaneja 5,315000,3
Piso,Calle Fernan Gonzalez,210000,1
Piso,Plaza Francisco Sarmiento,125000,3
Piso,Calle Fátima,129000,3
Piso,Avenida del Cid Campeador 95,149000,4
Piso,Centro,215000,2
Piso,Calle Sagrada Familia,220000,4
Piso,Juan Alcedo de la Rocha,65000,1
Chalet,Roble 24,86000,3
Piso,Matillas - Californias ,83000,3
Piso,Anduva - Miranda sur,140000,3
Chalet,Roble 24,86000,3
Piso,Murcia 3,116000,1
Chalet,Avenida Costa Rica,300000,4
Piso,Calle Puentedey,85000,1
Casa Rural,Calle Juego del Bolos,145900,3
Piso,Calle San Juan,135000,3
Piso,Plaza Vega,185000,2
Piso,Calle Vitoria,138000,3
Piso,Puerta Romeros,75000,1
Chalet,Valle de Mena,210000,4
Piso,Calle de la Lealtad,119900,3
Piso,Calle de Nuestra Señora de Belén,110000,3
Piso,Barriada Juan XXIII,100000,3
Piso,Plaza San Bruno,99900,3
Chalet,emiliano aguirre,145000,3
Piso,Calle San Bruno,99600,2
Piso,Calle del Burgense,250000,6
Piso,Avenida Reyes Católicos,229900,3
Chalet,Frías,69500,4
Piso,Calle Luis Alberdi,139000,3
Piso,Casco Antiguo,82900,2
Piso,Calle San Pablo,115000,3
Piso,Briviesca,21500,2
Piso,Calle Tahonas,119000,3
Piso,Carretera de Poza,109000,2
Piso,Arco de San Esteban,155000,2
Piso,Illera,162500,2
Chalet,Carretera Santander,349000,4
Chalet,Avenida Costa Rica 104,320000,4
Piso,Paseo Comuneros de Castilla,170000,2
Chalet,Avenida BILBAO,103000,2
Piso,Plaza Huerto del Rey 16,550000,4
Piso,Calle Caleruega 33,285000,2
Piso,Illera,142000,2
Chalet,Avenida Monasterio de las Huelgas 41,795000,6
Piso,Calle Santiago,230000,4
Chalet,Valle de Mena,220000,4
Chalet,Valle de Mena,430000,4
Piso,barrio Juan XXIII - Las Torres - G2,298000,4
Chalet,Villarcayo de Merindad de Castilla la Vieja,247000,6
Piso,Calle Condesa Mencía 157,165000,2
Chalet,Briviesca,80000,4
Piso,San Lorenzo,170000,2
Chalet,Valle de Mena,430000,4
Piso,barrio San Agustín-Parque Europa,79000,2
Chalet,Avenida Monasterio de las Huelgas 41,795000,6
Chalet,Valle de Mena,350000,3
Piso,Calle enebro 6,199500,3
Casa Rural,Valle de Mena,240000,3
Piso,Illera,142000,2
Chalet,Villarcayo de Merindad de Castilla la Vieja,247000,6
Piso,Valle de Tobalina,33000,2
Chalet,Calle Iglesia,187000,6
Chalet,Valle de Mena,220000,4
Piso,A-1,96500,2
Chalet,Medina de Pomar,195000,4
Piso,Alfoz de Quintanadueñas,95000,1
Piso,Medina de Pomar,132000,4
Chalet,Medina de Pomar,59000,3
Ático,Calle PLUS ULTA,154900,2
Piso,barrio Villa Pilar,220000,4
Piso,Calle Vela Zanetti,181300,4
Piso,Avenida Valencia del Cid,120000,3
Piso,concepcion,99000,2
Piso,Plaza dos de Mayo,180000,3
Piso,Calle Francisco de Enzinas,179000,3
Piso,Calle Farmacéutico Obdulio Fernández,379000,3
Piso,Avenida Palencia,118000,2
Piso,Calle Guiomar Fernández,175000,3
Piso,Calle Rey Don Pedro,180000,3
Piso,Calle de Ávila,109000,3
Piso,Plaza Pavía,210000,3
Piso,Casco Antiguo,90000,1
Chalet,cañamar,290000,3
Piso,Calle Calera,179900,4
Piso,Calle Calera,210000,4
Piso,Calle Zamora,94000,3
Piso,barrio San Agustín-Parque Europa,135000,3
Duplex,Fuentecillas-S7-S8,144000,2
Piso,barrio Bda. Militar 2 de Mayo - Capiscol,89000,3
Piso,barrio Bda. Militar 2 de Mayo - Capiscol,89000,3
Piso,Calle Presidente Adolfo Suárez 16,150000,2
Piso,Calle Esteban Sáez Alvarado 40,250000,3
Piso,barrio Los Vadillos - R. Sanitaria - Pozanos,180000,2
Piso,Calle Río Viejo,312000,3
Ático,Villimar - V1 - V2 - S3 - S4 - San Cristobal,245000,2
Chalet,Villimar - V1 - V2 - S3 - S4 - San Cristobal,190000,3
Chalet,Yagüe-Villalonquejar,188500,2
Piso,barrio San Agustín-Parque Europa,110000,3
Duplex,Calle Esteban Granado 11,220000,3
Casa Rural,Revillarruz,89000,6
Piso,barrio Juan XXIII - Las Torres - G2,105000,3
Piso,barrio Juan XXIII - Las Torres - G2,219000,3
Piso,barrio Juan XXIII - Las Torres - G2,73000,2
Piso,Calle Mérida 13,89900,3
Piso,Plaza Doctor Emilio Giménez Heras 12,290000,2
Piso,Calle Vitoria 50,520000,6
Chalet,Merindad de Valdeporres,120000,5
Duplex,barrio San Julián-Bº de Cortes,120000,3
Piso,Calle Marqués de Berlanga 38,166000,2
Piso,Anduva - Miranda sur,165000,2
Piso,barrio Los Vadillos - R. Sanitaria - Pozanos,125000,3
Duplex,Centro,230000,4
Piso,Juan ramon jimenez 10,95000,3
Piso,Calle Condesa Mencía 117,275000,3
Piso,Avenida del Arlanzon 19,320000,4
Piso,Calle Santa María Bajera,30000,3
Piso,barrio El Carmen-Barrio Gimeno,229000,3
Piso,Calle Ramón y Cajal,42000,2
Piso,barrio San Pedro y San Felices,155000,3
Piso,Illera,165000,2
Chalet,Medina de Pomar,171000,2
Piso,Calle de Valladolid 7,250000,3
Piso,Anduva - Miranda sur,120000,2
Piso,Arco del Pilar 10,180000,2
Piso,Centro,97000,4
Piso,Anduva - Miranda sur,125000,2
Piso,Centro,90000,3
Piso,Calle Juan Ramón Jiménez 10,108000,3
Piso,Anduva - Miranda sur,135000,3
Piso,Calle Grupo Renfe,88000,2
Piso,Anduva - Miranda sur,120000,2
Piso,Centro,90000,3
Estudio,Calle Doctor Fleming,80000,0
Chalet,Medina de Pomar,171000,2
Piso,Arco del Pilar 10,180000,2
Piso,Anduva - Miranda sur,125000,2
Piso,Centro,110000,2
Piso,Centro,97000,4
Piso,Paraje Buenavista 27,200000,3
Piso,Avenida de la Constitución Española 14,149000,2
Piso,Calle Consulado,68000,3
Chalet,Medina de Pomar,159000,3
Piso,Calle Huerto del Rey 15,99000,2
Chalet,Plaza CORRAL CONCEJO,139800,3
Piso,Calle Luis Labín 6,195000,3
Piso,Calle Condesa Mencía,340000,4
Piso,Calle Vitoria 157,259000,4
Duplex,Calle Huerto del Rey 15,198000,2
Piso,Avenida de Valencia del Cid,120000,3
Piso,Plaza Emilio Jiménez Heras 2,290000,3
Ático,Calle JOSE MARIA FRANCES GIL 8,240000,2
Duplex,El Parral 9,145000,2
Piso,Calle Condes de Castilfalé 13,122000,1
Piso,Calle de los Alfareros 59,180000,3
Casa Rural,Calle Mayor 5,20000,4
Duplex,Calle San Lesmes 10,179000,2
Piso,Avenida alcalde Valentin niño 25,165000,2
Piso,Calle Malatos,115000,1
Piso,Avenida Reyes Católicos 10,350000,5
Piso,Paraje Buenavista 25,178000,3
Piso,Esteban Sáez Alvarado 13,98500,3
Piso,Calle Severo Ochoa 11,230000,3
Chalet,Merindad de Montija,125000,2
Piso,Medina de Pomar,110000,4
Chalet,Valle de Losa,130000,4
Chalet,Briviesca,124000,4
Piso,Calle Fray Justo Pérez de Urbel,15000,3
Piso,Avenida palencia s/n,199000,3
Piso,Calle Vitoria 59,460000,3
Duplex,Avenida de Castilla y León 46,175000,3
Chalet,Los Barrios de Bureba,73000,5
Piso,Paseo Pisones,76000,4
Duplex,San Mamés de Burgos,89000,3
Piso,Calle Duque de Frías 3,186000,3
Piso,Calle Salamanca 1,100000,3
Piso,Calle Vicente Aleixandre,175000,2
Duplex,SAN JUAN,199000,3
Chalet,Calle Santa María Micaela,104500,3
Piso,barrio Gamonal - San Bruno - G9,119000,2
Piso,Calle Polvorín de las Rebolledas,124000,3
Piso,Calle Santa Águeda 20,86900,2
Piso,barrio Villa Pilar,135000,3
Piso,Paseo comuneros de castilla 7,165000,2
Piso,Calle San Pablo 17,165000,2
Piso,Centro,110000,3
Piso,Centro,133000,4
Piso,Centro,125000,3
Piso,Centro,125000,3
Piso,Centro,115000,2
Piso,La Charca,97000,2
Piso,Calle Teresa Jornet Santa Fundadora,139900,2
Chalet,barrio San Julián-Bº de Cortes,320000,3
Piso,Calle del Cardenal Segura 23,110000,1
Piso,Calle Parque Juan Pablo II 16,153000,2
Estudio,Calle Arzobispo Pérez Platero 3,180000,0
Piso,Avenida de la Paz 3,375000,4
Chalet,Calle Fernán González 93,120000,3
Piso,Calle Velazquz Bosco 1,115000,1
Piso,Calle Legión Española 10,185000,3
Piso,Calle Pablo Ruiz Picasso 2,130000,1
Piso,Calle Severo Ochoa 55,112000,3
Piso,Calle Legion Española 11,143500,2
Piso,Calle Miguel de Unamuno 22,78000,3
Piso,Calle San Esteban 1,108000,6
Piso,Calle Eduardo de Ontañon 21,164000,1
Piso,Calle Emperador 70,110000,3
Piso,Plaza Doctor Emilio Giménez Heras 12,312000,2
Piso,Calle Francisco de Enzinas 30,189000,3
Piso,Calle Padre Flórez 6,180000,4
Piso,Plaza dos de Mayo 1 N,128000,2
Piso,Calle Doctor Luis Fournier 15,205000,2
Chalet,Calle Fernán González 93,120000,3
Piso,Calle Legión Española 10,185000,3
Piso,Plaza Doctor Emilio Giménez Heras 12,312000,2
Piso,Calle Caja de Ahorros Municipal 5,120000,3
Piso,Avenida Alcalde Valentín Niño 41,140000,2
Piso,Calle Villalón 17,144500,3
Piso,Calle de Madrid 45,260000,3
Piso,Calle Rosa de Lima Manzano 13,185000,3
Piso,Calle Doctor Jaime Santamaría 1,200000,3
Chalet,Calle Parral 61,295000,5
Piso,Calle San Pedro de Cardeña 94,160000,3
Piso,Calle Malatos 5,141900,2
Chalet,Medina de Pomar,73000,1
Piso,Medina de Pomar,26000,2
Piso,Calle Tinte 9,140000,3
Estudio,Calle Padre Diego Luis San Vítores 1,79000,0
Piso,Medina de Pomar,36000,2
Chalet,Calle Argentina 17,192000,1
Chalet,Crucero 22,200000,3
Piso,Calle Rosa Chacel 12,199900,2
Piso,Luis Rodríguez Arango 24,330000,3
Casa Rural,Carretera de la Cartuja s/n,1000000,0
Piso,Briviesca,20000,4
Piso,Calle de Alonso de Cartagena 9,125000,3
Piso,Calle Lovaina 4,211000,3
Piso,Calle Santa Ana 16,71000,2
Piso,Calle Villalon 10,80000,1
Piso,Calle de Salas 14,150000,3
Piso,barrio Gamonal - San Bruno - G9,150000,2
Piso,Calle San Agustín,29640,3
Casa Rural,Calle Santa Maria de Vadillo,246000,4
Chalet,Calle las Moreras,155000,3
Chalet,Camino Sopeñano,260000,5
Piso,Calle Toledo,399000,4
Chalet,Calle Hospital Yelmo,295000,3
Piso,Calle Mayoral,110000,2
Chalet,Avenida Palencia,649000,5
Piso,Paseo de las Fuentecillas,99900,2
Piso,Calle Rey Don Pedro,85000,2
Piso,RUPERTA BARAYA 18,154000,2
Chalet,Carretera Villarcayo 52,69900,3
Piso,barrio Juan XXIII - Las Torres - G2,90000,3
Piso,Avenida Cantabria 49,169000,4
Piso,Isidoro García de Albéniz 5,99000,2
Piso,Grupo Renfe 2,54000,2
Piso,Plaza Jardines de Don Diego 1,155000,3
Casa Rural,PLAZA s/n,250000,4
Piso,Avenida del Cid Campeador,85000,2
Piso,Plaza Jardines de Don Diego 16,169000,3
Piso,Calle Soria,350000,4
Piso,Aranda De Duero s/n,154000,2
Piso,Ramón y Cajal 49,140000,2
Piso,Calle Asprilla,70000,3
Chalet,Universidad - Las Huelgas,549000,5
Chalet,Villimar - V1 - V2 - S3 - S4 - San Cristobal,250000,4
Piso,barrio Los Vadillos - R. Sanitaria - Pozanos,169000,4
Piso,Calle Máquina de vapor,183000,3
Chalet,Carcedo de Burgos,359000,2
Ático,Aranda De Duero,252000,3
Piso,Casco Antiguo,120000,3
Piso,Calle Rosalía de Castro,150000,2
Piso,barrio San Julián-Bº de Cortes,65000,3
Piso,barrio Santa Teresa-San Pedro Cardeña,275000,4
Piso,Calle de Lain Calvo,210000,3
Piso,Calle Lazarillo de Tormes,209000,3
Piso,barrio San Pedro y San Felices,135000,3
Piso,Arco de San Esteban,125000,1
Piso,Calle Vicente Aleixandre,178000,2
Piso,Calle Luis Cernuda,205000,3
Piso,Pasaje Eras de Capiscol,149000,2
Chalet,Calle Castañares,156000,4
Piso,Avenida Islas Baleares,200000,3
Chalet,Villatoro,220000,3
Piso,Calle los Sauces 22,72800,3
Piso,Calle de las Calzadas,135000,2
Piso,Calle los Sauces 22,73600,3
Chalet,Calle Real 29,160000,2
Piso,barrio Gamonal - San Bruno - G9,110000,2
Piso,Avenida Castilla,139000,3
Piso,Centro,119000,2
Chalet,Fuentecaliente,236000,4
Piso,Plaza Foramontanos,118000,2
Piso,Ruperta Baraya s/n,154000,2
Piso,Calle el vado 2,65000,3
Piso,Calle de la Lealtad,110000,3
Piso,Calle Vitoria,86000,3
Piso,Avenida Cantabria,215000,4
Casa Rural,Lugar San Miguel de Cornezuelo 47,48000,4
Piso,Avenida Reyes Católicos,168000,3
Piso,Calle Petronila Casado,210000,3
Piso,Ronda del Ferrocarril,135000,3
Ático,diego de siloe,115000,0
Piso,Avenida de la Paz 33,347000,4
Piso,Calle La Revilla,109000,2
Chalet,Tenerías - Fuenteminaya - San Antón,359900,4
Piso,Centro,159900,3
Piso,Calle Carmen de Burgos,73000,3
Chalet,Calle Luis Labín,335000,4
Piso,Plaza LA VIRGENCILLA 3,89000,4
Chalet,Pablo Neruda,103000,4
Chalet,Calle Villadiego 7,28000,5
Piso,Ciudad de vierzón 37,185000,3
Piso,Calle de los Alfareros,84000,3
Piso,Ruperta Baraya,185000,3
Piso,Calle de la Concepción,99500,2
Casa Rural,Calle del Obispo,75000,6
Piso,Anduva - Miranda sur,128000,2
Piso,Calle Severo Ochoa,99000,3
Chalet,Carretera Santa Cruz 10,200000,6
Piso,Calle Miguel de Cervantes 1,80000,5
Piso,Barriada Fábrica de la Moneda,89500,3
Piso,Calle Esteban Granado 21,250000,3
Piso,Calle de las Calzadas,170000,2
Chalet,Calle Santo Domingo,130000,2
Piso,Calle la Catedra,128000,2
Chalet,Camino el Rocín,279000,9
Chalet,Avenida Rodríguez de Valcárcel,149000,3
Chalet,Calle la Repoza,180000,4
Piso,Calle Monte Castellanos,89000,2
Chalet,Avenida Rodríguez de Valcárcel,149000,3
Chalet,Calle la Repoza,180000,4
Piso,Avenida de la Paz,273000,4
Piso,barrio Gamonal - San Bruno - G9,153000,4
Ático,Calle Trinas,175000,3
Chalet,Real 7,85000,4
Piso,barrio San Julián-Bº de Cortes,95000,3
Casa Rural,Calle Real 8,67000,3
Piso,Villarcayo de Merindad de Castilla la Vieja,84000,3
Piso,Calle de Felipe de Abajo,99500,3
Piso,Calle Condesa Mencía,219000,4
Piso,Calle Cervantes,145000,3
Piso,Illera,240000,4
Piso,Plaza San Juan,135000,3
Piso,Calle Vitoria,93000,3
Piso,Calle de los Alfareros,97000,2
Piso,Calle Duque de Frías,235000,4
Piso,barrio Juan XXIII - Las Torres - G2,145000,4
Piso,Calle Vitoria,114000,2
Piso,Calle Andrés González Palacios,75000,1
Piso,Calle Juan Alcedo de la Rocha,105000,2
Piso,Calle de las Calzadas,135000,2
Chalet,Medina de Pomar,145000,4
Chalet,LA ENCIMERA 25,110000,4
Chalet,Villarcayo de Merindad de Castilla la Vieja,117000,3
Piso,Villarcayo de Merindad de Castilla la Vieja,80000,2
Piso,barrio Gamonal - San Bruno - G9,100812,3
Piso,barrio Gamonal - San Bruno - G9,92000,3
Chalet,barrio San Julián-Bº de Cortes,155000,3
Piso,barrio Los Vadillos - R. Sanitaria - Pozanos,95000,3
Piso,Calle Hermano Rafael,99000,2
Chalet,Calle Ángel Nuño García 19 E,340000,4
Piso,Calle Álava,39000,3
Piso,Calle Esteban Sáez Alvarado,109900,2
Piso,Calle San Pablo,98000,1
Casa Rural,CL-629 1,42000,8
Chalet,Calle Leon 4,50000,6
Casa Rural,Valle de Mena,330000,10
Piso,Calle Amistad 5,83000,3
Piso,LOGROÑO,30000,3
Piso,Calle la Isla,70000,3
Chalet,Calle Iglesia,203000,4
Piso,San Mamés de Burgos,74900,2
Piso,Pradoluengo,13800,3
Piso,Calle Severo Ochoa,230000,3
Piso,burgos,81000,3
Piso,Avenida del Arlanzón,540000,5
Piso,Calle Paloma,99000,1
Piso,Calle Vitoria,108000,3
Piso,Calle Eduardo Martínez del Campo,185000,4
Piso,Calle San Juan de Ortega,99000,3
Chalet,Burgos,150000,3
Piso,Calle San Pedro y San Felices,64000,3
Casa Rural,Calle el Rollo 18,23000,3
Piso,Plaza Jesus Maria Jabato,175000,3
Chalet,Diseminado Valverde 9,555000,6
Piso,Bulevar Ferroviario s/n,360000,3
Piso,Calle Hornillos,177000,3
Chalet,Ibeas de Juarros,210000,3
Piso,Bulevar Ferroviario s/n,360000,3
Chalet,Calle Cantonad 2,125000,4
Chalet,Calle Ángel Nuño García 23,230000,4
Chalet,Carretera Mercadillo 47,399900,6
Piso,Calle Puentearroya 1,130000,4
Chalet,Carretera Encima Angulo 25 -19,60000,4
Chalet,Carretera Ungo 4,420000,4
Chalet,Calle la Iglesia,120000,4
Chalet,Medina de Pomar,222000,4
Piso,Medina de Pomar,35000,3
Piso,Plaza San Salvador,118000,3
Piso,Medina de Pomar,145000,4
Piso,Villarcayo de Merindad de Castilla la Vieja,90000,4
Piso,Villimar - V1 - V2 - S3 - S4 - San Cristobal,117000,2
Piso,Calle Donato Ruiz Ezquerra,63000,3
Piso,Calle Fuenteovejuna 118,302500,3
Chalet,Calle Hondovilla,250000,4
Piso,Calle Novillo,71000,1
Chalet,Calle Santa Elena,250000,4
Chalet,Calle San Lorenzo,170000,4
Chalet,Calle Francisco Abad,125000,5
Piso,Calle Vitoria,139900,3
Chalet,Calle San Vicente,415000,10
Chalet,Calle Santa Elena,250000,4
Piso,Calle Vitoria,99900,3
Piso,Calle Novillo,71000,1
Chalet,Calle de la Iglesia,160000,3
Piso,Calle Eras de San Francisco,88000,3
Chalet,Calle San Pelayo,239000,4
Piso,Avenida Cantabria,120000,3
Piso,Calle Condesa Mencía,162500,2
Chalet,Calle Padilla,179000,4
Piso,Calle San Pablo 12,129000,3
Chalet,Calle San Lorenzo,170000,4
Chalet,Calle San Ignacio,205786,3
Piso,Calle Maestro Quesada,79900,1
Chalet,Calle Hospital de Peregrinos,119999,3
Chalet,Villagonzalo-Pedernales,152000,3
Piso,Bulevar Ferroviario s/n,390000,3
Piso,Bulevar Ferroviario s/n,390000,4
Piso,Bulevar Ferroviario s/n,395000,4
Piso,Calle Alfonso VI 37,48000,1
Piso,Bulevar Ferroviario s/n,405000,4
Casa Rural,Calle Francisco Gil y Pablos 32,164900,17
Piso,barrio Reyes Católicos,230000,2
Piso,Plaza Santa María,199000,3
Piso,Bulevar Ferroviario s/n,320000,3
Piso,Bulevar Ferroviario s/n,360000,3
Ático,Bulevar Ferroviario s/n,425000,3
Piso,Calle Vitoria,124500,3
Piso,Casco Antiguo,137000,2
Piso,Calle Vitoria,76500,1
Piso,San Gregorio 5,39000,1
Piso,Calle de la Ventosa 17,306500,4
Piso,Calle Fuenteovejuna 118,380500,4
Piso,Calle Fuenteovejuna 118,282500,3
Piso,Calle de la Ventosa 17,247000,3
Piso,Calle de la Ventosa 17,252000,3
Piso,Calle de la Ventosa 17,235500,3
Piso,Calle Fuenteovejuna 118,372500,4
Piso,Calle Fuenteovejuna  20,235000,3
Piso,Calle Fuenteovejuna 118,279000,3
Piso,Alfoz de Quintanadueñas,95000,1
Piso,Calle de la Ventosa 17,316000,3
Piso,Calle Fuenteovejuna 118,372500,4
Piso,Calle de la Ventosa 17,247000,3
Piso,Calle de la Ventosa 17,252000,3
Piso,Calle de la Ventosa 17,162000,1
Piso,Calle de la Ventosa 17,240000,3
Piso,Calle de la Ventosa 17,252000,3
Piso,Calle de la Ventosa 17,235500,3
Piso,Calle Fuenteovejuna  20,215000,3
Piso,Calle Fuenteovejuna 118,282500,3
Chalet,Camino Casetas,195000,4
Ático,Calle Antonio García Martín s/n,347000,3
Piso,Calle Antonio García Martín s/n,233000,3
Chalet,Calle Mirador de Entrambasaguas,350000,4
Piso,Calle Antonio García Martín s/n,296000,4
Chalet,Calle Mirador de Entrambasaguas,390000,3
Piso,Calle Antonio García Martín s/n,168900,2
Chalet,Calle Ángel Nuño García,330000,4
Chalet,Carretera Lezana,300000,10
Chalet,Carretera Lezana,275000,7
Chalet,Lugar Lunada 117,39900,0
Piso,Plaza Mayor,130000,2
Piso,Calle Alfonso X el Sabio,180000,4
Duplex,Calle Carmelo Alonso Bernaola 17,95000,3
Piso,Calle Carmelo Alonso Bernaola 17,68000,2
Piso,Calle Carmelo Alonso Bernaola 17,80000,2
Piso,Calle Carmelo Alonso Bernaola 17,81000,2
Piso,Calle Centro 1,360000,2
Piso,Calle Carmelo Alonso Bernaola 17,79000,2
Duplex,Calle Carmelo Alonso Bernaola 17,110000,3
Duplex,Calle Carmelo Alonso Bernaola 17,87000,3
Piso,El rosario,116000,2
Chalet,Valle de Mena,299999,10
Piso,san francisco,116000,3
Casa Rural,Calle San Roque,39500,6
Piso,El Ferial,140000,3
Ático,Calle LAS ENCINAS 2,68000,2
Chalet,Calle Iglesia,390000,3
Piso,Calle Esteban Sáez Alvarado,195000,3
Piso,Calle San Alberto,59000,3
Piso,barrio Villa Pilar,186000,3
Chalet,La Puebla de Arganzón,525000,3
Chalet,Tardajos,195000,4
Chalet,Calle Gran via 11,139000,3
Piso,Avenida del Cid Campeador 77,135000,2
Piso,Calle La Paz,95000,2
Piso,Calle Villadiego con Calle Oxford s/n,233800,3
Piso,Calle Villadiego con Calle Oxford s/n,226800,3
Piso,Calle Villadiego con Calle Oxford s/n,229800,3
Piso,Calle Villadiego con Calle Oxford s/n,237800,3
Piso,barrio Los Vadillos - R. Sanitaria - Pozanos,98000,3
Casa Rural,DISEMINADO s/n,1610000,16
Piso,Travesía Generalisimo,24000,2
Piso,Calle Vitoria,149900,3
Piso,Calle Francisco Grandmontagne,73500,3
Piso,Calle Villadiego con Calle Oxford s/n,234800,3
Piso,Carretera de bilbao,68000,3
Piso,Calle Miranda,185000,4
Piso,Calle Luis Rodríguez Arango,330000,3
Piso,Calle de los Alfareros,127000,3
Piso,Calle Padre Aramburu,117000,2
Piso,Calle Rosa Chacel,144900,2
Chalet,Calle el Marqués,125000,3
Chalet,Quintana s/n,106000,4
Piso,Calle de las Calzadas,55000,2
Piso,BURGO DE OSMA 4,135000,2
Piso,Calle Juan Alcedo de la Rocha,105000,2
Piso,Avenida de la Paz,280000,4
Piso,Villasana de Mena,65000,3
Chalet,Calle Quintana s/n,106000,4
Duplex,Calle Novillo,73200,3
Piso,Calle Madrid,160000,3
Piso,Calle Fuenteovejuna,146000,2
Piso,Calle Juan de Padilla,190000,2
Chalet,San Roque,154500,4
Piso,Plaza del Mercado Viejo 21,80000,3
Piso,Calle San Francisco,180000,2
Piso,Calle Fuenteovejuna,146000,2
Piso,Calle Mayor 40 -44,300000,5
Chalet,Calle Mayor 40 -44,300000,3
Chalet,Poblado la Mata 8,156000,5
Piso,Fernán González 5,55000,3
Piso,Avenida Europa 22,145000,1
Piso,Plaza Mayor,16700,4
Chalet,Calle Santa Elena,90000,1
Piso,Calle Presidente Adolfo Suarez s/n,204000,3
Piso,Calle Presidente Adolfo Suarez s/n,200800,3
Chalet,Calle San Roque 35,120000,3
Chalet,Camino Redetero,75000,4
Piso,Calle la Tala s/n,146400,2
Piso,Calle Presidente Adolfo Suarez s/n,195300,3
Piso,Calle Presidente Adolfo Suarez s/n,163500,2
Piso,Calle Presidente Adolfo Suarez s/n,205600,3
Chalet,Calle Hornes 9,149000,4
Chalet,Alfoz de Quintanadueñas,190000,5
Casa Rural,Carretera Medina,94000,3
Piso,Calle de Lain Calvo,155000,4
Piso,Juan Ramón Jiménez 31,123900,2
Chalet,Calle Mayor,30000,5
Piso,Calle Esteban Sáez Alvarado,206500,3
Piso,Estación 19,169000,3
Piso,Benito Perez Galdos 31,185000,2
Casa Rural,Plaza el rollo 10,27000,3
Chalet,Carretera Lerma,160000,7
Piso,MIRANDA,29900,3
Chalet,Calle Vadillos,24000,2
Piso,Calle Sombrerería,148500,2
Chalet,Diseminado Santecilla,131000,3
Chalet,Calle Mayor 29,90000,3
Chalet,Lugar la Sia 13,24000,0
Chalet,Lugar la Sia 30,39900,0
Chalet,Calle Francisco Salinas,170000,3
Chalet,Rioseco 69,39900,0
Chalet,Carretera Pto de La Sía Km.6´5 s/n,27000,0
Chalet,Lugar la Sia 6,129900,4
Chalet,Lugar Trueba 163,52900,0
Piso,Medina de Pomar,58000,2
Piso,Calle Federico García Lorca 7,81500,3
Chalet,Lugar la Sia 6,129900,4
Chalet,Calle el Teso,26000,3
Chalet,Diseminado Santecilla,131000,3
Piso,Calle Martin Sicilia,21600,2
Chalet,Calle Mayor 29,90000,3
Piso,Casa de la Vega,125000,3
Chalet,San Lorenzo,12300,2
Chalet,Calle Real 6,59000,5
Chalet,Poblado Moneo,135000,4
Piso,Calle los Altos,74500,1
Chalet,Calle Tximitxos,160949,3
Chalet,Calle Santa Ana,230000,6
Chalet,Rioseco 69,39900,0
Piso,Medina de Pomar,58000,2
Chalet,Trueba 160,49900,0
Chalet,El Talgo 8,136000,3
Chalet,Lugar Salcedillo 44,49900,0
Piso,Calle Vitoria,92000,2
Chalet,Calle Mateo Cerezo,89000,1
Chalet,Travesía LA CALZADA,195000,4
Chalet,Lugar la Sia 13,24000,0
Chalet,Camino las Huertas,319000,5
Chalet,Valle de Mena,130000,4
Ático,Calle de Diego de Siloe 16,115000,1
Chalet,Estacas de Trueba km.16 50,56000,0
Chalet,Quintana,125000,4
Piso,Calle María Moliner,139900,2
Piso,Calle Santo Domingo,88000,3
Chalet,Valle de Mena,199500,4
Piso,Calle Rivalamora,179000,3
Chalet,Lugar Trueba 182,29900,0
Piso,Calle la puebla,175000,5
Chalet,Calle Doctor Misael Bañuelos 52,475000,9
Chalet,Valle de Mena,294000,3
Piso,Plaza Pavía,210000,3
Piso,Calle la Tala s/n,207900,3
Chalet,Lugar Trueba 64,49900,0
Chalet,Ibeas de Juarros,210000,3
Chalet,Estacas de Trueba 48,59900,0
Chalet,Valle de Mena,130000,4
Piso,Calle María Moliner,139900,2
Piso,Calle Santo Domingo,88000,3
Piso,Calle Laberinto,87000,1
Piso,Avenida Reyes Católicos,249000,4
Casa Rural,Carretera Aguilar Campoo,149900,6
Piso,Plaza Pavía,210000,3
Chalet,Valle de Mena,294000,3
Chalet,Lugar Trueba 64,49900,0
Chalet,Heroes del Alcazar,23100,3
Piso,Plaza Bulevar s/n,402500,4
Piso,Padre Florez 5,169000,2
Piso,Calle Lovaina 1,205000,3
Chalet,Calle San Andrés,329900,3
Piso,Plaza Bulevar s/n,249500,3
Piso,Calle Miranda Do Douro,105000,2
Piso,Plaza Bulevar s/n,407500,4
Piso,Bulevar Ferroviario s/n,297500,3
Piso,Plaza Bulevar s/n,254500,3
Piso,Plaza Bulevar s/n,348500,3
Piso,Calle Lovaina 1,199000,3
Duplex,Calle Barrezuelo,149900,3
Piso,Plaza Bulevar s/n,318500,4
Piso,Plaza Bulevar s/n,363500,3
Piso,Plaza Bulevar s/n,313500,4
Piso,Plaza Bulevar s/n,264500,3
Piso,Calle Santa Cruz,118000,3
Piso,Plaza Bulevar s/n,349500,3
Piso,Plaza Bulevar s/n,379500,3
Duplex,Bulevar Ferroviario s/n,320000,3
Piso,Plaza Bulevar s/n,373500,4
Piso,Plaza Bulevar s/n,258500,3
Piso,Bulevar Ferroviario s/n,210000,2
Piso,Calle Lovaina 1,205000,3
Piso,Plaza Bulevar s/n,344500,3
Piso,Avenida de la Constitución Española,165000,2
Chalet,Carretera Mercadillo,220000,8
Piso,Calle Amistad,79000,3
Duplex,Calle la Isla 26,107000,2
Piso,Calle la Isla 26,90500,2
Piso,Avenida de Burgos 14,31000,3
Piso,Calle Mayor,27000,2
Duplex,Calle María de Zayas 8,159900,3
Chalet,Calle Carmen Amaya,195000,3
Duplex,Calle María de Zayas 6,189900,4
Duplex,Calle María de Zayas 6,179900,4
Chalet,Calle Colibri,40000,3
Piso,barrio Villa Pilar,420000,4
Piso,Calle Ramón y Cajal 65,74700,4
Piso,Medina de Pomar,85000,2
Piso,Calle María de Zayas 6,161500,3
Piso,Calle la Isla 26,107000,2
Estudio,Calle PARQUE JUAN PABLO II 24,80000,0
Piso,Calle Carmen Amaya 39,154000,3
Piso,Calle Palma de Mallorca,241950,3
Piso,Calle Palma de Mallorca,264600,3
Chalet,Calle Alondra 3,215000,3
Piso,Calle Palma de Mallorca,210450,3
Piso,Calle Palma de Mallorca,334200,3
Duplex,Calle María de Zayas 8,179900,4
Piso,Calle Palma de Mallorca,215450,2
Chalet,Calle Iglesia 12,250000,6
Piso,Calle Sagrada Familia s/n,129000,3
Piso,Calle Palma de Mallorca,190350,2
Casa Rural,Calle Real 21,58000,4
Duplex,Avenida Europa 40,249900,3
Piso,Calle Palma de Mallorca,242350,3
Piso,Calle Vitoria 137,130000,3
Duplex,Calle María de Zayas 8,189900,4
Piso,Calle Palma de Mallorca,227450,3
Piso,Calle Perdiguero de Burgos,160000,3
Piso,barrio Los Vadillos - R. Sanitaria - Pozanos,169000,2
Ático,Camino casa la Vega s/n,351000,3
Piso,Calle Pdte. Adolfo Suárez s/n,200800,3
Piso,Illera,165000,2
Piso,Calle la Tala s/n,222900,4
Piso,Calle Pdte. Adolfo Suárez s/n,184250,2
Piso,barrio El Carmen-Barrio Gimeno,115000,2
Piso,Plaza Alonso Martínez  2,513000,4
Duplex,Villagonzalo-Pedernales,149000,3
Piso,Calle Pdte. Adolfo Suárez s/n,200800,3
Chalet,Paseo los mesones 9 9340 0,109000,6
Piso,Los mesones 14,50000,5
Ático,Camino casa la Vega s/n,351000,3
Piso,Camino casa la Vega s/n,149900,2
Piso,jardines de don diego 2,125000,4
Piso,El Carmen,299000,5
Piso,Calle la Tala s/n,222900,4
Chalet,montejo 46,455000,4
Piso,Calle Pdte. Adolfo Suárez s/n,205600,3
Piso,Calle Pdte. Adolfo Suárez s/n,184250,2
Chalet,Cardeñajimeno,139999,3
Duplex,Plaza Alonso Martínez  2,640000,3
Piso,Illera,165000,2
Casa Rural,LA RASPA 8,50000,5
Piso,Camino casa la Vega s/n,186000,3
Duplex,San Mamés de Burgos,89000,3
Chalet,Calle Chacolí 15,230000,3
Piso,barrio El Carmen-Barrio Gimeno,115000,2
Piso,Avenida del Arlanzón,430000,4
Piso,Plaza Alonso Martínez  2,513000,4
Piso,Calle Don Juan de Austria s/n,225000,3
Piso,moratin 41,94000,3
Chalet,N-622,239000,6
Piso,Plaza Alonso Martínez  2,570000,4
Chalet,Calle Albacastro s/n,193900,3
Piso,Calle Don Juan de Austria s/n,229000,3
Piso,Calle Don Juan de Austria s/n,225000,3
Piso,Calle Don Juan de Austria s/n,237000,3
Chalet,Calle Albacastro s/n,192900,3
Chalet,Calle Albacastro s/n,237900,4
Chalet,Calle Albacastro s/n,191900,3
Piso,Calle Don Juan de Austria s/n,234000,3
Chalet,Carretera VALVERDE,645000,4
Duplex,Plaza Alonso Martínez  2,530000,3
Chalet,Calle Albacastro s/n,195900,3
Piso,Calle fernan gonzalez 18,70000,4
Piso,Travesía san isidro 2,145000,2
Piso,Calle Don Juan de Austria s/n,119000,1
Chalet,Calle Albacastro s/n,189900,3
Piso,Calle Don Juan de Austria s/n,119000,1
Piso,Calle Don Juan de Austria s/n,225000,3
Piso,Calle Don Juan de Austria s/n,237000,3
Piso,Calle Fuenteovejuna s/n,177000,2
Piso,Calle Fuenteovejuna s/n,180000,2
Piso,Calle Villadiego con Calle Oxford s/n,178800,2
Piso,barrio Los Vadillos - R. Sanitaria - Pozanos,169000,3
Piso,Avenida Ruperta Baraya s/n,205688,4
Piso,barrio Villa Pilar,330000,4
Piso,Calle Fuenteovejuna s/n,187000,3
Piso,Avenida Ruperta Baraya s/n,218178,4
Piso,Avenida Ruperta Baraya s/n,139191,2
Piso,Calle Fuenteovejuna s/n,181000,2
Piso,Calle Carnicerias,191000,2
Piso,Calle Fuenteovejuna s/n,197000,3
Piso,Calle Fuenteovejuna s/n,175000,2
Duplex,Calle del Rio s/n,73200,2
Piso,Calle Fuenteovejuna s/n,196000,3
Piso,Calle Rosalía de Castro 10,229950,3
Chalet,Calle Guatemala s/n,299900,4
Casa Rural,Calle Santiago,525000,3
Piso,Calle de Diego de Siloe,115000,1
Chalet,Calle Gran via,139000,3
Piso,Avenida del Cid Campeador 90,157000,2
Chalet,Calle Fuente,115000,5
Piso,Avenida Cantabria,170000,3
Piso,Diseminado Barcenas,65000,3
Chalet,Calle Santa Marina 16,385000,5
Chalet,LA FUENTE s/n,35000,4
Piso,Calle Huertas,108000,4
Chalet,Lugar Cueva de Manzanedo 5,120000,5
Piso,Calle Fuenteovejuna,172000,3
Piso,Villasana de Mena,120000,2
Piso,Calle el vado 6,65000,3
Chalet,Valle de Tobalina,220000,7
Chalet,Calle de las Cuevas 36,195000,3
Piso,Avenida Castilla Y León s/n,187000,3
Piso,Avenida Castilla Y León s/n,189000,3
Chalet,Calle de las Cuevas 36,169000,3
Chalet,Calle de las Cuevas 36,203000,4
Piso,Calle San Pedro de Cardeña,195000,5
Chalet,Dordoniz 19,230000,2
Piso,Calle María Amigo,195000,4
Piso,Avenida de la Paz,280000,4
Piso,Avenida de la Paz 1,399000,4
Chalet,Calle de las Cuevas 36,199000,4
Ático,San Juan,224900,3
Chalet,golondrina,415000,5
Chalet,Calle de las Cuevas 36,203000,4
Piso,ACACIAS,79500,2
Casa Rural,San Andrés,3550,0
Piso,Calle Santa Bárbara,136000,3
Chalet,Calle Poeta Martín Garrido,175000,3
Chalet,Calle F 3,117100,3
Piso,Avenida Castilla Y León s/n,189000,3
Piso,Calle del Río Ebro,170000,4
Piso,Avenida Castilla Y León s/n,221000,3
Piso,Avenida Castilla Y León s/n,187000,3
Casa Rural,Carretera burgos santander 6,350000,4
Piso,Avenida Juan de Ayolas 16,17500,3
Duplex,Calle Rafael Calleja 6,80000,4
Chalet,Calle Mayor,260000,5
Casa Rural,Calle Palacio,1890000,11
Chalet,Calle de las Cuevas 36,192000,3
Chalet,Calle de las Cuevas 36,169000,3
Piso,Avenida del Cid Campeador,360000,4
Chalet,Calle de las Cuevas 36,169000,3
Chalet,Calle Iglesia 37 -31,203000,4
Piso,Avenida de los Infantes de Lara,104000,3
Chalet,Valle de Tobalina,220000,7
Casa Rural,Melgar de Fernamental,66112,3
Piso,Calle de Diego de Siloe,115000,1
Piso,Calle Santa Genoveva Torres 10,199000,2
Piso,Plaza Huerto del Rey,215000,4
Chalet,Calle Jose Maria Peman,161500,4
Piso,Calle Padre Conde 21,193890,3
Chalet,Revillarruz,161500,4
Piso,Paseo de la Isla,150000,2
Piso,Calle Santa Genoveva Torres 10,170000,2
Piso,Calle Padre Conde 21,173790,2
Chalet,Trespaderne 6,22000,4
Piso,Miguel Giral 7,145000,2
Piso,Calle Padre Conde 21,173790,2
Chalet,Carretera Burgos 49,300000,4
Piso,Calle Santa Genoveva Torres 10,170000,2
Piso,Calle Santa Genoveva Torres 10,199000,2
Duplex,Calle Santa María Encimera 2,160000,3
Piso,Calle Padre Conde 21,169250,2
Chalet,Castrillo del Val,300000,5
Piso,Avenida del Cid Campeador 6,350000,4
Casa Rural,Los Balbases,87500,3
Piso,Calle Caballero de Olmedo s/n,256000,3
Piso,Calle Barrantes,129000,1
Piso,Calle Mayor 22,4800,2
Piso,Calle Caballero de Olmedo s/n,275000,3
Piso,Calle Caballero de Olmedo s/n,358000,4
Piso,Calle Nuestra Señora de Belén,139000,3
Piso,Calle Caballero de Olmedo s/n,305000,3
Piso,Calle Ciudad de Vierzon,125000,2
Piso,Calle Caballero de Olmedo s/n,284000,4
Piso,Calle Caballero de Olmedo s/n,366000,3
Piso,Casco Antiguo,400000,6
Piso,Calle Caballero de Olmedo s/n,266000,4
Piso,Calle Caballero de Olmedo s/n,232000,3
Piso,Calle de las Huertas,70000,2
Chalet,Avenida Prado de los toros  s/n,259500,4
Chalet,Calle Mateo Cerezo,89000,1
Chalet,Calle Mateo Cerezo,75000,1
Chalet,Calle Marceliano Santamaría,65000,1
Chalet,Calle Marceliano Santamaría,65000,1
Piso,Alfonso X el Sabio 48,180000,4
Chalet,Calle Marceliano Santamaría,67000,1
Duplex,Calle Rafael Calleja,80000,4
Chalet,Calle Vela Zaneti,56000,1
Chalet,Calle Mateo Cerezo,65000,1
Piso,Calle Averroes,298000,4
Chalet,Calle Marceliano Santamaría,66000,1
Chalet,Calle Mateo Cerezo,65000,1
Chalet,Calle Marceliano Santamaría,56000,1
Piso,Paseo de los Mesones,22000,2
Chalet,Calle Arrieros,69000,1
Chalet,Calle Mateo Cerezo,75000,1
Chalet,Calle Mateo Cerezo,84000,1
Chalet,Calle Vela Zaneti,65000,1
Chalet,Calle Vela Zaneti,94000,1
Chalet,Calle Vela Zaneti,56000,1
Chalet,Calle Arrieros,69000,1
Chalet,Calle Mateo Cerezo,77000,1
Chalet,Calle Mateo Cerezo,89000,1
Chalet,Calle Mateo Cerezo,89000,1
Chalet,Presencio,36000,4
Chalet,Calle Marceliano Santamaría,66000,1
Chalet,Calle Vela Zaneti,56000,1
Chalet,Calle Mateo Cerezo,84000,1
Chalet,Calle Arrieros,65000,1
Chalet,Calle Carrebarriuso 24,132000,6
Chalet,Calle Vela Zaneti,56000,1
Chalet,Calle Arrieros,78000,1
Chalet,Calle Arrieros,69000,1
Piso,Calle Obras Públicas,23000,3
Chalet,Calle Arrieros,69000,1
Chalet,Calle Marceliano Santamaría,56000,1
Piso,Paseo de los Mesones,22000,2
Chalet,Calle Mateo Cerezo,84000,1
Chalet,Calle Arrieros,77000,1
Piso,Calle Corredera del Palacio 9,79000,2
Chalet,Calle Vela Zaneti,65000,4
Chalet,Calle Vela Zaneti,65000,1
Chalet,Calle Marceliano Santamaría,67000,1
Chalet,F. URBANIZACION HIDESILLA,117100,3
Chalet,Calle Mateo Cerezo,74000,1
Chalet,Calle Marceliano Santamaría,78000,1
Chalet,Calle Marceliano Santamaría,56000,1
Piso,Paseo de los Mesones,36000,1
Piso,Avenida Castilla 20,105000,2
Chalet,Calle Mateo Cerezo,65000,1
Chalet,Calle Vela Zaneti,66000,1
Piso,Calle Averroes,298000,4
Chalet,Calle Mateo Cerezo,65000,1
Chalet,Calle Vela Zaneti,65000,1
Chalet,Calle Vela Zaneti,65000,4
Chalet,Calle Vela Zaneti,56000,1
Chalet,Calle Vela Zaneti,65000,1
Duplex,sANTA MARIA,64500,2
Chalet,Calle Arrieros,69000,1
Chalet,Calle Mateo Cerezo,65000,1
Piso,Calle Condesa Mencía,219000,4
Ático,Calle soria s/n,595000,3
Chalet,PRESA s/n,155000,6
Piso,Zazuar s/n,75000,3
Piso,Calle Moneda 23,140000,2
Duplex,Calle Cordón,364325,3
Piso,Avenida del Cid Campeador,178000,3
Chalet,Avenida las Sabinas,129000,4
Chalet,Plaza DE LA FUENTE 3,99000,3
Piso,Avenida castilla 45,145000,3
Piso,Nuño Rasura 1,90000,3
Piso,SAN FRANCISCO 15,155000,3
Chalet,La Encina s/n,70000,6
Piso,Calle San Juan de Ortega,99000,3
Piso,Gonzalo de Berceo,213000,3
Casa Rural,Plaza la s/n,150000,4
Chalet,Calle Plus Ultra 36,189000,6
Piso,El Parque 1,95000,3
Piso,Barriada Juan XXIII,119900,3
Piso,Pedrote 9,170000,2
Piso,San Francisco 30,135000,3
Chalet,SAN MIGUEL s/n,45000,3
Piso,Calle Condes de Castilfalé,195000,3
Piso,Calle Santiago Apóstol,85000,3
Piso,Jardines de Don Diego 16,145000,5
Piso,CONCEPCION ARENAL,55000,3
Piso,Avenida CASTILLA 18,169000,4
Chalet,Plaza Pozo,129000,7
Piso,Calle soria s/n,299000,3
Chalet,Calle Adolfo Espinosa,24000,1
Chalet,Carretera a Medina de Pomar 4,170000,3
Chalet,Corralón Caidos s/n,165000,3
Chalet,Aniceto Ramirez s/n,60000,4
Casa Rural,Lugar Barrio de Bricia 14,129000,6
Piso,Calle San Juan de Ortega,99000,3
Ático,Calle soria s/n,595000,3
Piso,Calle José María Codón,205000,3
Piso,Pedrote 9,170000,2
Chalet,Calle el Cid,112000,3
Casa Rural,San Martin 20,139000,2
Piso,Calle Diego de Salinas,79900,2
Piso,Pedrote 9,170000,2
Piso,Miranda do Douro 7,126000,4
Casa Rural,Carretera Fresnillo 28,60000,1
Piso,Concepción,229000,3
Chalet,Condado de Treviño,295000,3
Chalet,Medina de Pomar,348000,3
Chalet,Calle Barcenillas del Rivero,175000,4
Chalet,Calle San Miguel,52000,4
Chalet,La Puebla de Arganzón,285000,3
Chalet,felipe garcia 15,65000,6
Casa Rural,Calle Mayor 290,65000,6
Piso,Isillas,85700,6
Chalet,Calle Emiliano Aguirre 47 -A,163500,4
Piso,Carrequemada s/n,150000,2
Piso,San Francisco 38,90000,3
Casa Rural,Camino Bárcena 5,49950,1
Piso,Granada s/n,150000,2
Chalet,Calle Vivar,139900,3
Piso,San Antón,75000,3
Piso,Calle Temiño 1,6000,3
Piso,Calle los titos,169000,3
Chalet,Calle la Encina,330000,2
Piso,Paseo de la Audiencia  15,460000,2
Piso,Calle la Isla 26,103300,3
Piso,Calle Jardines de Don Diego,169900,4
Piso,Calle Rosalía de Castro 16,143000,2
Piso,Calle la Ronda,39000,3
Piso,San Pedro de la Fuente,155000,3
Chalet,Calle La Luna,280000,3
Duplex,Calle Comadres,290000,4
Ático,Calle Santiago,218000,3
Chalet,Calle de Doña Jimena,68000,3
Piso,Calle Padre Flórez 5,169000,2
Piso,Calle Rosalía de Castro 16,143000,2
Piso,Calle Severo Ochoa,115000,2
Ático,Calle Santiago,218000,3
Chalet,Tardajos,130000,4
Chalet,SANTIAGO,39000,3
Chalet,Calle Mayor,22000,4
Piso,Calle Francisco Grandmontagne,100000,3
Piso,barrio Juan XXIII - Las Torres - G2,298000,4
Chalet,Vadillo 21,56000,2
Duplex,Carmen de Burgos s/n,119000,3
Chalet,Calle la Fuente,49000,4
Duplex,Travesía Carmen de Burgos 1,132000,3
Casa Rural,Valle de Sedano,475000,8
Chalet,Avenida Campo de los Deportes,240000,6
Chalet,Calle Real,32000,3
Piso,Calle Rosales 14,165000,4
Piso,SANTANDER,55000,3
Piso,Calle Merindad de Montija,26000,4
Piso,Calle Juan I de Castilla,34200,2
Chalet,Barrio Nuestra Señora Nieva 95 A,95000,5
Casa Rural,Calle Mayor,44000,0
Duplex,Calle Carmen Amaya 158,164800,3
Chalet,Martin Alonso,173000,3
Chalet,Calle Alcalde Jesus Riaño,129000,4
Piso,Ciudad de Vierzón 52,148000,3
Ático,Paseo del Espolón,325000,3
Casa Rural,La Iglesia,24400,3
Piso,Centro,124000,3
Duplex,Calle la Isla 26,110000,2
Chalet,Calle Romancero,180000,8
Chalet,Calle de las Huertas,65000,4
Piso,Calle Castrojeriz,54900,2
Piso,Calle Molinos,48000,2
Piso,Los Resineros,44000,2
Chalet,Calle Raimundo de Miguel,48700,2
Piso,ACACIAS 7,79500,2
Chalet,Calle Acuario,128000,9
Piso,Avenida de Santiago,48000,2
Piso,Avenida Andres G. de Cerezo,50000,3
Chalet,Calle de Nuestra Señora la Antigua,125000,4
Piso,Avenida de Santiago,48000,2
Piso,Avenida Andres G. de Cerezo,50000,3
Piso,Los Resineros,44000,2
Piso,Ronda del Ferrocarril,178000,3
Piso,Calle Río Oca 6,37000,3
Piso,Avenida castilla 72,140000,2
Piso,SAN MIGUEL 2,88000,4
Chalet,Calle de las Huertas,65000,4
Piso,Calle de Sedano,80000,2
Chalet,Calle Hijos de Santiago Rodríguez Burgos 10,812000,5
Piso,Calle Santa Lucía 51,24000,3
Piso,Calle Luis Alberdi,134000,3
Piso,Calle Molinos,48000,2
Piso,Calle de Rivalamora,85000,3
Piso,Calle Vicente Aleixandre,178000,2
Piso,Calle Ronda del Ferrocarril,139000,3
Chalet,Calle Castaño,395000,4
Piso,Avenida Reyes Católicos,190000,3
Chalet,Calle Palillos 10,470000,4
Piso,DIEGO SALINAS,62000,2
Piso,Calle Averroes,290000,4
Chalet,Calle La Plaza,60000,3
Chalet,Calle la Cerca,69000,3
Piso,San Pedro de la Fuente,139000,2
Chalet,la Encina 20,114000,3
Chalet,Calle Centeno 7,60000,3
Piso,Reyes Católicos,16000,3
Piso,Calle Moneda 2,375000,6
Piso,El Toloño,19500,1
Piso,Calle Benito Pérez Galdós,116600,4
Chalet,Eladio Bustamante,720000,5
Piso,Calle Hospicio 27,48000,3
Piso,ESTACION,260000,4
Piso,Calle Crucero de San Julián,25000,2
Piso,Calle Santiago 7,69500,4
Chalet,Avenida del Padre Carro 1,110000,5
Piso,Avenida del Cid Campeador,360000,4
Piso,Calle Urbanización los Pontones,50000,3
Chalet,barrio San Julián-Bº de Cortes,350000,7
Piso,Avenida de la Paz,273000,4
Piso,Calle Urbanización los Pontones,50000,3
Piso,Calle Hospicio 27,48000,3
Casa Rural,Calle Ramón y Cajal 43,62600,3
Chalet,Merindad de Montija,99900,5
Piso,Paseo de los Mesones 22,69000,3
Piso,Calle María Amigo,195000,4
Piso,Calle Esteban Saez Alvarado,109900,2
Piso,DIEGO SALINAS,62000,2
Piso,Calle Palma de Mallorca,251600,3
Chalet,Camino Hondo 39,188000,4
Chalet,Carretera a Menamayor s/n s/n,399000,7
Chalet,Calle Ángel García Bedoya,154000,5
Chalet,Calle Centeno 7,60000,3
Piso,Avenida Reyes Católicos,190000,3
Chalet,Calle Juan Cuevas González 37,299000,3
Piso,Calle Navarrete 2,300000,4
Piso,Pizarro 15,55000,2
Piso,Condesa Mencía,218000,4
Piso,Calle San Esteban,160000,4
Chalet,Calle Fuente Vieja 3,200000,3
Piso,Condesa Mencía,340000,4
Chalet,Calle Peña,52000,3
Chalet,Urbanizacion Villas de Arija,136000,3
Chalet,Calle Mayor 34,6000,5
Casa Rural,pb gallejones 21,620000,8
Chalet,Calle San Andres 7,380000,5
Piso,Calle la merced 8,70000,3
Piso,Calle Severo Ochoa,230000,3
Piso,Avenida Campo de los Deportes 21,62000,3
Casa Rural,Lugar Quintanilla del Monte,89000,3
Casa Rural,Calle la Canal 18,155000,4
Piso,Calle Pablo Casals,130000,3
Chalet,DOROÑO II,380000,5
Piso,Plaza Nueva de Gamonal,140000,3
Chalet,605741890,Fernán Gonzalez 35,145000
Chalet,Calle las Moreras 29,155000,3
Ático,Calle San Juan 37,224900,3
Casa Rural,Bárcenas 32,97000,3
Casa Rural,Calle León Argũeso 9,99200,8
Piso,Calle Gregorio Rojas Tubilleja,169000,2
Chalet,Calle DEL CARMEN,99500,2
Piso,Calle Gregorio Rojas Tubilleja,169000,2
Chalet,Calle Real 16,390000,3
Chalet,Calle Trébol,231000,3
Chalet,605741890,Fernán Gonzalez 35,145000
Ático,Calle San Juan 37,224900,3
Piso,Pizarro 15,55000,2
Chalet,Villarcayo de Merindad de Castilla la Vieja,205000,3
Casa Rural,Calle Pio IX 37,35000,4
Chalet,Calle Plantío,128000,3
Piso,Calle Severo Ochoa,230000,3
Piso,Condesa Mencía,218000,4
Piso,Calle de los Alfareros 22,50160,2
Chalet,Urbanización Calabaza,395000,4
Piso,Puente la Reina 12,104000,2
Piso,Avenida Reyes Católicos 16,456000,4
Chalet,Burgos,215000,5
Piso,San Francisco,159500,4
Piso,Avenida Miranda do Douro 9,110000,2
Piso,barrio Villa Pilar,175000,5
Piso,Plaza Bulevar s/n,259500,3
Chalet,Crucero - Aquende,555000,5
Piso,Avenida Islas Baleares,197500,3
Chalet,Urbanizacion el Vadilo 19,191000,4
Duplex,Calle Carretas 15 -7,116600,4
Duplex,Avenida El Espolón,180000,3
Chalet,Calle Río Nela,620000,5
Chalet,Calle Solana Baja 8,135000,2
Piso,Calle Santa Lucía 51,55500,3
Chalet,Calle Maria Auxiliadora 24,175000,4
Chalet,Calle Molino 9,189200,4
Piso,Paseo de la Isla,380000,5
Chalet,Belorado,175000,5
Piso,Luis Alberdi,139000,3
Casa Rural,Calle los Pajares 20,230000,6
Piso,Calle Pedrote 9,170000,2
Piso,barrio Gamonal - San Bruno - G9,206500,3
Chalet,Aldea de el Pinar s/n,470000,7
Chalet,Jardín del Campo 8,105000,4
Chalet,Calle Cartuja de Miraflores 45,694000,7
Piso,Paseo de la Isla,380000,5
Chalet,Jardín del Campo 8,105000,4
Duplex,Calle Carretas 15 -7,116600,4
Piso,barrio Villa Pilar,175000,5
Piso,Calle Moneda 2,375000,6
Piso,Puente la Reina 12,104000,2
Chalet,Calle Solana Baja 8,135000,2
Piso,barrio Gamonal - San Bruno - G9,206500,3
Piso,Calle de los Alfareros 22,50160,2
Piso,Avenida Islas Baleares,197500,3
Chalet,Calle Molino 9,189200,4
Chalet,Urbanizacion el Vadilo 19,191000,4
Chalet,Calle Río Nela,620000,5
Chalet,Urbanización Calabaza,395000,4
Chalet,Calle Maria Auxiliadora 24,175000,4
Chalet,Castellote,269000,4
Chalet,Calle Cartuja de Miraflores 45,694000,7
Chalet,Calle Olmo,425000,5
Casa Rural,Calle Santa María s/n Sn,89000,5
Piso,Luis Alberdi,139000,3
Chalet,Burgos,215000,5
Piso,Calle Malaga,138000,3
Chalet,barrio San Julián-Bº de Cortes,115000,4
Chalet,Villamayor de los Montes,75000,5
Chalet,Calle Ángel García Bedoya,170900,5
Piso,Plaza Mayor,68000,4
Chalet,Poblado Momediano,89900,3
Piso,barrio Gamonal - San Bruno - G9,154500,4
Piso,Calle Mayor 22,39000,6
Chalet,Crucero - Aquende,255000,4
Piso,Villimar - V1 - V2 - S3 - S4 - San Cristobal,206500,3
Chalet,Carcedo de Burgos,99500,8
Chalet,Merindad de Cuesta-Urria,60000,6
Chalet,Castrillo del Val,295000,3
Chalet,Calle Tejera,125000,4
Chalet,Vía,75000,4
Chalet,Poblado Quintanilla del Rebollar,79900,4
Piso,barrio Santa Teresa-San Pedro Cardeña,200000,3
Chalet,Lugar Lunada 60,50000,0
Piso,Calle Padre Silverio,159900,3
Chalet,Carcedo de Burgos,99500,8
Chalet,Poblado Momediano,89900,3
Piso,Calle Vela Zanetti,177000,3
Piso,Calle Padre Silverio,159900,3
Piso,Parque Virgen del Manzano,329000,4
Chalet,BU-526,35000,4
Chalet,Calle San Nicolás,90000,3
Piso,Calle San Roque,27000,2
Chalet,Barrio Villacomparada,295000,4
Chalet,Felipe garcia 34,20000,3
Duplex,Calle Pedro Fernández de Velasco,93500,3
Chalet,Calle la Venta,57000,4
Piso,Calle de Sedano,79900,1
Chalet,Calle Salinas,129000,4
Piso,LOGROÑO,140000,2
Chalet,Vía,55000,3
Piso,Calle Eras de Burgos,75000,3
Chalet,Calle San Francisco,49000,1
Piso,Cogollos,70000,3
Chalet,Calle Rio,100000,4
Chalet,Calle Mayor,55000,4
Piso,Camino del Medio,39900,3
Piso,Calle Juan de Medina,89000,4
Chalet,Calle Proncillo,195000,4
Chalet,Calle la Iglesia,42000,3
Chalet,Calle Tizona,198000,3
Chalet,Calle Barcenillas de Cerezos,88000,5
Chalet,el rincon,119000,5
Piso,Calle Subida San Miguel 14,110000,3
Chalet,Calle Juan Carlos I,280000,4
Piso,Calle Almacenes,179000,4
Chalet,Poblado Moneo,180000,4
Chalet,Calle Encimera,47000,3
Duplex,Calle Vicente López,35000,3
Chalet,Calle del Carmen,99500,2
Piso,Calle Calzadas  13,322000,3
Duplex,Avenida Burgos,129900,4
Chalet,Lugar Arlanzon 8,149500,6
Chalet,Castrillo del Val,295000,3
Chalet,Quintana de los Prados,79000,3
Piso,Calle Calzadas  13,330000,3
Chalet,Calle Escuelas,115000,2
Piso,Calle Juan de Medina,89000,4
Chalet,Calle la Iglesia,42000,3
Piso,Calle el Carmen 7,79900,3
Piso,Ronda DEL FERROCARRIL,139000,2
Piso,Calle Martínez Conde,59000,2
Chalet,La Sía - Picón Blanco,88000,1
Chalet,Calle la Venta,57000,4
Piso,Lugar las Nieves,68000,3
Chalet,Poblado Moneo,180000,4
Piso,Plaza Alfonso VI,143000,3
Chalet,Calle Barcenillas de Cerezos,88000,5
Chalet,BU-526,35000,4
Piso,Calle de Zamora,97000,2
Piso,Calle de Zamora,29000,2
Chalet,Calle Escaño 9,59000,3
Chalet,Barrio Vallejuelo,225000,5
Chalet,Vía,55000,3
Chalet,Castrillo del Val,295000,3
Chalet,Calle Sol,59000,3
Chalet,Calle Río,96000,2
Chalet,Barrio la Iglesia,150000,5
Chalet,Calle Quintana de Rueda,34000,4
Chalet,Calle Cañada Real,185000,5
Duplex,Avenida Burgos,129900,4
Piso,Puente Villanueva,38000,2
Chalet,Barrio Villacomparada,295000,4
Chalet,Calle San Francisco,49000,1
Chalet,Calle Encimera,47000,3
Piso,Avenida Bilbao,49000,3
Chalet,Calle Rio,100000,4
Chalet,Calle Juan Carlos I,280000,4
Piso,Plaza Somovilla,120000,4
Chalet,Calle Mayor,55000,4
Piso,barrio Gamonal - San Bruno - G9,145000,4
Piso,Avenida de Santander,29000,3
Piso,Calle Saturnino Rodríguez,59000,3
Piso,Miranda do Douro,100000,3
Chalet,Barrio Cubillos,109900,3
