Provincia,Id del anuncio,Título,Tipo de inmueble,Descripción,Teléfono,Dirección,Precio,Habitaciones
Ceuta,102384054,"Piso en Calle Rampa de Abastos, 5",Piso,"Se vende vivienda semi-amueblada en calle Rampa de abastos, muy luminosa, con orientación oeste. -3 dormitorios amplios -2 baños reformados - salón -cocina reformada -balcón.",679943129,"Calle Rampa de Abastos, 5",198000,3
Ceuta,102235353,"Piso en Paseo Revellín, 21",Piso,"En el codiciado Paseo Revellín de Ceuta, te presentamos esta exclusiva oportunidad de adquirir un amplio y luminoso piso de 182 metros cuadrados. Con una distribución inteligente y funcional, esta propiedad destaca por sus dos habitaciones cómodas, un enorme salón comedor que invita a la convivencia y momentos memorables, una cocina totalmente renovada que fusiona estilo y funcionalidad, y un generoso vestidor que añade un toque de lujo a tu rutina diaria que podrás compaginar con tu trabajo gracias a un despacho increíble! La ubicación privilegiada del piso te brinda acceso a todas las comodidades que necesitas. Disfruta de una gran variedad de opciones gastronómicas, entretenimiento y servicios a solo pasos de distancia. Además, la amplitud de este piso te permitirá diseñar tu espacio a medida, adaptándolo a tus gustos y necesidades. No dejes pasar esta oportunidad única de adquirir un piso con espacio de sobra para vivir y crecer. Contacta con nosotros para agendar una visita y descubrir todo lo que este impresionante piso tiene para ofrecer.",856630758,"Paseo Revellín, 21",580000,3
Ceuta,102060764,"Piso en Calle Espino, 9",Piso,"Apartamento de una habitación situado en el Residencial Recinto. La vivienda tiene orientación sur, este y oeste, por lo que es muy luminosa, ya que durante todo el día entra luz natural. Consta de una habitación, un baño, salón con aire acondicionado, cocina, una pequeña terraza y plaza de garaje en el mismo edificio. El residencial tiene entrada tanto por la calle Espino como por la calle Recinto Sur, cuenta con un patio interior perfecto para que los niños puedan jugar.  La casa se vende amueblada. La plaza de garaje va incluida en el precio. Se puede visitar sin compromiso.",856630758,"Calle Espino, 9",184000,1
Ceuta,101701462,"Casa independiente en Loma Margarita, 65",Chalet,"¡Descubre la joya de Loma Margarita! Este impresionante chalet te ofrece una oportunidad única para vivir en el lugar de tus sueños. Con 6 amplias habitaciones y 3 baños elegantes, esta propiedad es perfecta para satisfacer todas tus necesidades. Sus amplias terrazas te permitirán disfrutar de las vistas panorámicas de Loma Margarita y su entorno mientras te relajas al aire libre. Imagina organizar reuniones con amigos y familiares, o simplemente disfrutar de un momento de tranquilidad mientras sientes la brisa suave. Si eres un amante de la cocina al aire libre, no te decepcionará la barbacoa de este chalet. Prepara deliciosas comidas mientras disfrutas de la compañía de tus seres queridos en un ambiente acogedor y privado. ¿Eres un entusiasta del automóvil? Este chalet cuenta con un garaje espacioso. Mantén tus vehículos seguros y protegidos mientras disfrutas de la comodidad de tenerlos al alcance de la mano. La luminosidad es uno de los principales puntos fuertes de esta propiedad. Los amplios ventanales permiten que la luz natural inunde cada rincón de la casa, creando un ambiente cálido y acogedor. Además de todas estas características, este chalet ofrece un fácil acceso a las principales vías y servicios. Podrás llegar rápidamente a las tiendas, restaurantes y lugares de ocio cercanos, garantizando una vida cómoda y conveniente. ¡No pierdas la oportunidad de convertir este chalet en tu hogar! Loma Margarita te espera con los brazos abiertos para ofrecerte una vida de lujo y confort. Contáctanos hoy mismo para obtener más información y concertar una visita personalizada. ¡No te arrepentirás de descubrir este rincón de ensueño!",856630758,"Loma Margarita, 65",550000,6
Ceuta,101629297,"Ático en Calle Andrés del Río Abaurrea, 5",Ático,"Ver Ceuta a vista de pájaro y disfrutar de una los atardeceres y amaneceres viendo como el sol se esconde tras el mar, arropado por las aguas mas bravas de nuestro país y las tierras de nuestros vecinos de Marruecos es una sensación indescriptible, mucho más si tienes el espacio suficiente para hacerlo con tu familia y amigos en ambientes totalmente distintos.  Este ático dúplex con derecho a vuelo, está compuesto por seis dormitorios, cinco de ellos ubicados en la planta inferior de los cuales dos tienen baño en suite y uno de ellos en su panta superior. Su gran salón estilo arábico con acceso a la terraza te permitirá realizar eventos o reuniones familiares sin preocuparte del espacio, pues también tiene acceso a una gran terraza que rodea toda la propiedad, a la misma también se accede desde el dormitorio principal. Si te preocupa la cocina, olvídalo, cuenta con un gran salón comedor y cocina equipada totalmente y una cocina auxiliar para el servicio o de apoyo en grandes eventos o reuniones familiares como navidad o ramadán. Sus suelos son de alta calidad, con electricidad soterrada y fontanería renovada. Seguramente quieras llegar a casa y poder disfrutar de la familia en poco tiempo, la propiedad incluye garaje para 10 vehículos que también podrás utilizar como trastero de desahogo para guardar todas tus cosas, olvidándote así de buscar aparcamiento en una de las principales arterias comerciales y sociales de Ceuta como es Avenida de África. Si tienes cualquier duda o cuestión, contáctanos en o a través de nuestras redes sociales @laperlarealestate.",856630758,"Calle Andrés del Río Abaurrea, 5",750000,6
Ceuta,101968783,Piso en Calle Millán Astray,Piso,"La magia del centro de la ciudad de Ceuta se despliega en estos 160 metros cuadrados de propiedad, inundados de calidez, luminosidad y la cercanía típica de Ceuta. Este piso está distribuido en cuatro habitaciones, todas ellas exteriores, una de ellas cuenta con baño en suite. Esto te permitirá disfrutar de la vida familiar sin perder intimidad en tu dormitorio. El amplio salón, bañado por la luz que entra a través de los ventanales, y sus balcones, son ideales para respirar aire fresco o simplemente deleitarse con las vistas de la plaza de los reyes mientras tomas un aperitivo o charlas con amigos y familiares. Además, la mayoría del mobiliario está incluido, por lo que podrás acomodarte en un chaise longue elegante, hecho a medida para la propiedad y completamente único. Y si eso no fuera suficiente, la cocina, diseñada en forma de T, cuenta con suficiente espacio para que puedas trabajar cómodamente en ella. También cuenta con una isla donde no estarás solo si te gusta cocinar, ya que tus familiares o amigos podrán acompañarte. Una gran propiedad es sinónimo de una gran cantidad de familiares, lo cual implica una gran mudanza. Pero no te preocupes, ya que el precio incluye un trastero donde podrás acomodar todos aquellos objetos voluminosos. Al trastero se accede desde la plaza de garaje que también está incluida en el precio. Como habrás visto, esta propiedad es un auténtico 10, ya que cumple con todas las necesidades propias de la ciudad de Ceuta y soluciona los principales problemas, como el estacionamiento y la falta de espacio de almacenamiento.",856630758,Calle Millán Astray,565000,4
Ceuta,102292602,"Piso en Calle Linares, 3",Piso,"Nos complace presentar esta destacada propiedad en el mercado, que ofrece una oportunidad única para adquirir un piso de 2 habitaciones con características notables y una ubicación altamente codiciada. Con un total de 132 metros cuadrados (94 metros de vivienda interior y 38 de terraza), esta residencia combina amplitud y funcionalidad en cada rincón, proporcionando un espacio habitable generoso y elementos que maximizan el confort. Las dos habitaciones espaciosas ofrecen un lugar de retiro tranquilo, mientras que el salón de dimensiones generosas proporciona un área versátil para diversas actividades. La cocina, gracias a su tamaño y diseño, permite tanto la preparación de alimentos como la opción de hacer vida en ella. Además, el patio interior y la amplia terraza que se asoma de manera elevada a la calle ofrecen extensiones exteriores, ideales para momentos de relajación o entretenimiento al aire libre. La inclusión de un trastero y plaza de garaje añaden un gran valor a la propiedad, y no solo por los altos precios de la zona, sino también por funcionalidad y comodidad.  La ubicación de esta residencia es sumamente conveniente por varios motivos: permite llegar caminando hasta el centro neurálgico de la ciudad en apenas 5 minutos, dispone de servicios de transporte en la calle adyacente, el helipuerto está muy próximo, hay tiendas y otros servicios por toda la zona, etc. Este piso es una oportunidad única para aquellos que buscan un espacio habitable amplio y funcional en una ubicación estratégica. Para más detalles o para programar una visita, no dude en ponerse en contacto.",676407821,"Calle Linares, 3",280000,2
Ceuta,102268763,"Piso en Perez Serrano, 6",Piso,"� ¡Bienvenidos al hogar de tus sueños en el corazón de la ciudad! � Te presentamos este encantador piso de 70 metros cuadrados, reformado para ofrecerte la vida que mereces. Con una decoración que combina armoniosamente el estilo nórdico con toques modernos, este espacio te cautivará desde el primer instante. Al ingresar, serás recibido por una sensación de calidez y luminosidad gracias a sus amplias ventanas que inundan cada rincón con luz natural. El diseño abierto de la sala de estar y la cocina crea un ambiente acogedor y funcional, perfecto para relajarte o entretener a tus amigos y familiares. La cocina blanca, elegante y totalmente equipada, será tu rincón creativo para hacer las mejores comidas! La joya de este piso es, sin duda, el espacioso vestidor que hará las delicias de los amantes de la moda y la organización. Imagina tener tu ropa y accesorios cuidadosamente almacenados en un espacio diseñado pensando en ti. La distribución inteligente de este hogar también incluye un dormitorio tranquilo, el lugar perfecto para descansar y recargar energías. El baño, revestido con detalles elegantes, es tu oasis personal para momentos de relajación. Este piso es la combinación perfecta de funcionalidad y estilo, ofreciéndote la oportunidad de vivir en un espacio diseñado con amor y cuidado. Todo esto por un precio increíblemente accesible de 150.000 euros. ¡No dejes pasar esta oportunidad única de convertir este espacio en tu nuevo hogar! Contáctanos para programar una visita y experimentar la magia por ti mismo. ¡Te esperamos con los brazos abiertos en tu futuro hogar! �✨.",856630758,"Perez Serrano, 6",150000,2
Ceuta,100201166,Piso en Avenida áfrica s/n,Piso,"La Perla ad home es una promoción de viviendas de obra nueva ubicada en Ceuta. El residencial está compuesto por 96 viviendas en altura de 1, 2 y 3 dormitorios, todas ellas cuentan con garaje y trastero incluido en el precio. Entre todas las tipologías de viviendas destacan los áticos con grandes terrazas y vistas al mar. El proyecto se desarrolla paralelamente a la Avenida de África, a las espaldas se encuentra la Mezquita Muely, y de frente se sitúa la playa El Chorrillo. Muy cerca de la promoción se encuentra la zona monumental de Ceuta y las Murallas Reales. En la zona se encuentra todo tipo de servicios y buenas comunicaciones.",919385625,Avenida áfrica s/n,116000,1
Ceuta,100201125,Piso en Avenida áfrica s/n,Piso,"La Perla ad home es una promoción de viviendas de obra nueva ubicada en Ceuta. El residencial está compuesto por 96 viviendas en altura de 1, 2 y 3 dormitorios, todas ellas cuentan con garaje y trastero incluido en el precio. Entre todas las tipologías de viviendas destacan los áticos con grandes terrazas y vistas al mar. El proyecto se desarrolla paralelamente a la Avenida de África, a las espaldas se encuentra la Mezquita Muely, y de frente se sitúa la playa El Chorrillo. Muy cerca de la promoción se encuentra la zona monumental de Ceuta y las Murallas Reales. En la zona se encuentra todo tipo de servicios y buenas comunicaciones.",919385625,Avenida áfrica s/n,164000,2
Ceuta,100201162,Piso en Avenida áfrica s/n,Piso,"La Perla ad home es una promoción de viviendas de obra nueva ubicada en Ceuta. El residencial está compuesto por 96 viviendas en altura de 1, 2 y 3 dormitorios, todas ellas cuentan con garaje y trastero incluido en el precio. Entre todas las tipologías de viviendas destacan los áticos con grandes terrazas y vistas al mar. El proyecto se desarrolla paralelamente a la Avenida de África, a las espaldas se encuentra la Mezquita Muely, y de frente se sitúa la playa El Chorrillo. Muy cerca de la promoción se encuentra la zona monumental de Ceuta y las Murallas Reales. En la zona se encuentra todo tipo de servicios y buenas comunicaciones.",919385625,Avenida áfrica s/n,200000,3
Ceuta,100065045,"Piso en Calle Miguel Arruda, 35",Piso,"Promoción Huerta Téllez de renta libre en Ceuta piso de 2 dormitorios, 1 baño, salón, cocina con lavadero, plaza de garaje y trastero incluido con impresionantes vistas de la costa. Zona conocida como Cuesta Parisina, en la Avenida Miguel Arruda, llena de vida rodeada de colegios e institutos, supermercados, instalaciones deportivas y cerca del hospital universitario de Ceuta.  ¡CONSÚLTANOS Y RESERVA TU PISO NUEVO EN CEUTA! VISTAS SUR.",851813647,"Calle Miguel Arruda, 35",120000,2
Ceuta,100065144,"Piso en Calle Miguel Arruda, 35",Piso,"Promoción Huerta Téllez de renta libre en Ceuta piso de 3 dormitorios, 2 baños, salón, cocina, plaza de garaje y trastero incluido con vistas al norte. Zona conocida como Cuesta Parisina, en la Avenida Miguel Arruda, llena de vida rodeada de colegios e institutos, supermercados, instalaciones deportivas y cerca del hospital universitario de Ceuta.  ¡CONSÚLTANOS Y RESERVA TU PISO NUEVO EN CEUTA! VISTAS NORTE.",851813647,"Calle Miguel Arruda, 35",120600,3
Ceuta,82720143,"Dúplex en Calle Calderón de la Barca, 16 , 2-c",Duplex,"VENTA O ALQUILER CON OPCIÓN A COMPRA. Es un ático dúplex, consta de tres dormitorios, en la planta baja se encuentra el vestíbulo con armario empotrado, la cocina totalmente equipada, el salon- comedor y dos amplios dormitorios, un baño y terraza recientemente acristalada, también sirve como comedor y trastero. La planta superior consta de una suite (dormitorio principal) con dos amplios armarios empotrados y vestidor junto con su baño, terraza solarium y trastero. La plaza de garage se incluye en el precio de venta. Se encuentra rodeada de numerosos servicios tales como hipermercado, ultramarinos, centro comercial, mercado, colegio e instituto, además de conexión con línea de autobús.",687210881,"Calle Calderón de la Barca, 16 , 2-C",270000,3
Ceuta,100065082,"Piso en Calle Miguel Arruda, 35",Piso,"Promoción Huerta Téllez de renta libre en Ceuta piso de 3 dormitorios, 2 baños, salón, cocina, plaza de garaje y trastero incluido con impresionantes vistas de la costa. Zona conocida como Cuesta Parisina, en la Avenida Miguel Arruda, llena de vida rodeada de colegios e institutos, supermercados, instalaciones deportivas y cerca del hospital universitario de Ceuta.  ¡CONSÚLTANOS Y RESERVA TU PISO NUEVO EN CEUTA. VISTAS SUR.",851813647,"Calle Miguel Arruda, 35",154000,3
Ceuta,98740487,"Piso en Calle Antonia Gallego Céspedes, 1",Piso,"Cuando se piensa en Ceuta, se piensa en el mar…, en las puestas de sol, en el olor a sal y en la refrescante brisa marina. En el cielo azul que se funde con el horizonte. En las mañanas de sol que te abrazan con el cantar de los pájaros, y en la luna llena que se baña iluminando el agua por las noches. El arco iris coronando el monte Hacho tras las lluvias. ¿Te imaginas vivir esta experiencia todos los días?  Luz, serenidad e impresionantes vistas son los tres adjetivos que mejor definen este hogar. Esta vivienda situada en esquina, es única, con todas las estancias con vistas directas al mar (excepto un cuarto de baño) y un único vecino en la planta, tranquila y sin ruidos, lo que le proporciona gran privacidad. La luminosidad de la casa es excepcional, igual que las vistas al Mediterráneo. Lista para entrar a vivir, de reciente construcción. En una octava planta, tiene vídeo portero. En las zonas comunes cuentan con sensor de movimiento para el encendido automático de luces y vídeo vigilancia. La vivienda dispone de una cocina con lavadero, salón comedor, tres dormitorios, dos cuartos de baño y un bonito balcón. Todas las ventanas tienen sistema climalit (doble cristal) y además una doble ventana. Posibilidad opcional de garaje en el mismo edificio (18.000€). La entrada de la casa cuenta con un gran armario empotrado de tres puertas y más de dos metros veinte de alto. Justo después está la cocina, totalmente amueblada y equipada. El lavadero es independiente de la cocina. El salón tiene un gran ventanal de tres cristales con vistas directas al mar, un armario empotrado y estantería para libros. Desde el distribuidor se accede a uno de los cuartos de baño (que dispone de bañera) y a las tres habitaciones. Las habitaciones completas, cada una con diferentes vistas al mar. El dormitorio principal con armario empotrado de dos puertas, cuarto de baño completo con ducha y ventana y un balcón, todo con espectaculares vistas al mar. Si buscas una casa a 10 minutos a pie del centro, con todo tipo de servicios, sin los inconvenientes de ruidos y bullicios, a un precio accesible, este puede ser tu hogar ideal.",649616101,"Calle Antonia Gallego Céspedes, 1",237000,3
Ceuta,98095468,"Piso en Calle Algeciras, 2",Piso,"Muy luminoso. Con ascensor de asceso desde el portal y desde el garaje a la vivienda. Portal muy grande de mármol. Fachada restaurada. Alarma en todo el edificio. Portero automático. Terrazas muy largas delante de 6 habitaciones. Largos tendederos en dos patios muy grandes y luminosos. Hay puertas de entrada principal y puerta de servicio. Hall. 5 Dormitorios muy grandes y 2 Dormitorios tamaño normal. 13 armarios empotrados con sus altillos. Y otros 3 altillos hondos y grandes en tres dormitorios. Cocina muy espaciosa. Office. Salón muy grande. Cuarto Estar. Tiene 2 balcones muy largos, 6 ventanas al exterior y vista al mar y 8 ventanas a patio. Garaje. Posibilidad de coger un segundo garaje en edificio próximo. Aprobación por la comunidad de otro hueco de ventana en la zona del office a un tercer patio de la comunidad.",689360845,"Calle Algeciras, 2",590000,9
Ceuta,102075059,"Piso en Calle Real, 13",Piso,"Piso de tres habitaciones situado en calle Real número 13. Situada en una de las mejores calles de la ciudad, con supermercados, tiendas, lugares de ocio y restaurantes cerca.  La vivienda está formada por un amplio salón dividido en dos zonas, con terraza, dos baños, uno de ellos con bañera y el otro con plato de ducha, cocina, 3 dormitorios, el principal con balcones hacia la calle Cdad. Trujillo y un patio. La vivienda está adaptada para personas con movilidad reducida. Se puede visitar sin compromiso. @Laperlarealestate.",856630758,"Calle Real, 13",355000,3
Ceuta,101637634,"Ático en Calle Real, 59",Ático,"ATICO CON TERRAZA Gran oportunidad de vivir en un magnífico y soleado ático de 81 m², situado en plena calle Real. Dispone de una terraza privada descubierta de 9 m². Con una distribución estudiada al detalle aprovechando al máximo el espacio, la vivienda se distribuye en salón con doble salida a la terraza, cocina completamente amueblada y equipada con vitrocerámica, horno y termo eléctrico de gran capacidad, 2 amplios dormitorios y 1 baño. El edificio cuenta con 2 ascensores, comunidad en muy buenas condiciones. Está muy bien localizado en zona tranquila, su ubicación es idónea, a escasos 5 minutos a pie del Campus Universitario de Ceuta y cerca de todo tipo de comercios y servicios (mercado de abastos, bares, farmacias, zonas infantiles, colegios, Institutos). La propiedad incluye una plaza de garaje incluida en el precio, de 14 m² en el mismo edificio con capacidad para coche y moto.",-,"Calle Real, 59",245000,2
Ceuta,100065177,"Piso en Calle Miguel Arruda, 35",Piso,"Promoción Huerta Téllez de renta libre en Ceuta piso de 4 dormitorios, 2 baños, salón, cocina, plaza de garaje y trastero incluido con vistas al norte. Zona conocida como Cuesta Parisina, en la Avenida Miguel Arruda, llena de vida rodeada de colegios e institutos, supermercados, instalaciones deportivas y cerca del hospital universitario de Ceuta.  ¡CONSÚLTANOS Y RESERVA TU PISO NUEVO EN CEUTA! VISTAS NORTE.",851813647,"Calle Miguel Arruda, 35",137700,4
Ceuta,100065077,"Piso en Calle Miguel Arruda, 35",Piso,"Promoción Huerta Téllez de renta libre en Ceuta piso de 3 dormitorios, 2 baños, salón, cocina, plaza de garaje y trastero incluido con impresionantes vistas de la costa. Zona conocida como Cuesta Parisina, en la Avenida Miguel Arruda, llena de vida rodeada de colegios e institutos, supermercados, instalaciones deportivas y cerca del hospital universitario de Ceuta.  ¡CONSÚLTANOS Y RESERVA TU PISO NUEVO EN CEUTA! VISTAS SUR.",851813647,"Calle Miguel Arruda, 35",150000,3
Ceuta,100065184,"Piso en Calle Miguel Arruda, 35",Piso,"Promoción Huerta Téllez de renta libre en Ceuta piso de 4 dormitorios, 2 baños, salón, cocina, plaza de garaje y trastero incluido con vistas al norte. Zona conocida como Cuesta Parisina, en la Avenida Miguel Arruda, llena de vida rodeada de colegios e institutos, supermercados, instalaciones deportivas y cerca del hospital universitario de Ceuta.  ¡CONSÚLTANOS Y RESERVA TU PISO NUEVO EN CEUTA! VISTAS NORTE.",851813647,"Calle Miguel Arruda, 35",141900,4
Ceuta,100065116,"Piso en Calle Miguel Arruda, 35",Piso,"Promoción Huerta Téllez de renta libre en Ceuta piso de 3 dormitorios, 2 baños, salón, cocina, plaza de garaje y trastero incluido con impresionantes vistas de la costa. Zona conocida como Cuesta Parisina, en la Avenida Miguel Arruda, llena de vida rodeada de colegios e institutos, supermercados, instalaciones deportivas y cerca del hospital universitario de Ceuta.  ¡CONSÚLTANOS Y RESERVA TU PISO NUEVO EN CEUTA! VISTAS SUR.",851813647,"Calle Miguel Arruda, 35",160000,3
Ceuta,100065088,"Piso en Calle Miguel Arruda, 35",Piso,"Promoción Huerta Téllez de renta libre en Ceuta piso de 3 dormitorios, 2 baños, salón, cocina, plaza de garaje y trastero incluido con impresionantes vistas de la costa. Zona conocida como Cuesta Parisina, en la Avenida Miguel Arruda, llena de vida rodeada de colegios e institutos, supermercados, instalaciones deportivas y cerca del hospital universitario de Ceuta.  ¡CONSÚLTANOS Y RESERVA TU PISO NUEVO EN CEUTA! VISTAS SUR.",851813647,"Calle Miguel Arruda, 35",152000,3
Ceuta,101249632,"Piso en Paseo de la marina, 5",Piso,"Esta moderna propiedad ubicada en el pulmón social de Ceuta es parte de una preciosa comunidad de vecinos. Cuenta con una cocina totalmente equipada, salón comedor con una mesa de cristal para poder comer o simplemente charla contemplando el puerto deportivo ceutí. Su suelo es de parqué y sus ventanas están protegidas por sendas persianas de calidad, que permiten un aislamiento correcto evitando ruidos molestos. Disfruta de la cercanía de todos los comercios, zonas de ocio, puerto deportivo y tiendas textiles. ¿Aún te lo estás pensando? Si tienes dudas contáctanos en @laperlarealestate o a través de nuestros teléfonos de contacto.",856630758,"Paseo de la marina, 5",170000,1
Ceuta,98866930,Piso en Calle Rampa de Abastos,Piso,"¿Estás interesado en comprar un piso en Ceuta? ¡Tenemos en exclusiva un piso para ti! Disponemos de un piso en edificio residencial con ascensor que puedes adquirir en propiedad, con una superficie de 76m² bien distribuidos en 1 dormitorio, 1 baño, salón-comedor, cocina, balcón cerrado y dispensa independiente, ubicado en la localidad de Ceuta. El piso de ubica en el centro de la ciudad de Ceuta, una ciudad autónoma española situada en la costa norte de África. Ceuta es conocida por su historia rica y diversidad cultural debido a su ubicación estratégica en el Estrecho de Gibraltar. La calle está rodeada de edificios comerciales, tiendas, restaurantes y otros establecimientos, lo que la convertiría en una zona concurrida y animada. Dado que lleva el nombre de Rampa Abastos"", es posible que en el pasado hubiera sido un área relacionada con el suministro y distribución de alimentos o productos. El entorno cuenta con una combinación de arquitectura moderna y tradicional, dada la larga historia de la ciudad. ¿Quieres más información? No dudes en ponerte en contacto con nosotros. Visita sin compromiso, sin comisiones de intermediación. Más información rellenando el formulario de contacto o por teléfono. Estaremos encantados de atenderte. Portal es una plataforma inmobiliaria donde podrás acceder a miles de activos inmobiliarios de diferentes tipos como viviendas, locales comerciales, terrenos, nueva obra, tanto a nivel particular como para inversores. Portal cuenta con una amplia cartera de activos inmuebles tanto en España como en Portugal y Grecia. Aprovecha la oportunidad, por la compra de tu vivienda haz de la casa de tus sueños una realidad este verano. Llévate un cheque regalo de IKEA por valor de 1000/1500/2000€ para decorar tu futuro hogar con los mejores muebles. *Consultar condiciones.""",919380558,Calle Rampa de Abastos,160000,1
Ceuta,101613413,Piso en Calle Antioco,Piso,"Proyecto de reforma simulado.  Tu oportunidad de adquirir una propiedad espaciosa compuesta de tres dormitorios, un baño y un aseo en Ceuta está aquí. Situada en calle antioco nº5, pleno corazón de la Ciudad Autónoma, esta propiedad gestionada por La Perla Real Estate en exclusividad se compone de tres amplias estancias, ideales para una familia o pareja con proyecto de futuro. Existe la posibilidad de ampliación a una cuarta estancia para aumentar la rentabilidad del inmueble en caso de que quiera invertir. Cuenta con un baño y un aseo para invitados situado en el pasillo central, una amplia cocina con posibilidad de incorporar una isla y convertir la cocina en un espacio familiar inigualable. Un lavadero de desahogo para centralizar los productos y zona de limpieza. Se encuentra cerca de comercios, colegios y servicios básicos, brindando la oportunidad al comprador de prescindir de vehículo en su vida cotidiana. Si tienes cualquier consulta no dudes en contactarnos! La perla real estate, invertimos en tiempo.",856630758,Calle Antioco,205000,3
Ceuta,100866986,"Piso en Paseo Alcalde Sánchez Prados, 6",Piso,"Magnífico apartamento situado en pleno centro de la ciudad, en una de las avenidas más emblemáticas de Ceuta. Construido en el año 2008, se sitúa en la primera planta del edificio Ceutagran. Esta vivienda cuenta con salón-comedor, cocina americana, dormitorio y cuarto de baño. La cocina dispone de todos los electrodomésticos. La vivienda cuenta además con aire acondicionado y calefacción. Todas las estancias dan a la Avenida Alcalde Sánchez Prados, recientemente reformada. Apartamento perfecto como inversión, para su posterior alquiler (precio de alquiler medio 650 euros/mes), con una rentabilidad anual de 4,38%.",620225897,"Paseo Alcalde Sánchez Prados, 6",171000,1
Ceuta,101772901,"Piso en Calle General Serrano Orive, 8",Piso,"Zona Plaza M. Carmen Cerdeira. Luminoso. Amueblado. Distribución inmejorable. 4 armarios empotrados. Alejado de otros pisos. Vista despejada a plaza con jardines. Terraza cerrada. Preinstalación de aire acondicionado en dormitorio y salón. Techos extra altos incluso en cocina y baño. Ideal para inversores, consultas médicas, Oficinas comerciales, vivienda habitual o segunda vivienda. En pleno centro de Ceuta. Todos los servicios a escasos metros.",637882178,"Calle General Serrano Orive, 8",170000,1
Ceuta,101195253,"Piso en Calle Isidoro Martínez, 6",Piso,"El Edificio Arcano está ubicado en la zona centro de la ciudad autónoma de Ceuta.   El acceso al edificio está habilitado con rampa y escaleras, además de un ascensor que garantiza la accesibilidad a la vivienda. La comunidad de propietarios disfruta de una amplia piscina, servicio de portería y limpieza de zonas comunes, además de un amplio patio que permite el desarrollo del carácter social.   La vivienda tiene una superficie construida de 139 m2. Al acceder a ella encontramos un vestíbulo con videoportero y guardaropa. Un amplio salón con tres ventanales y una cocina independiente, recientemente reformada.  El  dormitorio principal contiene un baño en suit, dos armarios empotrados y un pequeño balcón. La casa posee un segundo cuarto de baño independiente construido en mármol, ambos cuartos de baños cuentan con ventanas que dan a un patio interior. La 2º y 3ª habitación están ubicadas en el ala este de la casa y se benefician de ventanas exteriores con vistas a la piscina comunitaria. La cuarta habitación dispone de un ventanal que proporciona la luminosidad que caracteriza a la vivienda.",-,"Calle Isidoro Martínez, 6",280000,4
Ceuta,99449962,"Piso en Calle Linares, 4",Piso,-,686415774,"Calle Linares, 4",250000,3
Ceuta,102180113,"Piso en Calle Dueñas, 11",Piso,"Se vende piso en el centro de Ceuta (detras de la plaza Azcarate). Consta de 3 dormitorios, más otra estancia que ha servido como despacho pero que se le puede dar uso de otro dormitorio), 2 baños completos (1 suite en el dormitorio principal), cocina completa con placa de inducción con forma de riñón y sistema de osmosis inversa. Gran garaje y trastero.  Se vende completamente amueblado. Precios: Vivienda: 260.000 € Garaje: 30.000 € Trastero: 10.000 € Atención. No se vende garaje y /o trastero de forma independiente. El precio total del conjunto es de 300.000 €.",685846327,"Calle Dueñas, 11",260000,4
Ceuta,102363166,"Piso en Barriada el Sarchal, 30 -32",Piso,"El piso, consta de tres dormitorios amplios, el de matrimonio es muy grande, con un armario empotrado de 4 puertas, balcon, vestidor y baño amplio con cabina, el otro baño tambien muy amplio con bañera, cocina, gran salón, con balcon y terraza, con vistas al mar. Opción de garaje en el mismo edificio.",695613374,"Barriada el Sarchal, 30 -32",220000,3
Ceuta,101495718,"Ático en Calle Real, 106",Ático,"Sobreático acogedor y luminoso en edificio moderno en el centro de Ceuta, en muy buen estado y con vistas a la fortaleza del Hacho y al Estrecho de Gibraltar. Terraza abierta de 22m² con frente acristalado, toldo motorizado, césped artificial de alta calidad, mueble y electrodomésticos adicionales exteriores. Agua caliente centralizada. Venta directa. Posibilidad de garaje y trastero de 6,5 m² útiles por 30.000€ adicionales.",606612152,"Calle Real, 106",280000,2
Ceuta,101815542,"Piso en Calle Independencia, 11",Piso,"Piso amueblado, reformado de fontanería y electricidad, ! Listo para entrar a vivir¡ Opción a plaza de garaje en el edificio de enfrente. Los gastos de comunidad incluyen recogida diaria de basura.",647674938,"Calle Independencia, 11",380000,3
Ceuta,28860406,"Piso en Calle Real, 37",Piso,Apartamento de 2 habitaciones en el centro de la ciudad. Muy luminoso. Se entrega amueblado y listo para vivir. Posibilidad de alquiler con derecho a compra. Contactar con Angel 619073464.,619073464,"Calle Real, 37",239995,2
Ceuta,95414139,"Casa independiente en Calle arroyo del infierno, 1",Chalet,"Chalet independiente construido en 370 mts de terreno, consta de sótano-garaje de 100 mts, dos plantas, la primera de 87 mts, la segunda de 97 mts, castillete de 13 mts, dos baños ( uno en dormitorio principal) y un aseo. Dos salones y cocina totalmente amueblada, tres dormitorios, vestidor. Aire acondicionado, chimenea de leña, hilo musical, suelo porcelánico. Agua caliente por placas solares. Garaje para más de dos coches, trastero y solarium. Alrededor de la casa una gran terraza.",632517160,"Calle arroyo del infierno, 1",510000,3
Ceuta,29430287,"Piso en Calle Canalejas, 4",Piso,"Fantástico piso a estrenar en calle Canalejas, zona centro de la ciudad junto al colegio Lope de Vega. Con una excelente comunicación encontramos todo tipo de servicios a pocos metros como: supermecados , farmacias , plaza de abastos, etc. Tiene 82,13 m² con un amplio salón-comedor, cocina con tendedero , 2 dormitorios 1 baño completo. . Puerta de entrada acorazada, video portero, antena comunitaria, preinstalación de telecomunicaciones y mecanismos eléctricos de ultima generación, carpintería interior en madera , armarios empotrados en dormitorios y hall, suelos de mármol . En cocina y cuartos de baño gres de Porcelanosa , carpintería exterior de aluminio de primerísima calidad, instalando climalit con máximo aislamiento termoacústico y contraventanas mallorquinas correderas, que nos dan una protección solar total o parcial, una ventilación natural con lamas orientables y una seguridad reforzada . Termo y Acumulador de agua caliente solar. Elegantes y amplias zonas comunes . Posibilidad de plazas de garaje y trastero.",919388933,"Calle Canalejas, 4",210000,2
Ceuta,94502999,"Piso en Avenida Reyes Católicos, 126",Piso,"Vivienda de 230 metros muy soleada, donde todas las habitaciones dan al exterior, situada frente a colegio  Consta de una planta baja de 90 m de garaje y un patio de 70 m, (antiguamente fue un local comercial) Una primera planta de 90 metros con 3 dormitorios, salón, una amplia cocina, pasillo distribuidor y dos cuartos de baño. Posee una azotea de 90 metros y un cuartillo en la escalera de asceso. Posibilidad de construcción de otra planta, así como ampliar la 1 planta.",635597638,"Avenida Reyes Católicos, 126",260000,3
Ceuta,99353413,"Casa independiente en Carretera Urbanización San Antonio, 3",Chalet,"Se vende vivienda adosada con un total de 203,55 m. Zona Urbanización Poblado San Antonio. (Mensajes a privado) La planta principal consta de cocina amplia, aseo, armario empotrado, salón amplio con vistas al mar y la ciudad, con chimenea y acceso a buhardilla.  La planta baja tiene 3 dormitorios, dos de ellos con armario empotrado, el dormitorio principal tiene baño privado y vistas al mar. Esta planta también tiene un amplio pasillo con armarios empotrados y otro baño, además cuenta con acceso directo al patio y el garaje.  El garaje tiene dos amplias plazas de aparcamiento interior, con espacio suficiente para motos, estantes y almacenamiento. Tiene dos puertas enrrolables automatizadas de aluminio. También hay una plaza de aparcamiento exterior justo frente a las puertas del garaje.",-,"Carretera Urbanización San Antonio, 3",305000,3
Ceuta,101944608,"Piso en Calle Real, 63",Piso,"El piso se encuentra en muy buen estado, es muy cálido en invierno y fresco en verano. Al no dar a la calle principal es muy tranquilo y silencioso. Se vende semiamueblado, listo para vivir, con amplios armarios vestidos en toda la vivienda. Cocina amueblada y cuarto de baño reformado recientemente. Dispone de garaje en primera planta del sótano del edificio. Su situación es muy céntrica, al lado del mercado, colegios, farmacia, en un calle sin cuesta. Es ideal para parejas, familias con un hijo y para personas mayores. Podría venderse sin el garaje, en ese caso el precio de la vivienda sería 220.000 euros.",659309326,"Calle Real, 63",250000,2
Ceuta,96847316,"Piso en Calle Antioco, 7",Piso,"Se vende piso en pleno centro de la ciudad (frente a Almacenes San Pablo) es un 3°, muy luminoso, balcón con vistas a la calle principal. Tiene 3 habitaciones amplias, en el salón comedor hay posibilidad de hacer una cuarta habitación. La cocina es muy amplia, esta equipada y cuenta con lavadero aparte. Dispone de un cuarto de baño amplio, equipado y otro aseo aparte. Esta todo a mano, colegios, clínicas, farmacias, comercios, playa, parque marítimo.. . Zona muy tranquila, es una gran oportunidad, mejor ver.",618928085,"Calle Antioco, 7",219000,3
Ceuta,95186852,"Dúplex en Carretera San Antonio, 12",Duplex,"Se vende precioso Ático-Dúplex, en Residencial Valdeaguas con unas vistas inmejorables, de primeras calidades, cocina completa con electrodomésticos, amplio salón con terraza orientación Norte a 50 metros lineales del mar, 4 dormitorios amplios con grandes armarios empotrados, dos dormitorios uno con terraza y otro con ventana orientación Norte, los otros dos con vistas al hacho, todos muy luminosos, una amplia terraza con barbacoa, ducha y fregadero con orientación Norte, Sur, Este y Oeste, así como un lavadero con un congelador, para màs información no dude en llamar y verla. PRECIO NO NEGOCIABLE.",620120750,"Carretera San Antonio, 12",550000,4
Ceuta,100927112,"Piso en Playa Benitez, 20",Piso,"Preciosa vivienda en primera línea de playa, muy luminosa y con vistas directas al mar. Primera planta en edificio con ascensor. Consta de las siguientes estancias: Hall independiente, Amplia cocina con comedor,  Gran salón con salida a la terraza,  Terraza con vistas al mar, Patio interior de uso exclusivo,  Cuarto de lavandería, Dos baños completos (uno con bañera y bidet y otro en suit con plato de ducha) Tres habitaciones, una de ellas de matrimonio con el baño en la habitación y todas ellas con vistas al mar. En origen fueron 4 habitaciones (reflejado así en la escritura) pero han sido convertidas en 3 al ser reformada para hacer una amplia cocina - comedor abierto con gran capacidad de almacenamiento y acceso directo a patio privado. La ubicación es Playa Benítez, 20, Idealista no lo ubica correctamente. Por favor contacten por teléfono o chat para cualquier duda o consulta.",620531308,"Playa Benitez, 20",280000,4
Ceuta,100102530,"Piso en Calle Millán Astray, 8",Piso,"Venta de particular. Se vende casa situada en ed. San Luis (centro) en 5 planta, soleada.  Consta de 4 dormitorios con armarios empotrados, dos baños, salón con balcón cerrado y cocina con patinillo.  Se incluye plaza de garaje amplia, así como cuartillo. La cocina cuenta con zona de comedor amplio y despensa, también dispone de aire acondicionado en el salón como en otras dos habitaciones.  Situado en una zona inmejorable cerca de todos tipo de establecimientos como colegios, farmacias, centros médicos... etc. El precio incluye la casa, garaje y cuartillo. Póngase en contacto sin ningún compromiso.",616409181,"Calle Millán Astray, 8",370000,4
Ceuta,92126192,"Ático en Calle Brull, 1",Ático,"¡SEMIÁTICO CON ENCANTO EN PLENO CENTRO DE LA CIUDAD! La vivienda se sitúa en la Plaza de Maestranza (Centro) que, por la situación que tiene, cuenta con impresionantes vistas tanto al Estrecho de Gibraltar, como al Monte Hacho.  Es una vivienda en muy buen estado, especialmente luminosa, muy acogedora y diseñada con mucho gusto, y consta de: - Un AMPLIO SALÓN, muy luminoso. Tiene iluminación individual para los cuadros. - Una COCINA, íntegramente equipada: Vitrocerámica con campana de extracción, nevera y lavadora completamente nuevos, horno, microondas y lavavajillas BOSCH, y amplia zona de trabajo. - Un DORMITORIO PRINCIPAL, con vistas al Monte Hacho, que consta de 2 armarios empotrados. - Un CUARTO DE BAÑO, con bañera y mampara, inodoro y bidé. El lavabo es de piedra y se encuentra sobre un mueble de obra.  - Una ZONA CHILL OUT, mágico espacio donde relajarte y ver las puestas de sol. - Una estupenda TERRAZA, para tomar el aire vistas al Estrecho de Gibraltar. · DATOS DE INTERÉS: - La vivienda tiene 80 m2 construidos. - Es un 6º CON ASCENSOR. - REFORMA INTEGRAL en 2021. - La solería en su totalidad, salvo en los cuartos húmedos, es de suelo de PARQUET. - La puerta de acceso a la vivienda es una PUERTA BLINDADA. - Tiene ORIENTACIÓN SURESTE. - La vivienda está RECIÉN PINTADA. - TODAS las ventanas tienen SISTEMA CLIMALIT. - El sistema de Agua Caliente Sanitaria es a través de GAS BUTANO. - Los valores del certificado energético son estimativos, está en trámites. IMPORTANTE: - SOLO VENTA: NO ALQUILER CON OPCIÓN A COMPRA. - SOLO COMPRADORES REALMENTE INTERESADOS MUCHAS GRACIAS. Telf 667053214 Precio 220.000€ negociable.",667053214,"Calle Brull, 1",225000,1
Ceuta,28095593,"Estudio en Calle Colombia, 3",Estudio,"En VENTA apartamento de 1 dormitorio, por 145.000, 00 euros. Le pierdo dinero pero me URGE su venta por compra de otra vivienda (el mobiliario y electrodomésticos incluidos en el precio, valorados en 6.000, 00 euros, negociables).  También ALQUILER con OPCIÓN A COMPRA(300,00 euros/ mes + aportación inicial de 20- 30.000, 00 euros). Perfectamente equipado. Cocina completa (también lavaplatos y lavadora). Aire acondicionado. Bonito y sobre todo, funcional. Plaza de garaje y trastero incluidos en el precio (145.000, 00 euros). Superficie construida: 71,27 m ² útiles/ útil: 41,83 m ² útiles.  Teléfono: 616 91 92 91.",616919291,"Calle Colombia, 3",145000,0
Ceuta,83348966,"Dúplex en Urbanización San Antonio, 1",Duplex,"Espectacular ático en Ceuta con piscina. Ubicado en “Residencial Valdeaguas” (bajo San Antonio), tiene unas vistas inigualables, todo el estrecho y la bocana del puerto e incluso parte del monte Hacho. Con 240 m construidos y 202,30 útiles consta de una planta superior con terraza trasera con barbacoa y en la parte delantera un salón con vistas al estrecho además un cuarto para la lavadora y la ropa. En la planta intermedia con la puerta de entrada, vestíbulo, un aseo para las visitas, un patio andaluz, cocina con las mejores calidades, un gran salón con terraza con vistas también al estrecho. La planta baja consta de cuatro dormitorios, un zapatero, un cuarto de baño compartido y otro cuarto de baño en el dormitorio de matrimonio, además una de las habitaciones tiene una terraza fabulosa ideal para sentarte a leer y relajarte viendo el atardecer en la mujer muerta. La propiedad tiene unas calidades excelentes, todos los armarios son empotrados y están revestidos, aire acondicionado y calefacción en todas las habitaciones y el salón, agua caliente de placas solares comunitarias, las terrazas de la planta baja y media están vestidas con parqué, la del cuarto de invitados nivelada para al estar sentado en el sillón ver el mar. La terraza superior tiene además de la barbacoa un lavadero y un lavabo para hacer amenas las fiestas que se puedan organizar con amigos.  Zonas comunes ajardinadas, con piscina y perfectamente mantenidas (se trata de una comunidad bastante nueva). -Piscina. -2 plazas de garaje. -Trastero -4 dormitorios. -3 terrazas. -1 zapatero. -3 cuartos de baño. -1 patio. Salón y cocina.",616293739,"Urbanización San Antonio, 1",550000,4
Ceuta,94502999,"Piso en Avenida Reyes Católicos, 126",Piso,"Vivienda de 230 metros muy soleada, donde todas las habitaciones dan al exterior, situada frente a colegio  Consta de una planta baja de 90 m de garaje y un patio de 70 m, (antiguamente fue un local comercial) Una primera planta de 90 metros con 3 dormitorios, salón, una amplia cocina, pasillo distribuidor y dos cuartos de baño. Posee una azotea de 90 metros y un cuartillo en la escalera de asceso. Posibilidad de construcción de otra planta, así como ampliar la 1 planta.",635597638,"Avenida Reyes Católicos, 126",260000,3
Ceuta,102162923,"Piso en Calle Rampa de Abastos, 5",Piso,"Maravillosa vivienda recién reformada y pintada, lista para entrar a vivir. Tiene 3 dormitorios, dos baños, un aseo, cocina, salón-comedor con impresionantes vistas al mar en todos los dormitorios. En días claros incluso se ve el Peñón de Gibraltar. Opcionalmente se venden aparte hasta 3 plazas de garaje en las que caben holgadamente 4 vehículos de tamaño SUV. La vivienda está situada en la zona centro frente al puerto de pescadores, a 5 minutos andando del Parque Marítimo del Mediterráneo, a 150 metros del helipuerto, en el que se puede tomar un helicóptero que te lleva a Algeciras en 7 minutos o a Málaga en 30. Hay una parada de autobús urbano justo enfrente. A 150 metros del Campus universitario. A 3 minutos de varios colegios. Muy cercano a numerosos organismos oficiales como Fomentos Costas, Delegación de Educación, Cruz Roja Sanitas.",630994998,"Calle Rampa de Abastos, 5",290000,3
Ceuta,85883750,"Ático en Calle Cervantes, 14",Ático,"Se vende ático de alto standing en centro de ceuta, ubicado frente a calle peatonal, tiendas de moda, comercios y cerca de correos. También se encuentra cerca el colegio Inmaculada Concepción y San Agustin. La vivenda consta de un gran recibidor, un salón de 30 metros cuadrados, una gran cocina equipada con electrodomesticos de alta gama y lavadero con tendedero y pequeña cocina exterior, 5 grandes dormitorios con amplios armarios de madera de roble, revestidos en su interior con estantes y cajoneras, 2 cuartos de baños completos, uno de ellos dentro del dormitorio principal, al que se accede por un recibidor con vestidor, las ventanas de toda la vivienda son climalit, tiene una terraza de 18 metros cubierta con toldos y con vistas a calle peatonal y comercios, aire acondicionado, parquè en salón-comedor, pasillo y recibidor. La vivienda tiene mucha luz y el edificio tiene portal de mármol de y dos ascensores con llave de seguridad para bajar a las dos plantas de garajes. En el precio va incluido también una amplia plaza de garaje. Abstenerse Agencias. Si desea más información, mándeme un correo.",629480636,"Calle Cervantes, 14",600000,5
Ceuta,101646582,"Piso en Calle Molino, 27",Piso,"Si estás buscando un piso en zona centro, con espacio suficiente para tu familia o proyecto de familia y una decoración exquisita, enhorabuena, has dado con el tu propiedad ideal. Ubicada en recinto sur y con orientación sur, esta propiedad tiene una gran luminosidad gracias a sus ventanales y al frescor de su decoración. Compuesta de tres habitaciones, una de ellas convertida en salón, cocina abierta con materiales de calidad y electrodomésticos a la altura de la misma y un baño con tonos amarillos pastel que te harán sentir en una autentica casa de revista a un precio más que justo.  El edificio contará con ascensor en los próximos meses (derrama ya pagada), zonas de aparcamiento cercanas y lo mejor de todo, a 5 minutos a pie de la calle real, conectando así con el centro neurálgico de la ciudad de Ceuta en un abrir y cerrar de ojos. ¿De verdad aún estás pensando en adquirir esta joya dentro de la perla del mediterráneo? Te animamos a visitar nuestra propiedad exclusiva en Recinto Sur de la mano de nuestros agentes inmobiliarios. ¿A qué esperas? Si tiene cualquier duda contacte con nosotros a través de nuestro teléfono de atención al cliente o de nuestras redes sociales @laperlarealestate.",856630758,"Calle Molino, 27",170000,3
Ceuta,100571117,"Piso en Calle Serrano Orive, 1",Piso,-,951124175,"Calle Serrano Orive, 1",420000,3
Ceuta,97370804,Piso en Calle Romero Córdoba,Piso,"La vivienda tiene una superficie de 118.75 metros cuadrados construidos y 95.03 metros cuadrados útiles, compuesto por tres dormitorios, dos baños, salón-comedor, cocina y una terraza.  Piso situado en un edificio de ocho alturas sobre rasante y dos alturas bajo rasante. El edificio tiene una antigüedad de 13 años, construido en el año 2007, con ascensor.  Se encuentra ubicado en la localidad de Ceuta.  En los alrededores se puede encontrar: - Restaurantes, Hoteles y alojamientos, Centros educativos, Centros sanitarios, Centros comerciales, Gimnasios y centros deportivos, etc..",917907541,Calle Romero Córdoba,188800,3
Ceuta,94781102,"Piso en Avenida Ejercito Español, 9",Piso,-,951124175,"Avenida Ejercito Español, 9",195000,2
Ceuta,94781382,"Piso en Avenida Ejercito Español, 15",Piso,-,951124175,"Avenida Ejercito Español, 15",225000,3
Ceuta,94323179,Piso en Calle Real,Piso,Posibilidad de convertir en 3 hab + 2 baños + Salon Y Cocina.,951124175,Calle Real,200000,2
Ceuta,99431948,"Piso en Avenida Alcalde José Victori Goñalons, 19",Piso,"PROPIEDAD EN EL CENTRO DE CEUTA.  Plaza de garaje incluida! PRECIO NEGOCIABLE! Increíble inmueble en el corazón de la ciudad. Sus alrededor de 122 metros cuadrados se distribuyen de la siguiente manera: Recibidor, espacioso salón comedor con grandes ventanales, cuatro dormitorios uno de ellos con baño en suite, y vestidor, 3 de ellos con armarios empotrados, otro baño completo con plato de ducha recientemente reformado íntegramente, amplia cocina que da acceso a una cómoda solana con su zona de lavado y tendedero. Situado en una tercera planta con ascensor, la vivienda es totalmente exterior con lo cual es muy luminosa, siendo éste un detalle muy importante. Destacar sobre todo su ubicación, a pocos metros del Mercado Central de Abastos de Ceuta, de la calle Real conocida como la zona comercial por excelencia, varios reconocidos supermercados, colegios, y un sin fin de servicios necesarios para nuestro día a día, y cómo no, a un par de minutos del precioso paseo donde podrá deleitar de las principales playas en el centro de la ciudad. Se vende con PLAZA DE GARAJE y trastero de 12 m² incluido en el precio.  Una propiedad que no te dejará indiferente, dada la alta demanda que tiene la zona. Para más información no dudes en contactar con nosotros y te informaremos sobre lo que necesites saber.",692588477,"Avenida Alcalde José Victori Goñalons, 19",375000,4
Ceuta,97909887,Piso en Antioco,Piso,vistas al mar.,951124175,Antioco,470000,4
Ceuta,97030500,Piso en molino,Piso,-,951124175,molino,175000,2
Ceuta,99937652,Piso en Calle velarde,Piso,-,951124175,Calle velarde,365000,4
Ceuta,98051397,Ático en Real,Ático,-,951124175,Real,510000,5
Ceuta,102307991,Piso en Residencial Sardinero s/n,Piso,"En la septima planta del residencial sardinero, se vende amplio piso exterior, con vistas al monte, compuesto de cuatro dormitorios, amplio salon comedor con terraza cubierta, en el dormitorio principal tiene un baño completo, y el piso cuenta con un vestidor forrado de madera, se queda totalmente amueblado como se aprecia en las fotos. Plaza de garaje y trastero incluidos en el precio.",856630043,RESIDENCIAL SARDINERO s/n,360000,4
Ceuta,99679179,"Piso en Avenida España, 29",Piso,"Se vende piso amueblado en la Rotonda del Sardinero. Consta de 3 dormitorios, salón, dos cuartos de baño completos, cocina completa, terraza-lavadero y entrada. 3 armarios empotrados. Exterior, con dos ascensores. Excelente ubicación con todos los servicios cerca (Supermercados, transporte, etc, ) Contacto Ramón Telf. 609200104.",609200104,"Avenida España, 29",210000,3
Ceuta,99459259,"Piso en Calle Real, 93",Piso,"Vendo piso céntrico de 87m con una patio de 27m. Consta de dos dormitorios, el principal con baño in suite, dos baños completos, salón-comedor, cocina y lavadero.",658074893,"Calle Real, 93",210000,2
Ceuta,102198195,"Piso en real, 22",Piso,"Se vende dúplex en la zona del centro, mas concreto en la calle Real, es un edificio antiguo con su restauración correspondiente, amplio piso de cinco dormitorios, con tres baños, se necesita reformas, zonas comunes amplias, terrazas y balcones en la gran mayoria de los dormitorios, Y CON UN SOLARIUM con acceso exclusivo desde la vivienda.",856630043,"real, 22",350000,5
Ceuta,102231919,"Piso en Avenida Ejército Español, 15",Piso,"Se vende piso, moderno y totalmente equipado, en perfecto estado. Edificio de nueva construcción con solo diez años.",669282510,"Avenida Ejército Español, 15",200000,3
Ceuta,102378875,"Piso en Calle Solis, 3",Piso,"Se vende piso en el centro de Ceuta, edificio San Luis, completamente reformado, todas las ventanas al exterior, segundo garaje opcional.",699790663,"Calle Solis, 3",475000,4
Ceuta,102235187,"Dúplex en almirante lobo, 2",Duplex,Atico dúplex. Solarium con piscina. Terraza en dormitorios. Garaje incluido. Tfno. 6 3 6 4 3 6 0 5 0.,-,"almirante lobo, 2",550000,4
Ceuta,101511285,"Piso en Calle Marqués de Santa Cruz, 2",Piso,-,660840701,"Calle Marqués de Santa Cruz, 2",300000,5
Ceuta,96478272,"Casa independiente en Carretera de Benítez, 23",Chalet,"Se vende chalet Villa Africa"" en carretera Benitez nº23, primera linea de playa junto al paseo marítimo con muy buenas vistas de la playa. 7 habitaciones muy amplias, 2 plazas de garaje, etc. 850 m2 de terreno y unos 390 m2 construidos. Contacto directo con la propietaria (""NO"" inmobiliaria). - 7 habitaciones muy amplias. - 2 baños. - trastero. - Jardin. - 2 plazas de garaje. - Lavadero exterior cubierto. - Primera linea de playa con muy buenas vistas. - 850 m2 de terreno y 390 m2 construidos. Victoria, Tlf: 606890807.""",606890807,"Carretera de Benítez, 23",520000,7
Ceuta,102056506,"Piso en Polígono Virgen de África, 45",Piso,"Se vende magnífico piso con ascensor en el Polígono (al lado del Eroski del Polígono) Está reformado y listo para entrar a vivir.  Es todo exterior, tiene mucha luz y magníficas vistas.  - Tres habitaciones  - Salón  - Cocina  - Lavadero muy amplio  - Baño con ducha  - Armarios empotrados  - Aire Acondicionado frío/calor  Está en una zona muy tranquila y cerca de Institutos, Colegios, Farmacia, Centro de Salud, Supermercados, Parking, Parques infantiles, Centro de Jubilados, Playa …. , Más información por privado.",696351530,"Polígono Virgen de África, 45",180000,3
Ceuta,100381042,"Piso en Calle Marte, 22",Piso,"Salón-comedor, gran cocina, 2 dormitorios espaciosos, baño completo con gran ducha y aseo. *Piso totalmente REFORMADO en Zurrón, se rehízo entero con una distribución muy práctica y cambio de todas las instalaciones. *Doble fachada y muy luminoso. *Se entrega totalmente amueblado (como aparece en las fotos). *60 m2 útiles con dos dormitorios: de matrimonio y otro muy amplio. *Cocina muy grande reformada en madera con electrodomésticos y totalmente equipada. *Dos baños: uno completo con gran ducha y un aseo. *Terraza cerrada para zona de lavadora, tendedero y calentador. *Toda la instalación eléctrica y fontanería ha sido renovada. *Comunidad muy barata de 30 € mensuales. *Parada de autobús justo enfrente. *Zona con muchos pequeños comercios y gran supermercado Dia para hacer todo a pie. *Colegios muy cercanos. *Está para entrar a vivir.",644202533,"Calle Marte, 22",135000,2
Ceuta,102304666,Piso en Calle de Velarde s/n,Piso,"Se vende piso en la zona del centro, calle Velarde, piso en 1º planta, con dos dormitorios ( antes tres ) con cocina abierta al salon con isla que da al salon, apreciando la amplitud del mismo. Dormitorios con ventanas GRANDES a la calle principal. Zona de lavedero con gran capacidad de desahogo o almacenaje, baño con plato ducha. VER SIN COMPROMISO.",856630043,Calle de Velarde s/n,157000,2
Ceuta,102304539,Piso en Juan Carlos i s/n,Piso,"Se vende piso en la zona de juan carlos I, tiene tres dormitorios ( uno convertido en comedor) amplio salon, donde en la entrada te ecuentras un altillo para almacenaje, cocina con zona para comer reformada. Armarios empotrados, la vivienda se queda amueblada en todas las dependencias, en el precio INCLUYE dos trasteros, reformados con alicatado y luz interior.",856630043,JUAN CARLOS I s/n,90000,3
Ceuta,101269113,"Piso en Avenida Virgen de Africa, 43",Piso,"Estupendo piso de 3 habitaciones disponible para la venta! Ubicado en  un edificio bien mantenido. Este piso luminoso y espacioso ofrece una gran cantidad de luz natural y cuenta con una hermosa vista exterior.  Dispone de una gran cocina, una generosa área de estar y comedor, y un acogedor balcón perfecto para disfrutar de su café matutino o relajarse por las noches. Esta propiedad es ideal para personas con movilidad reducida, familias con carritos de bebés.. . ya que cuenta con rampa de acceso al edificio, y dos amplios ascensores. Además, la ubicación es perfecta para familias con niños en edad escolar, ya que se encuentra cerca de dos escuelas, Colegio Público Juan Morejón, e IES ABYLA.   Los entusiastas del deporte también apreciarán la proximidad al polideportivo al aire libre. A menos de cinco minutos a pie mayores jubilados pueden pasar tardes entretenidas en el IMSERSO, o dar largos paseos por las amplias calles del barrio. Otras comodidades en la zona incluyen el Centro de Salud Otero, amplio estacionamiento para automóviles. Fácil acceso al transporte público y taxi. También hay numerosas tiendas y restaurantes en las cercanías, incluyendo un supermercado y quioscos. ¡No pierda la oportunidad de ser dueño de este fantástico piso! Para más información contacte al número de movil.",606563293,"Avenida Virgen de Africa, 43",160000,3
Ceuta,1866032,"Estudio en Calle Fernandez, 9",Estudio,"DISPONIBLE LA VENTA. Estudio en centro de ceuta, 44 m2 construidos ficha catastral, salón comedor, 1 baño completo, cocina equipada, amueblado, armario empotrado, exterior, bajo. Ideal inversión (para alquiler 500? /mes) o compra para desgravacion vivienda irpf  distribución:  2 vecinos en el edificio  la casa dispone de:  portero automático.",666659960,"Calle Fernandez, 9",98000,0
Ceuta,101496959,"Piso en Puente del Valle, 10",Piso,Se vende apartamento en Urb. Jardines del Hacho II (junto al Campos Universitario). Precio 170.000 (no negociables) Se vende apartamento de un dormitorio amueblado y equipado ubicado en zona muy tranquila junto al campus Universitario. Ideal como inversión (potencial de alquiler alto). El precio de venta incluye una plaza de garaje (35 metros cuadrados con capacidad para aparcar un vehículo todoterreno y dos motocicletas) y un trastero (7 metros cuadrados). La terraza tiene vistas al monte y al mar como puede observarse en las fotos del anuncio. amueblado y cocina independiente equipada.,-,"Puente del Valle, 10",170000,1
Ceuta,94780919,"Piso en Calle Canalejas, 1",Piso,precio calidad.,951124175,"Calle Canalejas, 1",225000,2
Ceuta,102325970,"Ático en Calle Real, 40",Ático,"Ático exterior en calle Real con vistas al estrecho y amplia terraza, decorado por estudio de decoración José Manuel Morales de Málaga, se vende completamente amueblado ya que el mobiliario está hecho a medida para la vivienda, aire acondicionado centralizado por conducto con temperaturas independientes por habitación, primeras calidades: Porcelanosa, Hans Grohe, Daikin, tapicería Gaston y Daniela, Villeroy & Bosch, Hastens, maderas nobles, electrodomésticos Siemens, mobiliario terraza Green Design. El precio incluye dos plazas de garaje y un trastero con electricidad. En el video en 3D puede ver la vivienda tal como se vende.",638150892,"Calle Real, 40",900000,9
Ceuta,674832,"Piso en Avenida Ejército Español, 15",Piso,"Vivienda de 3 dormitorios en el corazón de Ceuta. Materiales y acabados de lujo, calidad y comodidad en un entorno urbano inmejorable. Distribución: 3 habitaciones dobles, baño y aseo. Suelo de mármol ventanas de aluminio rotura puente térmico contraventanas de aluminio rotura puente térmico.",919388933,"Avenida Ejército Español, 15",218500,3
Ceuta,100545904,"Piso en Calle 108 Barriada los Rosales, 30",Piso,"Son dos viviendas en una, con una sola escritura. Cocina grande con despensa, salón, 5 dormitorios y 2 baños. También con 2 trasteros.",662474591,"Calle 108 Barriada los Rosales, 30",190000,5
Ceuta,101863076,"Piso en Calle Recinto Sur, 41",Piso,"Se vende piso en el Recinto. Maravillosas vistas. 2 dormitorios, salón-comedor, cocina independiente y cuarto de baño.",609435690,"Calle Recinto Sur, 41",170000,2
Ceuta,95048478,"Piso en Paseo del Revellín, 7",Piso,"Se vende piso en el Paseo del Revellin de 200m de vivienda y 125m de terraza. Tiene 3 habitaciones, 3 baños, 1 salida, 1 salón grande, cocina y terraza. Se entrega amueblado.  Para cualquier consulta llamar a  Angel 619073464.",619073464,"Paseo del Revellín, 7",650000,3
Ceuta,97387571,"Chalet pareado en Carretera Monte Hacho, 16",Chalet,"Casa adosada con siete plantas, salón con chimenea y terraza de 50 metros.",657120559,"Carretera Monte Hacho, 16",350000,4
Ceuta,100251663,"Piso en Calle Agustina de Aragón, 2",Piso,Se vende completamente amueblada. Carpinteria exterior de madera climalit perfil europeo aislante térmico y acústico.,638952020,"Calle Agustina de Aragón, 2",350000,4
Ceuta,99412190,"Piso en Calle Pedro de Meneses, 1",Piso,"Magnífico piso en pleno centro de Ceuta (zona Plaza de los Reyes). Amplio salón con terraza, recibidor, dos dormitorios con pasillo independiente del resto de la casa, sala de estar, cocina, dos cuartos de baño. Totalmente amueblado. Luminoso.",630970585,"Calle Pedro de Meneses, 1",260000,2
Ceuta,95556065,"Casa independiente en Barriada el Sarchal, 106 Vivienda",Chalet,Se vende terreno de 278/m² con 2 patios. Vivienda y 2 trasteros (total 137/m²). Para más información póngase en contacto por privado.,650418185,"Barriada el Sarchal, 106 Vivienda",130000,2
Ceuta,101852503,"Piso en Calle Loma del pez, 1",Piso,"Casa completamente amueblada con garaje, consta de 3 dormitorios amplios, cocina totalmente equipada con electrodomésticos, cuarto de baño completo, aseo, patio, garaje con capacidad de dos motos y un coche. Ventanas vistas al mar, al lado de la playa.",686160829,"Calle Loma del pez, 1",240000,3
Ceuta,100558918,"Chalet adosado en Urbanización San Antonio, 2",Chalet,"Vivienda duplex a tres fachadas con vestidor, patio y cochera. Orientación estrecho de Gibraltar.",606215026,"Urbanización San Antonio, 2",400000,4
Ceuta,100801514,"Piso en Calle Isidoro Martínez, 1",Piso,"Cuatro dormitorios, armarios empotrados, aire acondicionado y calefacción, cocina amueblada, garaje y piscina. Muy céntrico y luminoso.",689888162,"Calle Isidoro Martínez, 1",310000,4
Ceuta,102069317,"Casa independiente en colonia weil, 26",Chalet,"Se Vende casa unifamiliar de tres plantas en la Colonia Weil.  La vivienda consta de salón, cocina, 1 aseo, 2 baños completos, 4 habitaciones, trastero, 1 terraza, 1 solarium. Datos de interés: - Año de construcción 2011. Nueva completamente (cimientos incluídos) - Aire acondicionado en toda la casa. - Instación de fibra óptica preparada. - Armarios empotrados a medida por toda la escalera y en 2 dormitorios. - Dejo la cocina completa (muebles y electrodomésticos). - Dejo los muebles de la terraza, las tumbonas, la piscina desmontable (comprada en 2022) y la depuradora. - Dejo también una segunda nevera, un sofá-cama y unos muebles de salón en la planta de la terraza. - Zona tranquila. - Parada de autobús y parada de taxi al lado. - Farmacia. - Centro comercial Parque Ceuta a 5 minutos andando. - Varios comercios y restaurantes en la zona. - Cerca de colegios e institutos.",606585399,"colonia weil, 26",275000,4
Ceuta,102049999,"Casa independiente en Pasaje de la salud, 30",Chalet,"casa de dos plantas con terraza y tendedero, habitaciones amplios, y una cocina muy amplia zona tranquila. 185.000 precio negociable.",667010633,"Pasaje de la salud, 30",185000,3
Ceuta,101333650,"Piso en Polígono Virgen de África, 4",Piso,"Se vende piso totalmente reformado con aire acondicionado, todo exterior, con mucha luz y con magníficas vistas.  Es un edificio de solo 12 vecinos.  Tiene salón-comedor, tres habitaciones, un baño con ducha, cocina con un amplio lavadero, armarios empotrados revestidos, aire acondicionado ( frio- calor )…. Está totalmente reformado ( también circuito de luz y tuberías de agua ). Cerca de supermercados, colegios, institutos, centro de salud, farmacia, polideportivo, playa, hogar del pensionista….",696351530,"Polígono Virgen de África, 4",180000,3
Ceuta,100596341,"Piso en Avenida del Ejercito Español, 15",Piso,"Residencial doncel I, viviendas de obra nueva en pleno centro de ceuta"" Duplex de dos dormitorios en el corazón de ceuta. Materiales y acabados de lujo, calidad y comodidad en un entorno urbano inmejorable... : Habitaciones dobles, armarios empotrados, suelo del baño de mármol, ventanas de aluminio rotura puente térmico, posibilidad de alquilar garaje y trastero en la misma finca.""",919388933,"Avenida del Ejercito Español, 15",178000,2
Ceuta,102206011,"Piso en Calle Almirante Lobo, 1",Piso,"Magnifico apartamento en zona centro, con ascensor, totalmente amueblado con electrodomésticos, 2 armarios empotrados, consta de salón-comedor, dormitorio, baño y cocina, todo con ventanas, exterior. Tiene plaza de aparcamiento en el edificio, incluida en el precio.",722688669,"Calle Almirante Lobo, 1",178000,1
Ceuta,97913710,Piso,Piso,Vivienda de calidad tipo familiar en el centro.,951124175,Zona Centro,680000,5
Ceuta,97710606,Piso en Fructuoso Miaja,Piso,Se vende amueblada completamente.,951124175,Fructuoso Miaja,275000,2
Ceuta,89017030,"Piso en Carretera de la Puntilla, 5 d",Piso,-,-,"Carretera de la Puntilla, 5 D",250000,4
Ceuta,100958580,"Piso en Calle Romero Córdoba, 52",Piso,El inmueble (PISO) se encuentra situado en el municipio de CEUTA (CEUTA).,936174979,"Calle Romero Córdoba, 52",115000,3
Ceuta,101931157,"Piso en C/Real, 32",Piso,"piso en pleno centro de Ceuta, suelo de mármol, cuarto de baño con jacuzzi, placas solares para agua caliente, persianas aluminio eléctricas.",696410991,"C/Real, 32",190000,1
Ceuta,102286018,"Piso en Avenida Ejército Español, 22",Piso,"Se vende vivienda completamente reformada incluyendo electricidad y tuberías, vistas impresionantes.",669914040,"Avenida Ejército Español, 22",108000,2
Ceuta,102305654,"Piso en Calle Real, 106",Piso,-,636197545,"Calle Real, 106",238000,2
Ceuta,102183338,"Piso en Calle Dr. Marañón, 22",Piso,-,686137034,"Calle Dr. Marañón, 22",150000,3
Ceuta,102122472,"Piso en Calle Sargento Coriat, 12",Piso,"Piso a 1 minuto de la plaza de los reyes, muy luminoso y fácil acceso tanto por el portal como por el garaje (plaza de hacienda) 3 habitaciones amplias, abstenerse curiosos solo gente interesada.",660242136,"Calle Sargento Coriat, 12",215000,3
Ceuta,98597106,"Piso en Calle Álvarez, 2",Piso,"Casa muy grande y espaciosa en pleno centro con cocina comedor, salón, 5 dormitorios y 3 baños. Dormitorio principal con baño en suite + vestidor. 2 plazas de garaje juntas y muy espaciosas. Ideal para familias numerosas.",618864150,"Calle Álvarez, 2",475000,5
Ceuta,101490320,"Piso en Calle Alcalde Clemente Calvo Pecino, 4",Piso,"Situado en zona centro, buena luminosidad, ventanas PVC con doble acristalamiento, armarios empotrados, doble techo con instalación internet y tv en todas las habitaciones. Existe garaje opcional para ofrecer.",667114168,"Calle Alcalde Clemente Calvo Pecino, 4",230000,3
Ceuta,95575960,"Piso en Carretera de Benítez, 21",Piso,Piso en venta en Playa Benítez.,696864139,"Carretera de Benítez, 21",220000,4
Ceuta,96392141,"Piso en Calle Agustina de Aragón, 4",Piso,"Oportunidad, venta directa, piso en el centro de Ceuta, Calle Agustina de Aragón 4. Precio negociable. Tercer piso con ascensor, 98 metros cuadrados, 2 dormitorios amplios, salón comedor (reformado, antes eran dos habitaciones), cocina, baño completo y servicio pequeño, lavadero, con balcón a patio interior. Contacto solo interesados.",607863850,"Calle Agustina de Aragón, 4",190000,3
Ceuta,98932817,"Piso en Calle Real, 22 -4º",Piso,"Esta vivienda cuenta con una escalera interior que accede a un lavadero, aseo y azotea. La azotea tiene 139 m2, es un bien común de uso privativo del propietario de la vivienda.",600786734,"Calle Real, 22 -4º",325000,7
Ceuta,101352571,"Piso en Calle Amargura, 4",Piso,"Nueva! 5ª planta con terraza. Preciosa vivienda de obra nueva, en residencial fénix. Amueblada. Dos dormitorios. 1 baño. Ascensor. Zonas comunes. A 2 minutos de plaza de los reyes a pie. Edificio de reciente construcción. Garaje con o sin trastero opcional.",609592481,"Calle Amargura, 4",227000,2
Ceuta,101894398,"Piso en Calderón de la Barca, 16",Piso,"Se vende piso en zona Villajovita, 3 habitaciones, 2 baños, salón y cocina, garaje y trastero.",646478045,"Calderón de la Barca, 16",195000,3
Ceuta,28860405,"Estudio en Calle María Salud Tejero, 16",Estudio,Apartamento en Residencial la Tahona fase II. Muy centrico y situado en una zona tranquila con jardines comunes y zonas comunitarias. Posibilidad de alquiler con derecho a compra. Interesados llamar al 619073464 (Angel).,619073464,"Calle María Salud Tejero, 16",148000,0
Ceuta,88357105,"Piso en Avenida Ejército Español, 3",Piso,"Totalmente reformada, muy luminosa.",-,"Avenida Ejército Español, 3",175000,3
Ceuta,98768399,"Piso en González Besada, 4",Piso,"Se vende piso en 3° planta, distribuido en tres habitaciones, salón, cocina, lavadero y baño, vivienda muy luminosa, habitaciones amplías con armarios empotrados, ventanas con doble acristalamiento, Este piso está listo para mudarte y disfrutar de su enclave privilegiado en el centro de la ciudad, rodeado de todo tipo de servicios como colegios, farmacias, tiendas, supermercados, transporte público.. . VISÍTELO SIN COMPROMISO.",620055956,"González Besada, 4",210000,3
Ceuta,100077675,"Piso en Plaza azcárate, 1",Piso,"Casa completamente amueblada, con dos habitaciones, una de matrimonio con vestidor y otra de doble cama con armario empotrado de 4 puertas. baño con ducha hidromasaje y aseo. Cocina con barra americana al salón.",676604796,"Plaza azcárate, 1",215000,2
Ceuta,81215613,"Piso en Calle Teniente Pacheco, 5",Piso,"Apartamento en venta en el centro. Totalmente amueblado y equipado (lavadora, lavavajillas, nevera, horno microondas.. . ). Consta de entrada, salón, cocina americana, cuarto de baño, un dormitorio y terracita. Tiene tres armarios empotrados, uno de tres puertas y otro de una en el dormitorio, y uno más de dos puertas en el pasillo. Es una segunda planta luminosa. El precio de venta es de 148.000 euros.",657322856,"Calle Teniente Pacheco, 5",148000,1
Ceuta,100593573,"Piso en Carretera Monte Hacho, 19",Piso,"Apartamento céntrico, cerca la de la universidad.",609593103,"Carretera Monte Hacho, 19",120000,1
Ceuta,100239440,"Piso en Calle Alcalde Clemente Calvo Pecino, 5",Piso,"Situado en zona centro, soleado, gran tendedero, bien equipado, mobiliario a estrenar, listo para entrar a vivir.",650280748,"Calle Alcalde Clemente Calvo Pecino, 5",230000,3
Ceuta,101346834,"Chalet adosado en Urb el pinar, 5",Chalet,"Consta de, 5 dormitorios, 3 baños, salóncomedor, sala, cocina, cocina exterior, patio con barbacoa y capacidad para 3 coches, 5 balcones y 1 azotea.  A parte tenemos otra vivienda para alquiler y consta de, 2 dormitorios, 1 baño, cocina, salóncomedor, trastero interior y trastero exterio, patio independiente, y entrada independiente... ”  barrio tranquilo, en Urb el Pinar n’5.",660289368,"Urb el pinar, 5",480000,5
Ceuta,95575960,"Piso en Carretera de Benítez, 21",Piso,Piso en venta en Playa Benítez.,696864139,"Carretera de Benítez, 21",220000,4
Ceuta,100130958,"Piso en Avenida Reyes Católicos, 41",Piso,Vivienda en edificio con acceso para dos viviendas. 91m2. Bien conservada. Amplia azotea con dos trasteros. Primer trastero de 16 m2. Solo dos vecinos en el edificio. Vistas al mar y a la montaña. Primera línea de la avenida Reyes Católicos. Entorno residencial y comercial. Hay un colegio público muy cercano y parada de autobús. Precio negociable.,615185168,"Avenida Reyes Católicos, 41",150000,3
Ceuta,102071928,"Piso en Plaza Maestranza, 15",Piso,"PISO EN VENTA EN PLAZA DE MAESTRANZA.  3 dormitorios, salón-comedor, cocina independiente con patio, 2 cuartos de baño. Posibilidad de garaje fuera de precio.",609435690,"Plaza MAESTRANZA, 15",265000,3
Ceuta,101346834,"Chalet adosado en Urb el pinar, 5",Chalet,"Consta de, 5 dormitorios, 3 baños, salóncomedor, sala, cocina, cocina exterior, patio con barbacoa y capacidad para 3 coches, 5 balcones y 1 azotea.  A parte tenemos otra vivienda para alquiler y consta de, 2 dormitorios, 1 baño, cocina, salóncomedor, trastero interior y trastero exterio, patio independiente, y entrada independiente... ”  barrio tranquilo, en Urb el Pinar n’5.",660289368,"Urb el pinar, 5",480000,5
Ceuta,81215613,"Piso en Calle Teniente Pacheco, 5",Piso,"Apartamento en venta en el centro. Totalmente amueblado y equipado (lavadora, lavavajillas, nevera, horno microondas.. . ). Consta de entrada, salón, cocina americana, cuarto de baño, un dormitorio y terracita. Tiene tres armarios empotrados, uno de tres puertas y otro de una en el dormitorio, y uno más de dos puertas en el pasillo. Es una segunda planta luminosa. El precio de venta es de 148.000 euros.",657322856,"Calle Teniente Pacheco, 5",148000,1
Ceuta,82657307,"Piso en hacho, 1",Piso,"Piso en jardines del hacho, en urbanización cerrada con jardín amplio donde podrás pasear con tranquilidad. La urbanización también dispone de ascensores. Una habitación, un baño, salón ( con una litera) y cocina americana. Consta de terraza con galería de 5 metros, ideal para tener animales. El garaje es amplio y el trastero está incluido en el precio.",649501283,"hacho, 1",172000,1
Ceuta,101794852,"Piso en Calle la Legión, 3",Piso,Piso totalmente reformado exterior con mucha luz y muy amplio.,627924975,"Calle la Legión, 3",210000,3
Ceuta,100431848,"Piso en Paseo de la Marina Española, 30",Piso,"Precioso piso para entrar a vivir, cerca de colegios, farmacias, comercios y zonas de ocio.",641240834,"Paseo de la Marina Española, 30",215000,2
Ceuta,101322335,"Piso en Calle Teniente Arrabal, 4",Piso,"Espectacular Sobreático con vistas al mar (Estrecho, Bahia norte) Amplia terraza a la se accede desde el Salon y el dormitorio principal  Todas la habitaciones son con vistas  Amplia Plaza de Garaje  Venta Directa Abstenerse intermediarios.",646921460,"Calle Teniente Arrabal, 4",460000,3
Ceuta,86612350,"Piso en Calle Manuel Olivencia Amor, 5",Piso,"196 m. Orientación sur con mucha luminosidad. Todas las habitaciones exteriores, dos de ellas con cuarto de baño incorporado. Tres cuartos de baño. Salón de 40 m con pequeña terraza. Aire acondicionado y calor azul en todas las habitaciones, salón y cocina. Cuarto de plancha y lavadero. Plaza de garaje y amplio trastero incluidos en el precio. Seis armarios empotrados. Ventanas oscilobatientes con cristal de aislamiento. Videoportero.",630945348,"Calle Manuel Olivencia Amor, 5",550000,4
Ceuta,102162436,"Piso en rampa de abastos, 1",Piso,"Piso de 80 metros cuadrados, consta de 3 habitaciones muy luminosas, 2 baños, cocina completa, salón-comedor y terraza acristalada. Tercera planta con ascensor (orientación noreste), cerca de colegios, supermercados universidad.. . Mejor ver en persona.",618136677,"rampa de abastos, 1",220000,3
Ceuta,99934203,"Piso en Calle Espino, 9",Piso,Dos garajes. la venta es opcional.,629459448,"Calle Espino, 9",195000,2
Ceuta,101963979,"Ático en Calle Velarde, 25",Ático,Las vistas son preciosas y calidad de vida en esta casa es muy buena. Ah en vez de piscina tiene jacuzzi.,620977317,"Calle Velarde, 25",599000,4
Ceuta,100657002,"Piso en Grupo Alfau, 11",Piso,"Se vende bajo en grupos alfau con 3 habitaciones, baño, salón y cocina. Piso reformado y en pleno centro.",661836444,"Grupo Alfau, 11",142000,3
Ceuta,96992170,"Chalet pareado en Carretera del Camping, 3",Chalet,"sótano, solarium, dos plazas de garaje.",699612474,"Carretera del Camping, 3",430000,4
Ceuta,100964765,"Piso en Calle Mendoza, 8",Piso,-,601182236,"Calle Mendoza, 8",265000,4
Ceuta,99528534,"Ático en Calle Colombia, 3",Ático,-,-,"Calle Colombia, 3",195000,2
Ceuta,101351885,"Piso en Avenida de África, 32",Piso,-,620040176,"Avenida de África, 32",189000,2
Ceuta,102074155,"Piso en polígono virgen de África, 10",Piso,-,-,"polígono virgen de África, 10",200000,4
Ceuta,99209476,"Chalet adosado en Pueblo San Antonio, 5",Chalet,-,680523133,"Pueblo San Antonio, 5",378000,3
Ceuta,100800231,"Piso en Calle Venezuela, 1",Piso,-,660568563,"Calle Venezuela, 1",130000,3
Ceuta,101998147,"Casa independiente en doce de diciembre, 15",Chalet,"Se vende casa unifamiliar. Consta de entrada amplia, cuatro dormitorios de los cuales el principal tiene baño completo y armario empotrado. También dispone de salón y un comedor aparte con cocina y baño completo  En la terraza hay otra pequeña cocina de verano.  Contactar por WhatsApp.",620790120,"doce de diciembre, 15",205000,4
Ceuta,97682138,"Piso en Playa Benítez, 7",Piso,Garaje en alquiler opcional.,639376020,"Playa Benítez, 7",174000,2
Ceuta,82973901,"Piso en Avenida España, 36",Piso,Dispone de un local social que está alquilado y al año sufraga los gastos de la comunidad.,672208087,"Avenida España, 36",228000,3
Ceuta,100078561,"Piso en Calle 045, 10",Piso,Vivienda reformada en buen estado listo para entrar a vivir. Mejor concertar visita para verlo.,649709014,"Calle 045, 10",145000,3
Ceuta,32145682,"Piso en Carretera de benítez, 7",Piso,"Se vende piso todo exterior, vistas al mar: muy soleado y luminoso. Consta de recibidor, salón de 30m2, cocina completa y lavadero, 4 dormitorios (todas con armarios empotrados), 2 cuartos de baño, persianas automáticas, videoportero, ascensor y también dos garajes y un trastero incluidos en el precio. Playa a unos 10 metros. 3ª Planta. Ascensor. Garaje. Amueblado. Trastero. Terraza.",666225181,"Carretera de benítez, 7",368000,4
Ceuta,100544215,"Ático en Calle la Legión, 12",Ático,-,-,"Calle la Legión, 12",400000,5
Ceuta,101029322,"Piso en Calle del Sol, 1",Piso,"Casa muy luminosa y cerda de farmacias, supermercados, colegio y autobús. La casa no está en mal estado solamente para un pintado.",635578506,"Calle del Sol, 1",125000,3
Ceuta,27483951,"Dúplex en Avenida Reyes Católicos, 29",Duplex,"El edificio está en la avenida principal, a primera linea de la carretera haciendo esquina, en muy buenas condiciones. TODA LA DOCUMENTACIÓN EN REGLA y  La fachada está hecha con cemento, hormigón formando azulejos de cristales. Son dos dúplex, puede convertirse en dos casas familiares (o una, para el que así lo quiera). No necesita reforma en ninguna habitación de la casa.",689191235,"Avenida Reyes Católicos, 29",300000,12
Ceuta,89735112,"Casa independiente en Carretera Loma Margarita, 1",Chalet,"Chalet en Loma margarita, con gran zona de césped y piscina. 1000 m2.",956510801,"Carretera Loma Margarita, 1",600000,6
Ceuta,99528822,"Piso en Edificio Huerta Del Molino, 5",Piso,"Precioso Piso en el Edificio Huerta del Molino, con orientación Sur desde toda la casa se puede ver el mar, dispone de cocina de diseño valorada en más de 10.000 euros. En el precio va incluido Garaje el cual es comunitario pero solo para 16 vecinos y todos del mismo Portal, también dispone de trastero siendo este todo el largo del garaje ( solo hay dos así en todo el garaje), en total suman 11,68 metros cuadrados.",629278681,"EDIFICIO HUERTA DEL MOLINO, 5",260000,3
Ceuta,101377844,"Piso en Calle Real, 1",Piso,-,610412493,"Calle Real, 1",650000,4
Ceuta,100617172,"Piso en Calle Sargento Coriat, 5",Piso,"Consta de comedor-estar, tres dormitorios, cocina, cuarto de baño, cuarto de aseo, terraza y galería de servicio. Tiene renovada recientemente toda la fontanería y el saneamiento y cuenta con aire acondicionado (frío/calor) en dormitorio principal y salón.",630566367,"Calle Sargento Coriat, 5",210000,3
Ceuta,100521294,"Piso en Polígono Virgen de África, 28",Piso,"Buenas el piso está reformado, en la cocina tiene despensa y es negociable.",605901182,"Polígono Virgen de África, 28",153000,3
Ceuta,28873482,"Ático en Avenida de Lisboa, 2",Ático,"Atico de dos dormitorios, completamente amueblada, terraza con barbacoa, con garaje y trastero, mucha luz y espectaculares vistas. Lista para entrar a vivir, ven a verla, te encantará. Alquiler o venta.",626275072,"Avenida de Lisboa, 2",180000,2
Ceuta,1750848,"Chalet adosado en Calle Monte Hacho, 9",Chalet,"casa soleada en entorno tranquilo, limpio y seguro. buena vecindad y cerca de la ciudad.  distribución:  terraza descubierta de 100 m2  la casa dispone de:  portero automático.",-,"Calle Monte Hacho, 9",245000,4
Ceuta,100850824,"Piso en Calle del Sol, 1",Piso,"Se vende piso zona Zurrón, 3 dormitorios, 1 baño completo, cocina con lavadero y Salón, tercera planta sin ascensor. Con posibilidad de plaza de garaje no incluida en el precio justo en frente de la vivienda en edificio bellavista 18.000 euros.",609502021,"Calle del Sol, 1",125000,3
Ceuta,102128009,"Piso en Calle Real, 90",Piso,"Piso ideal para inversión tiene alquiler serio de 1000€ mensuales, posibilidad de sacar 6 habitaciones, 3 baños, cocina y salón para alquilar por habitaciones. IDEAL PARA INVERSIÓN.",617401278,"Calle Real, 90",299000,4
Ceuta,100555486,"Piso en Calle Linares, 2",Piso,-,956516374,"Calle Linares, 2",150000,1
Ceuta,100555486,"Piso en Calle Linares, 2",Piso,-,956516374,"Calle Linares, 2",150000,1
Ceuta,100970951,"Casa independiente en Calle Marqués de Lede, 28",Chalet,-,634894982,"Calle Marqués de Lede, 28",135000,2
Ceuta,100497717,"Piso en Plaza de África, 3",Piso,-,696864139,"Plaza de África, 3",210000,1
Ceuta,99933247,"Chalet adosado en recinto, 30",Chalet,-,667010633,"recinto, 30",185000,3
Ceuta,35673325,"Chalet adosado en Playa Benitez, 3",Chalet,-,690728659,"Playa Benitez, 3",450000,3
Ceuta,102323502,"Piso en Avenida Teniente General Muslera, 1",Piso,"Piso en urbanización El Sardinero en planta 7, todo exterior 3 habitaciones 2 baños armarios empotrados cocina amplia, terraza y lavadero orientación sur.",606407619,"Avenida Teniente General Muslera, 1",235000,3
Ceuta,94833403,"Piso en Calle Nicaragua, 4",Piso,Precio negociable.,664009946,"Calle Nicaragua, 4",175000,4
Ceuta,101104622,"Piso en general serrano orive, 22",Piso,-,-,"general serrano orive, 22",365000,3
Ceuta,101283451,"Piso en dueñas, 11",Piso,-,602442172,"dueñas, 11",199000,2
Ceuta,97206210,"Piso en Calle Real, 38",Piso,"Piso de 143 metros cuadrados con entrada en Calle Agustina de Aragón. Orientación sur, muy soleado y luminoso, 3ª planta con ascensor. 4 dormitorios, 2 baños, cocina, salón comedor, mirador y 3 balcones. Suelos de baldosa hidráulica centenaria. Techos muy altos, con posibilidad de doble altura. El precio final es negociable.",629756277,"Calle Real, 38",350000,4
Ceuta,95638573,"Ático en Calle Real, 1",Ático,"Piso en el centro de Ceuta en una sola planta, con dos puertas de entrada, una que da a un amplio hall y otra que da a la cocina, tiene cuatro dormitorios muy amplios, dos de ellos en suite, tres cuartos de baño, salón de 40m2, cocina muy amplia. Tiene unas vistas maravillosas a la Plaza de los Reyes y a la bocana. Garaje incluido en el precio.",630209456,"Calle Real, 1",550000,4
Ceuta,98796720,"Piso en Calle General Aranda, 2",Piso,"Fantástica vivienda de 200 metros en pleno centro de la ciudad. La vivienda dispone de dos entradas. Se distribuye en recibidor, cocina de 25 m2, 3 dormitorios dobles, 2 baños completos uno con ducha y otro con bañera, un aseo, un despacho y un amplisimo salón. La terraza recorre todo el lateral de la casa y da a la plaza de los reyes.",690028202,"Calle General Aranda, 2",480000,3
Ceuta,84564511,"Piso en Calle Real, 13",Piso,-,652115505,"Calle Real, 13",360000,3
Ceuta,100585175,"Piso en Paseo Alcalde Sánchez Prados, 6",Piso,"Magnífico apartamento situado en pleno centro de la ciudad, en una de las avenidas más emblemáticas de Ceuta.  Construido en el año 2008, se sitúa en la primera planta del edificio Ceutagran. Esta vivienda cuenta con salón-comedor, cocina americana, dormitorio y cuarto de baño.  La cocina dispone de todos los electrodomésticos. La vivienda cuenta además con aire acondicionado y calefacción.  Todas las estancias dan a la Avenida Alcalde Sánchez Prados, recientemente reformada.  Apartamento perfecto como inversión, para su posterior alquiler.",620225897,"Paseo Alcalde Sánchez Prados, 6",180000,1
Ceuta,90960963,"Casa independiente en Pasaje Calatayud, 4",Chalet,-,-,"Pasaje Calatayud, 4",160000,3
Ceuta,90960949,"Casa independiente en Pasaje Calatayud, 4",Chalet,-,-,"Pasaje Calatayud, 4",160000,3
Ceuta,92783309,"Piso en Calle Daoiz, 6",Piso,"Se vende magnifico apartamento de una habitación en pleno centro de ceuta, consta de un gran salón, una habitación con armario empotrado, cocina totalmente amueblada y baño completo. muy luminoso y esta para vivir. zona muy tranquila y muy buenos vecinos.",674581865,"Calle Daoiz, 6",172000,1
Ceuta,97434988,"Piso en Ciudad de Acicatena, 3",Piso,Trastero doble unido.,686124101,"Ciudad de Acicatena, 3",325000,4
Ceuta,98440746,"Casa independiente en Romero de Torres, 4",Chalet,"Se vende vivienda unifamiliar de 268 m² en la zona Carmelitas (El Morro)  Además de varios dormitorios y salones, la casa cuenta con 2 baños, garaje, terraza, azotea y balcón, todos con vistas al mar. Está ubicada en un barrio familiar muy tranquilo. Precio 415.000€ negociables.  Para más información y ver la casa:  Teléfono 639873804 / 618978178.",639873804,"Romero de Torres, 4",415000,9
Ceuta,85728177,"Casa independiente en Calle General Serrano Orive, 14",Chalet,"Consta de dos viviendas situadas en el centro de Ceuta, con cuatro plantas comunicadas por una escalera interior. Se adjunta foto con las caracteristicas de las viviendas.",658230810,"Calle General Serrano Orive, 14",530000,5
Ceuta,96612061,"Piso en Avenida España, 29",Piso,"Se vende piso completamente reformado en el edificio Proceme IV"" situado en la primera planta Cuenta con un gran salón con chimenea eléctrica y buena iluminación natural, cocina reformada y amueblada con patio interior como tendedero, 2 habitaciones con aire acondicionado, 2 baños y garage incluido en el precio.""",616021454,"Avenida España, 29",180000,2
Ceuta,99390119,"Piso en Calle 118 Barriada Erquicia, 6",Piso,Un piso acogedor.  Completamente amueblado.  Precio negociable.,722289483,"Calle 118 Barriada Erquicia, 6",65000,2
Ceuta,100023185,"Piso en Calle Hernán Cortés, 1",Piso,"Bonita vivienda cerca del Hospital Militar, soleada, luminosa, todo exterior. Tiene dos dormitorios, salón comedor, cocina independiente, un baño y un trastero. Muy buena zona.",652678728,"Calle Hernán Cortés, 1",105000,2
Ceuta,27397353,"Piso en Calle Espino, 9",Piso,-,680260619,"Calle Espino, 9",185000,2
Ceuta,99140283,"Piso en Calle Doctor Marañón, 14",Piso,Piso en venta en buen estado.,663084172,"Calle Doctor Marañón, 14",125000,2
Ceuta,96525062,"Piso en Calle Teniente Coronel Gautier, 32",Piso,-,631297370,"Calle Teniente Coronel Gautier, 32",138000,3
Ceuta,99001797,"Piso en Calle Colombia, 3",Piso,Se vende amueblado.,604408143,"Calle Colombia, 3",210000,3
Ceuta,96398950,"Chalet adosado en Pasaje Estrella, 16",Chalet,-,604366973,"Pasaje Estrella, 16",180000,3
Ceuta,99265946,"Piso en Polígono Virgen de África, 29",Piso,-,665410235,"Polígono Virgen de África, 29",152000,3
Ceuta,97314416,"Piso en Calle Real, 21",Piso,-,628721245,"Calle Real, 21",250000,3
Ceuta,99281226,"Piso en Calle Vasco Núñez de Balboa, 5",Piso,-,613707674,"Calle Vasco Núñez de Balboa, 5",100000,2
Ceuta,99011864,"Casa independiente en Carretera Benzu, 23 f",Chalet,Se vende vivienda adosada en benzu consta de 3 dormitorios amplios salón grande y comedor dos baños cocina grandes además cuenta con una terraza una azotea y un sótano 40m2 con posibilidad de reformar y darle cualquier uso  Más información por privado fotos y demás.,685777704,"Carretera Benzu, 23 F",187000,3
Ceuta,34843414,"Piso en Calle Daoiz, 6",Piso,"Se vende magnifico piso en pleno centro consta de un dormitorio con armario empotrado, salon comedor bastante amplio, cocina americana y baño. Esta muy bien situado cerca de zonas d ocio, colegios, tiendas.. . El piso tiene unos 12 años de antiguedad y esta diseñados con materiales de primera calidad. 172000NEGOCIABLES. Playa a unos 200 metros. 4ª Planta. Ascensor. Amueblado.",674581865,"Calle Daoiz, 6",172000,1
Ceuta,100039077,"Piso en Calle Agustina de Aragón, 4",Piso,"Se vende piso en pleno centro compuesto de cuatro habitaciones, 2 cuartos de baño, salón muy amplio y patio interior, tiene 144 metros cuadrados, el estado actual del piso es a reformar, interesados contactar vía email o llamada.",603661198,"Calle Agustina de Aragón, 4",230000,4
Ceuta,100162725,"Piso en Barriada la Libertad, 90",Piso,"Piso a reformar en Grupos Solís, zona ajardinada, peatonal, colegio cercano, farmacias, tiendas. Abstenerse inmobiliarias.",-,"Barriada la Libertad, 90",80000,2
